รหัสพรรณไม้,ชื่อพรรณไม้,ชื่อวิทยาศาสตร์,ชื่อวงศ์,ลักษณะวิสัย,ลักษณะเด่นของพืช,บริเวณที่พบ
7-31170-001-001/1,น้ำเต้าต้น น้ำเต้าญี่ปุ่น,Crescentia cujete L.,BIGNONIACEAE,ไม้ต้น,ดอกออกตามลำต้น,พื้นที่ศึกษาที่ 1 ข้างอาคารสิ่งแวดล้อม ด้านทิศตะวันออก
7-31170-001-001/2,น้ำเต้าต้น น้ำเต้าญี่ปุ่น,Crescentia cujete L.,BIGNONIACEAE,ไม้ต้น,ดอกออกตามลำต้น,พื้นที่ศึกษาที่ 5 พื้นที่หลังอาคาร 1
7-31170-001-002/1,กระถินณรงค์,Acacia auriculaeformis A. Cunn. ex Benth.,LEGUMINOSAE-MIMOSOIDEAE,ไม้ต้น,ลำต้นเหนือดิน ดอกสีเหลืองเหนียว,พื้นที่ศึกษาที่ 1 ข้างอาคารสิ่งแวดล้อม ด้านทิศตะวันออก
7-31170-001-002/2,กระถินณรงค์,Acacia auriculaeformis A. Cunn. ex Benth.,LEGUMINOSAE-MIMOSOIDEAE,ไม้ต้น,ลำต้นเหนือดิน ดอกสีเหลืองเหนียว,พื้นที่ศึกษาที่ 3 ทิศตะวันตกเฉียงเหนือ ข้างอาคารเกษตร
7-31170-001-002/3,กระถินณรงค์,Acacia auriculaeformis A. Cunn. ex Benth.,LEGUMINOSAE-MIMOSOIDEAE,ไม้ต้น,ลำต้นเหนือดิน ดอกสีเหลืองเหนียว,พื้นที่ศึกษาที่ 3 ทิศตะวันตกเฉียงเหนือ ข้างอาคารเกษตร
7-31170-001-002/4,กระถินณรงค์,Acacia auriculaeformis A. Cunn. ex Benth.,LEGUMINOSAE-MIMOSOIDEAE,ไม้ต้น,ลำต้นเหนือดิน ดอกสีเหลืองเหนียว,พื้นที่ศึกษาที่ 5 พื้นที่หลังอาคาร 1
7-31170-001-002/5,กระถินณรงค์,Acacia auriculaeformis A. Cunn. ex Benth.,LEGUMINOSAE-MIMOSOIDEAE,ไม้ต้น,ลำต้นเหนือดิน ดอกสีเหลืองเหนียว,พื้นที่ศึกษาที่ 5 พื้นที่หลังอาคาร 1
7-31170-001-002/6,กระถินณรงค์,Acacia auriculaeformis A. Cunn. ex Benth.,LEGUMINOSAE-MIMOSOIDEAE,ไม้ต้น,ลำต้นเหนือดิน ดอกสีเหลืองเหนียว,พื้นที่ศึกษาที่ 5 พื้นที่หลังอาคาร 1
7-31170-001-002/7,กระถินณรงค์,Acacia auriculaeformis A. Cunn. ex Benth.,LEGUMINOSAE-MIMOSOIDEAE,ไม้ต้น,ลำต้นเหนือดิน ดอกสีเหลืองเหนียว,พื้นที่ศึกษาที่ 5 พื้นที่หลังอาคาร 1
7-31170-001-002/8,กระถินณรงค์,Acacia auriculaeformis A. Cunn. ex Benth.,LEGUMINOSAE-MIMOSOIDEAE,ไม้ต้น,ลำต้นเหนือดิน ดอกสีเหลืองเหนียว,พื้นที่ศึกษาที่ 5 พื้นที่หลังอาคาร 1
7-31170-001-002/9,กระถินณรงค์,Acacia auriculaeformis A. Cunn. ex Benth.,LEGUMINOSAE-MIMOSOIDEAE,ไม้ต้น,ลำต้นเหนือดิน ดอกสีเหลืองเหนียว,พื้นที่ศึกษาที่ 7 หลังอาคาร 3
7-31170-001-002/10,กระถินณรงค์,Acacia auriculaeformis A. Cunn. ex Benth.,LEGUMINOSAE-MIMOSOIDEAE,ไม้ต้น,ลำต้นเหนือดิน ดอกสีเหลืองเหนียว,พื้นที่ศึกษาที่ 7 หลังอาคาร 3
7-31170-001-002/11,กระถินณรงค์,Acacia auriculaeformis A. Cunn. ex Benth.,LEGUMINOSAE-MIMOSOIDEAE,ไม้ต้น,ลำต้นเหนือดิน ดอกสีเหลืองเหนียว,พื้นที่ศึกษาที่ 7 หลังอาคาร 3
7-31170-001-002/12,กระถินณรงค์,Acacia auriculaeformis A. Cunn. ex Benth.,LEGUMINOSAE-MIMOSOIDEAE,ไม้ต้น,ลำต้นเหนือดิน ดอกสีเหลืองเหนียว,พื้นที่ศึกษาที่ 8 บริเวณอาคาร 4
7-31170-001-002/13,กระถินณรงค์,Acacia auriculaeformis A. Cunn. ex Benth.,LEGUMINOSAE-MIMOSOIDEAE,ไม้ต้น,ลำต้นเหนือดิน ดอกสีเหลืองเหนียว,พื้นที่ศึกษาที่ 8 บริเวณอาคาร 4
7-31170-001-002/14,กระถินณรงค์,Acacia auriculaeformis A. Cunn. ex Benth.,LEGUMINOSAE-MIMOSOIDEAE,ไม้ต้น,ลำต้นเหนือดิน ดอกสีเหลืองเหนียว,พื้นที่ศึกษาที่ 8 บริเวณอาคาร 4
7-31170-001-002/15,กระถินณรงค์,Acacia auriculaeformis A. Cunn. ex Benth.,LEGUMINOSAE-MIMOSOIDEAE,ไม้ต้น,ลำต้นเหนือดิน ดอกสีเหลืองเหนียว,พื้นที่ศึกษาที่ 9 สระน้ำข้างศาลาธรรม
7-31170-001-002/16,กระถินณรงค์,Acacia auriculaeformis A. Cunn. ex Benth.,LEGUMINOSAE-MIMOSOIDEAE,ไม้ต้น,ลำต้นเหนือดิน ดอกสีเหลืองเหนียว,พื้นที่ศึกษาที่ 9 สระน้ำข้างศาลาธรรม
7-31170-001-002/17,กระถินณรงค์,Acacia auriculaeformis A. Cunn. ex Benth.,LEGUMINOSAE-MIMOSOIDEAE,ไม้ต้น,ลำต้นเหนือดิน ดอกสีเหลืองเหนียว,พื้นที่ศึกษาที่ 9 สระน้ำข้างศาลาธรรม
7-31170-001-002/18,กระถินณรงค์,Acacia auriculaeformis A. Cunn. ex Benth.,LEGUMINOSAE-MIMOSOIDEAE,ไม้ต้น,ลำต้นเหนือดิน ดอกสีเหลืองเหนียว,พื้นที่ศึกษาที่ 9 สระน้ำข้างศาลาธรรม
7-31170-001-002/19,กระถินณรงค์,Acacia auriculaeformis A. Cunn. ex Benth.,LEGUMINOSAE-MIMOSOIDEAE,ไม้ต้น,ลำต้นเหนือดิน ดอกสีเหลืองเหนียว,พื้นที่ศึกษาที่ 9 สระน้ำข้างศาลาธรรม
7-31170-001-002/20,กระถินณรงค์,Acacia auriculaeformis A. Cunn. ex Benth.,LEGUMINOSAE-MIMOSOIDEAE,ไม้ต้น,ลำต้นเหนือดิน ดอกสีเหลืองเหนียว,พื้นที่ศึกษาที่ 9 สระน้ำข้างศาลาธรรม
7-31170-001-002/21,กระถินณรงค์,Acacia auriculaeformis A. Cunn. ex Benth.,LEGUMINOSAE-MIMOSOIDEAE,ไม้ต้น,ลำต้นเหนือดิน ดอกสีเหลืองเหนียว,พื้นที่ศึกษาที่ 9 สระน้ำข้างศาลาธรรม
7-31170-001-002/22,กระถินณรงค์,Acacia auriculaeformis A. Cunn. ex Benth.,LEGUMINOSAE-MIMOSOIDEAE,ไม้ต้น,ลำต้นเหนือดิน ดอกสีเหลืองเหนียว,พื้นที่ศึกษาที่ 9 สระน้ำข้างศาลาธรรม
7-31170-001-002/23,กระถินณรงค์,Acacia auriculaeformis A. Cunn. ex Benth.,LEGUMINOSAE-MIMOSOIDEAE,ไม้ต้น,ลำต้นเหนือดิน ดอกสีเหลืองเหนียว,พื้นที่ศึกษาที่ 9 สระน้ำข้างศาลาธรรม
7-31170-001-002/24,กระถินณรงค์,Acacia auriculaeformis A. Cunn. ex Benth.,LEGUMINOSAE-MIMOSOIDEAE,ไม้ต้น,ลำต้นเหนือดิน ดอกสีเหลืองเหนียว,พื้นที่ศึกษาที่ 9 สระน้ำข้างศาลาธรรม
7-31170-001-002/25,กระถินณรงค์,Acacia auriculaeformis A. Cunn. ex Benth.,LEGUMINOSAE-MIMOSOIDEAE,ไม้ต้น,ลำต้นเหนือดิน ดอกสีเหลืองเหนียว,พื้นที่ศึกษาที่ 11 สวนกาญจนาภิเษก
7-31170-001-002/26,กระถินณรงค์,Acacia auriculaeformis A. Cunn. ex Benth.,LEGUMINOSAE-MIMOSOIDEAE,ไม้ต้น,ลำต้นเหนือดิน ดอกสีเหลืองเหนียว,พื้นที่ศึกษาที่ 11 สวนกาญจนาภิเษก
7-31170-001-002/27,กระถินณรงค์,Acacia auriculaeformis A. Cunn. ex Benth.,LEGUMINOSAE-MIMOSOIDEAE,ไม้ต้น,ลำต้นเหนือดิน ดอกสีเหลืองเหนียว,พื้นที่ศึกษาที่ 11 สวนกาญจนาภิเษก
7-31170-001-002/28,กระถินณรงค์,Acacia auriculaeformis A. Cunn. ex Benth.,LEGUMINOSAE-MIMOSOIDEAE,ไม้ต้น,ลำต้นเหนือดิน ดอกสีเหลืองเหนียว,พื้นที่ศึกษาที่ 11 สวนกาญจนาภิเษก
7-31170-001-002/29,กระถินณรงค์,Acacia auriculaeformis A. Cunn. ex Benth.,LEGUMINOSAE-MIMOSOIDEAE,ไม้ต้น,ลำต้นเหนือดิน ดอกสีเหลืองเหนียว,พื้นที่ศึกษาที่ 12 แปลงเกษตร
7-31170-001-002/30,กระถินณรงค์,Acacia auriculaeformis A. Cunn. ex Benth.,LEGUMINOSAE-MIMOSOIDEAE,ไม้ต้น,ลำต้นเหนือดิน ดอกสีเหลืองเหนียว,พื้นที่ศึกษาที่ 12 แปลงเกษตร
7-31170-001-002/31,กระถินณรงค์,Acacia auriculaeformis A. Cunn. ex Benth.,LEGUMINOSAE-MIMOSOIDEAE,ไม้ต้น,ลำต้นเหนือดิน ดอกสีเหลืองเหนียว,พื้นที่ศึกษาที่ 12 แปลงเกษตร
7-31170-001-002/32,กระถินณรงค์,Acacia auriculaeformis A. Cunn. ex Benth.,LEGUMINOSAE-MIMOSOIDEAE,ไม้ต้น,ลำต้นเหนือดิน ดอกสีเหลืองเหนียว,พื้นที่ศึกษาที่ 12 แปลงเกษตร
7-31170-001-002/33,กระถินณรงค์,Acacia auriculaeformis A. Cunn. ex Benth.,LEGUMINOSAE-MIMOSOIDEAE,ไม้ต้น,ลำต้นเหนือดิน ดอกสีเหลืองเหนียว,พื้นที่ศึกษาที่ 12 แปลงเกษตร
7-31170-001-002/34,กระถินณรงค์,Acacia auriculaeformis A. Cunn. ex Benth.,LEGUMINOSAE-MIMOSOIDEAE,ไม้ต้น,ลำต้นเหนือดิน ดอกสีเหลืองเหนียว,พื้นที่ศึกษาที่ 12 แปลงเกษตร
7-31170-001-002/35,กระถินณรงค์,Acacia auriculaeformis A. Cunn. ex Benth.,LEGUMINOSAE-MIMOSOIDEAE,ไม้ต้น,ลำต้นเหนือดิน ดอกสีเหลืองเหนียว,พื้นที่ศึกษาที่ 12 แปลงเกษตร
7-31170-001-002/36,กระถินณรงค์,Acacia auriculaeformis A. Cunn. ex Benth.,LEGUMINOSAE-MIMOSOIDEAE,ไม้ต้น,ลำต้นเหนือดิน ดอกสีเหลืองเหนียว,พื้นที่ศึกษาที่ 12 แปลงเกษตร
7-31170-001-002/37,กระถินณรงค์,Acacia auriculaeformis A. Cunn. ex Benth.,LEGUMINOSAE-MIMOSOIDEAE,ไม้ต้น,ลำต้นเหนือดิน ดอกสีเหลืองเหนียว,พื้นที่ศึกษาที่ 12 แปลงเกษตร
7-31170-001-002/38,กระถินณรงค์,Acacia auriculaeformis A. Cunn. ex Benth.,LEGUMINOSAE-MIMOSOIDEAE,ไม้ต้น,ลำต้นเหนือดิน ดอกสีเหลืองเหนียว,พื้นที่ศึกษาที่ 12 แปลงเกษตร
7-31170-001-002/39,กระถินณรงค์,Acacia auriculaeformis A. Cunn. ex Benth.,LEGUMINOSAE-MIMOSOIDEAE,ไม้ต้น,ลำต้นเหนือดิน ดอกสีเหลืองเหนียว,พื้นที่ศึกษาที่ 12 แปลงเกษตร
7-31170-001-002/40,กระถินณรงค์,Acacia auriculaeformis A. Cunn. ex Benth.,LEGUMINOSAE-MIMOSOIDEAE,ไม้ต้น,ลำต้นเหนือดิน ดอกสีเหลืองเหนียว,พื้นที่ศึกษาที่ 12 แปลงเกษตร
7-31170-001-002/41,กระถินณรงค์,Acacia auriculaeformis A. Cunn. ex Benth.,LEGUMINOSAE-MIMOSOIDEAE,ไม้ต้น,ลำต้นเหนือดิน ดอกสีเหลืองเหนียว,พื้นที่ศึกษาที่ 12 แปลงเกษตร
7-31170-001-002/42,กระถินณรงค์,Acacia auriculaeformis A. Cunn. ex Benth.,LEGUMINOSAE-MIMOSOIDEAE,ไม้ต้น,ลำต้นเหนือดิน ดอกสีเหลืองเหนียว,พื้นที่ศึกษาที่ 12 แปลงเกษตร
7-31170-001-002/43,กระถินณรงค์,Acacia auriculaeformis A. Cunn. ex Benth.,LEGUMINOSAE-MIMOSOIDEAE,ไม้ต้น,ลำต้นเหนือดิน ดอกสีเหลืองเหนียว,พื้นที่ศึกษาที่ 12 แปลงเกษตร
7-31170-001-002/44,กระถินณรงค์,Acacia auriculaeformis A. Cunn. ex Benth.,LEGUMINOSAE-MIMOSOIDEAE,ไม้ต้น,ลำต้นเหนือดิน ดอกสีเหลืองเหนียว,พื้นที่ศึกษาที่ 12 แปลงเกษตร
7-31170-001-002/45,กระถินณรงค์,Acacia auriculaeformis A. Cunn. ex Benth.,LEGUMINOSAE-MIMOSOIDEAE,ไม้ต้น,ลำต้นเหนือดิน ดอกสีเหลืองเหนียว,พื้นที่ศึกษาที่ 12 แปลงเกษตร
7-31170-001-002/46,กระถินณรงค์,Acacia auriculaeformis A. Cunn. ex Benth.,LEGUMINOSAE-MIMOSOIDEAE,ไม้ต้น,ลำต้นเหนือดิน ดอกสีเหลืองเหนียว,พื้นที่ศึกษาที่ 12 แปลงเกษตร
7-31170-001-002/47,กระถินณรงค์,Acacia auriculaeformis A. Cunn. ex Benth.,LEGUMINOSAE-MIMOSOIDEAE,ไม้ต้น,ลำต้นเหนือดิน ดอกสีเหลืองเหนียว,พื้นที่ศึกษาที่ 12 แปลงเกษตร
7-31170-001-002/48,กระถินณรงค์,Acacia auriculaeformis A. Cunn. ex Benth.,LEGUMINOSAE-MIMOSOIDEAE,ไม้ต้น,ลำต้นเหนือดิน ดอกสีเหลืองเหนียว,พื้นที่ศึกษาที่ 12 แปลงเกษตร
7-31170-001-002/49,กระถินณรงค์,Acacia auriculaeformis A. Cunn. ex Benth.,LEGUMINOSAE-MIMOSOIDEAE,ไม้ต้น,ลำต้นเหนือดิน ดอกสีเหลืองเหนียว,พื้นที่ศึกษาที่ 14 บ้านพักครูทิศตะวันตก
7-31170-001-002/50,กระถินณรงค์,Acacia auriculaeformis A. Cunn. ex Benth.,LEGUMINOSAE-MIMOSOIDEAE,ไม้ต้น,ลำต้นเหนือดิน ดอกสีเหลืองเหนียว,พื้นที่ศึกษาที่ 14 บ้านพักครูทิศตะวันตก
7-31170-001-002/51,กระถินณรงค์,Acacia auriculaeformis A. Cunn. ex Benth.,LEGUMINOSAE-MIMOSOIDEAE,ไม้ต้น,ลำต้นเหนือดิน ดอกสีเหลืองเหนียว,พื้นที่ศึกษาที่ 14 บ้านพักครูทิศตะวันตก
7-31170-001-002/52,กระถินณรงค์,Acacia auriculaeformis A. Cunn. ex Benth.,LEGUMINOSAE-MIMOSOIDEAE,ไม้ต้น,ลำต้นเหนือดิน ดอกสีเหลืองเหนียว,พื้นที่ศึกษาที่ 14 บ้านพักครูทิศตะวันตก
7-31170-001-002/53,กระถินณรงค์,Acacia auriculaeformis A. Cunn. ex Benth.,LEGUMINOSAE-MIMOSOIDEAE,ไม้ต้น,ลำต้นเหนือดิน ดอกสีเหลืองเหนียว,พื้นที่ศึกษาที่ 14 บ้านพักครูทิศตะวันตก
7-31170-001-002/54,กระถินณรงค์,Acacia auriculaeformis A. Cunn. ex Benth.,LEGUMINOSAE-MIMOSOIDEAE,ไม้ต้น,ลำต้นเหนือดิน ดอกสีเหลืองเหนียว,พื้นที่ศึกษาที่ 15 เตาเผาถ่าน
7-31170-001-002/55,กระถินณรงค์,Acacia auriculaeformis A. Cunn. ex Benth.,LEGUMINOSAE-MIMOSOIDEAE,ไม้ต้น,ลำต้นเหนือดิน ดอกสีเหลืองเหนียว,พื้นที่ศึกษาที่ 15 เตาเผาถ่าน
7-31170-001-002/56,กระถินณรงค์,Acacia auriculaeformis A. Cunn. ex Benth.,LEGUMINOSAE-MIMOSOIDEAE,ไม้ต้น,ลำต้นเหนือดิน ดอกสีเหลืองเหนียว,พื้นที่ศึกษาที่ 15 เตาเผาถ่าน
7-31170-001-002/57,กระถินณรงค์,Acacia auriculaeformis A. Cunn. ex Benth.,LEGUMINOSAE-MIMOSOIDEAE,ไม้ต้น,ลำต้นเหนือดิน ดอกสีเหลืองเหนียว,พื้นที่ศึกษาที่ 15 เตาเผาถ่าน
7-31170-001-002/58,กระถินณรงค์,Acacia auriculaeformis A. Cunn. ex Benth.,LEGUMINOSAE-MIMOSOIDEAE,ไม้ต้น,ลำต้นเหนือดิน ดอกสีเหลืองเหนียว,พื้นที่ศึกษาที่ 15 เตาเผาถ่าน
7-31170-001-002/59,กระถินณรงค์,Acacia auriculaeformis A. Cunn. ex Benth.,LEGUMINOSAE-MIMOSOIDEAE,ไม้ต้น,ลำต้นเหนือดิน ดอกสีเหลืองเหนียว,พื้นที่ศึกษาที่ 15 เตาเผาถ่าน
7-31170-001-002/60,กระถินณรงค์,Acacia auriculaeformis A. Cunn. ex Benth.,LEGUMINOSAE-MIMOSOIDEAE,ไม้ต้น,ลำต้นเหนือดิน ดอกสีเหลืองเหนียว,พื้นที่ศึกษาที่ 15 เตาเผาถ่าน
7-31170-001-002/61,กระถินณรงค์,Acacia auriculaeformis A. Cunn. ex Benth.,LEGUMINOSAE-MIMOSOIDEAE,ไม้ต้น,ลำต้นเหนือดิน ดอกสีเหลืองเหนียว,พื้นที่ศึกษาที่ 16 หอประชุม
7-31170-001-002/62,กระถินณรงค์,Acacia auriculaeformis A. Cunn. ex Benth.,LEGUMINOSAE-MIMOSOIDEAE,ไม้ต้น,ลำต้นเหนือดิน ดอกสีเหลืองเหนียว,พื้นที่ศึกษาที่ 16 หอประชุม
7-31170-001-002/63,กระถินณรงค์,Acacia auriculaeformis A. Cunn. ex Benth.,LEGUMINOSAE-MIMOSOIDEAE,ไม้ต้น,ลำต้นเหนือดิน ดอกสีเหลืองเหนียว,พื้นที่ศึกษาที่ 16 หอประชุม
7-31170-001-002/64,กระถินณรงค์,Acacia auriculaeformis A. Cunn. ex Benth.,LEGUMINOSAE-MIMOSOIDEAE,ไม้ต้น,ลำต้นเหนือดิน ดอกสีเหลืองเหนียว,พื้นที่ศึกษาที่ 16 หอประชุม
7-31170-001-002/65,กระถินณรงค์,Acacia auriculaeformis A. Cunn. ex Benth.,LEGUMINOSAE-MIMOSOIDEAE,ไม้ต้น,ลำต้นเหนือดิน ดอกสีเหลืองเหนียว,พื้นที่ศึกษาที่ 16 หอประชุม
7-31170-001-002/66,กระถินณรงค์,Acacia auriculaeformis A. Cunn. ex Benth.,LEGUMINOSAE-MIMOSOIDEAE,ไม้ต้น,ลำต้นเหนือดิน ดอกสีเหลืองเหนียว,พื้นที่ศึกษาที่ 16 หอประชุม
7-31170-001-002/67,กระถินณรงค์,Acacia auriculaeformis A. Cunn. ex Benth.,LEGUMINOSAE-MIMOSOIDEAE,ไม้ต้น,ลำต้นเหนือดิน ดอกสีเหลืองเหนียว,พื้นที่ศึกษาที่ 16 หอประชุม
7-31170-001-002/68,กระถินณรงค์,Acacia auriculaeformis A. Cunn. ex Benth.,LEGUMINOSAE-MIMOSOIDEAE,ไม้ต้น,ลำต้นเหนือดิน ดอกสีเหลืองเหนียว,พื้นที่ศึกษาที่ 16 หอประชุม
7-31170-001-002/69,กระถินณรงค์,Acacia auriculaeformis A. Cunn. ex Benth.,LEGUMINOSAE-MIMOSOIDEAE,ไม้ต้น,ลำต้นเหนือดิน ดอกสีเหลืองเหนียว,พื้นที่ศึกษาที่ 16 หอประชุม
7-31170-001-002/70,กระถินณรงค์,Acacia auriculaeformis A. Cunn. ex Benth.,LEGUMINOSAE-MIMOSOIDEAE,ไม้ต้น,ลำต้นเหนือดิน ดอกสีเหลืองเหนียว,พื้นที่ศึกษาที่ 16 หอประชุม
7-31170-001-002/71,กระถินณรงค์,Acacia auriculaeformis A. Cunn. ex Benth.,LEGUMINOSAE-MIMOSOIDEAE,ไม้ต้น,ลำต้นเหนือดิน ดอกสีเหลืองเหนียว,พื้นที่ศึกษาที่ 16 หอประชุม
7-31170-001-002/72,กระถินณรงค์,Acacia auriculaeformis A. Cunn. ex Benth.,LEGUMINOSAE-MIMOSOIDEAE,ไม้ต้น,ลำต้นเหนือดิน ดอกสีเหลืองเหนียว,พื้นที่ศึกษาที่ 16 หอประชุม
7-31170-001-002/73,กระถินณรงค์,Acacia auriculaeformis A. Cunn. ex Benth.,LEGUMINOSAE-MIMOSOIDEAE,ไม้ต้น,ลำต้นเหนือดิน ดอกสีเหลืองเหนียว,พื้นที่ศึกษาที่ 16 หอประชุม
7-31170-001-002/74,กระถินณรงค์,Acacia auriculaeformis A. Cunn. ex Benth.,LEGUMINOSAE-MIMOSOIDEAE,ไม้ต้น,ลำต้นเหนือดิน ดอกสีเหลืองเหนียว,พื้นที่ศึกษาที่ 16 หอประชุม
7-31170-001-002/75,กระถินณรงค์,Acacia auriculaeformis A. Cunn. ex Benth.,LEGUMINOSAE-MIMOSOIDEAE,ไม้ต้น,ลำต้นเหนือดิน ดอกสีเหลืองเหนียว,พื้นที่ศึกษาที่ 16 หอประชุม
7-31170-001-002/76,กระถินณรงค์,Acacia auriculaeformis A. Cunn. ex Benth.,LEGUMINOSAE-MIMOSOIDEAE,ไม้ต้น,ลำต้นเหนือดิน ดอกสีเหลืองเหนียว,พื้นที่ศึกษาที่ 16 หอประชุม
7-31170-001-002/77,กระถินณรงค์,Acacia auriculaeformis A. Cunn. ex Benth.,LEGUMINOSAE-MIMOSOIDEAE,ไม้ต้น,ลำต้นเหนือดิน ดอกสีเหลืองเหนียว,พื้นที่ศึกษาที่ 16 หอประชุม
7-31170-001-002/78,กระถินณรงค์,Acacia auriculaeformis A. Cunn. ex Benth.,LEGUMINOSAE-MIMOSOIDEAE,ไม้ต้น,ลำต้นเหนือดิน ดอกสีเหลืองเหนียว,พื้นที่ศึกษาที่ 16 หอประชุม
7-31170-001-002/79,กระถินณรงค์,Acacia auriculaeformis A. Cunn. ex Benth.,LEGUMINOSAE-MIMOSOIDEAE,ไม้ต้น,ลำต้นเหนือดิน ดอกสีเหลืองเหนียว,พื้นที่ศึกษาที่ 16 หอประชุม
7-31170-001-002/80,กระถินณรงค์,Acacia auriculaeformis A. Cunn. ex Benth.,LEGUMINOSAE-MIMOSOIDEAE,ไม้ต้น,ลำต้นเหนือดิน ดอกสีเหลืองเหนียว,พื้นที่ศึกษาที่ 16 หอประชุม
7-31170-001-002/81,กระถินณรงค์,Acacia auriculaeformis A. Cunn. ex Benth.,LEGUMINOSAE-MIMOSOIDEAE,ไม้ต้น,ลำต้นเหนือดิน ดอกสีเหลืองเหนียว,พื้นที่ศึกษาที่ 16 หอประชุม
7-31170-001-002/82,กระถินณรงค์,Acacia auriculaeformis A. Cunn. ex Benth.,LEGUMINOSAE-MIMOSOIDEAE,ไม้ต้น,ลำต้นเหนือดิน ดอกสีเหลืองเหนียว,พื้นที่ศึกษาที่ 16 หอประชุม
7-31170-001-002/83,กระถินณรงค์,Acacia auriculaeformis A. Cunn. ex Benth.,LEGUMINOSAE-MIMOSOIDEAE,ไม้ต้น,ลำต้นเหนือดิน ดอกสีเหลืองเหนียว,พื้นที่ศึกษาที่ 16 หอประชุม
7-31170-001-002/84,กระถินณรงค์,Acacia auriculaeformis A. Cunn. ex Benth.,LEGUMINOSAE-MIMOSOIDEAE,ไม้ต้น,ลำต้นเหนือดิน ดอกสีเหลืองเหนียว,พื้นที่ศึกษาที่ 16 หอประชุม
7-31170-001-002/85,กระถินณรงค์,Acacia auriculaeformis A. Cunn. ex Benth.,LEGUMINOSAE-MIMOSOIDEAE,ไม้ต้น,ลำต้นเหนือดิน ดอกสีเหลืองเหนียว,พื้นที่ศึกษาที่ 16 หอประชุม
7-31170-001-002/86,กระถินณรงค์,Acacia auriculaeformis A. Cunn. ex Benth.,LEGUMINOSAE-MIMOSOIDEAE,ไม้ต้น,ลำต้นเหนือดิน ดอกสีเหลืองเหนียว,พื้นที่ศึกษาที่ 16 หอประชุม
7-31170-001-002/87,กระถินณรงค์,Acacia auriculaeformis A. Cunn. ex Benth.,LEGUMINOSAE-MIMOSOIDEAE,ไม้ต้น,ลำต้นเหนือดิน ดอกสีเหลืองเหนียว,พื้นที่ศึกษาที่ 16 หอประชุม
7-31170-001-002/88,กระถินณรงค์,Acacia auriculaeformis A. Cunn. ex Benth.,LEGUMINOSAE-MIMOSOIDEAE,ไม้ต้น,ลำต้นเหนือดิน ดอกสีเหลืองเหนียว,พื้นที่ศึกษาที่ 16 หอประชุม
7-31170-001-002/89,กระถินณรงค์,Acacia auriculaeformis A. Cunn. ex Benth.,LEGUMINOSAE-MIMOSOIDEAE,ไม้ต้น,ลำต้นเหนือดิน ดอกสีเหลืองเหนียว,พื้นที่ศึกษาที่ 16 หอประชุม
7-31170-001-002/90,กระถินณรงค์,Acacia auriculaeformis A. Cunn. ex Benth.,LEGUMINOSAE-MIMOSOIDEAE,ไม้ต้น,ลำต้นเหนือดิน ดอกสีเหลืองเหนียว,พื้นที่ศึกษาที่ 16 หอประชุม
7-31170-001-002/91,กระถินณรงค์,Acacia auriculaeformis A. Cunn. ex Benth.,LEGUMINOSAE-MIMOSOIDEAE,ไม้ต้น,ลำต้นเหนือดิน ดอกสีเหลืองเหนียว,พื้นที่ศึกษาที่ 16 หอประชุม
7-31170-001-002/92,กระถินณรงค์,Acacia auriculaeformis A. Cunn. ex Benth.,LEGUMINOSAE-MIMOSOIDEAE,ไม้ต้น,ลำต้นเหนือดิน ดอกสีเหลืองเหนียว,พื้นที่ศึกษาที่ 16 หอประชุม
7-31170-001-002/93,กระถินณรงค์,Acacia auriculaeformis A. Cunn. ex Benth.,LEGUMINOSAE-MIMOSOIDEAE,ไม้ต้น,ลำต้นเหนือดิน ดอกสีเหลืองเหนียว,พื้นที่ศึกษาที่ 16 หอประชุม
7-31170-001-002/94,กระถินณรงค์,Acacia auriculaeformis A. Cunn. ex Benth.,LEGUMINOSAE-MIMOSOIDEAE,ไม้ต้น,ลำต้นเหนือดิน ดอกสีเหลืองเหนียว,พื้นที่ศึกษาที่ 16 หอประชุม
7-31170-001-002/95,กระถินณรงค์,Acacia auriculaeformis A. Cunn. ex Benth.,LEGUMINOSAE-MIMOSOIDEAE,ไม้ต้น,ลำต้นเหนือดิน ดอกสีเหลืองเหนียว,พื้นที่ศึกษาที่ 16 หอประชุม
7-31170-001-002/96,กระถินณรงค์,Acacia auriculaeformis A. Cunn. ex Benth.,LEGUMINOSAE-MIMOSOIDEAE,ไม้ต้น,ลำต้นเหนือดิน ดอกสีเหลืองเหนียว,พื้นที่ศึกษาที่ 16 หอประชุม
7-31170-001-002/97,กระถินณรงค์,Acacia auriculaeformis A. Cunn. ex Benth.,LEGUMINOSAE-MIMOSOIDEAE,ไม้ต้น,ลำต้นเหนือดิน ดอกสีเหลืองเหนียว,พื้นที่ศึกษาที่ 16 หอประชุม
7-31170-001-002/98,กระถินณรงค์,Acacia auriculaeformis A. Cunn. ex Benth.,LEGUMINOSAE-MIMOSOIDEAE,ไม้ต้น,ลำต้นเหนือดิน ดอกสีเหลืองเหนียว,พื้นที่ศึกษาที่ 16 หอประชุม
7-31170-001-002/99,กระถินณรงค์,Acacia auriculaeformis A. Cunn. ex Benth.,LEGUMINOSAE-MIMOSOIDEAE,ไม้ต้น,ลำต้นเหนือดิน ดอกสีเหลืองเหนียว,พื้นที่ศึกษาที่ 16 หอประชุม
7-31170-001-002/100,กระถินณรงค์,Acacia auriculaeformis A. Cunn. ex Benth.,LEGUMINOSAE-MIMOSOIDEAE,ไม้ต้น,ลำต้นเหนือดิน ดอกสีเหลืองเหนียว,พื้นที่ศึกษาที่ 16 หอประชุม
7-31170-001-002/101,กระถินณรงค์,Acacia auriculaeformis A. Cunn. ex Benth.,LEGUMINOSAE-MIMOSOIDEAE,ไม้ต้น,ลำต้นเหนือดิน ดอกสีเหลืองเหนียว,พื้นที่ศึกษาที่ 16 หอประชุม
7-31170-001-002/102,กระถินณรงค์,Acacia auriculaeformis A. Cunn. ex Benth.,LEGUMINOSAE-MIMOSOIDEAE,ไม้ต้น,ลำต้นเหนือดิน ดอกสีเหลืองเหนียว,พื้นที่ศึกษาที่ 16 หอประชุม
7-31170-001-002/103,กระถินณรงค์,Acacia auriculaeformis A. Cunn. ex Benth.,LEGUMINOSAE-MIMOSOIDEAE,ไม้ต้น,ลำต้นเหนือดิน ดอกสีเหลืองเหนียว,พื้นที่ศึกษาที่ 16 หอประชุม
7-31170-001-002/104,กระถินณรงค์,Acacia auriculaeformis A. Cunn. ex Benth.,LEGUMINOSAE-MIMOSOIDEAE,ไม้ต้น,ลำต้นเหนือดิน ดอกสีเหลืองเหนียว,พื้นที่ศึกษาที่ 16 หอประชุม
7-31170-001-002/105,กระถินณรงค์,Acacia auriculaeformis A. Cunn. ex Benth.,LEGUMINOSAE-MIMOSOIDEAE,ไม้ต้น,ลำต้นเหนือดิน ดอกสีเหลืองเหนียว,พื้นที่ศึกษาที่ 16 หอประชุม
7-31170-001-002/106,กระถินณรงค์,Acacia auriculaeformis A. Cunn. ex Benth.,LEGUMINOSAE-MIMOSOIDEAE,ไม้ต้น,ลำต้นเหนือดิน ดอกสีเหลืองเหนียว,พื้นที่ศึกษาที่ 16 หอประชุม
7-31170-001-002/107,กระถินณรงค์,Acacia auriculaeformis A. Cunn. ex Benth.,LEGUMINOSAE-MIMOSOIDEAE,ไม้ต้น,ลำต้นเหนือดิน ดอกสีเหลืองเหนียว,พื้นที่ศึกษาที่ 16 หอประชุม
7-31170-001-002/108,กระถินณรงค์,Acacia auriculaeformis A. Cunn. ex Benth.,LEGUMINOSAE-MIMOSOIDEAE,ไม้ต้น,ลำต้นเหนือดิน ดอกสีเหลืองเหนียว,พื้นที่ศึกษาที่ 16 หอประชุม
7-31170-001-002/109,กระถินณรงค์,Acacia auriculaeformis A. Cunn. ex Benth.,LEGUMINOSAE-MIMOSOIDEAE,ไม้ต้น,ลำต้นเหนือดิน ดอกสีเหลืองเหนียว,พื้นที่ศึกษาที่ 16 หอประชุม
7-31170-001-002/110,กระถินณรงค์,Acacia auriculaeformis A. Cunn. ex Benth.,LEGUMINOSAE-MIMOSOIDEAE,ไม้ต้น,ลำต้นเหนือดิน ดอกสีเหลืองเหนียว,พื้นที่ศึกษาที่ 16 หอประชุม
7-31170-001-002/111,กระถินณรงค์,Acacia auriculaeformis A. Cunn. ex Benth.,LEGUMINOSAE-MIMOSOIDEAE,ไม้ต้น,ลำต้นเหนือดิน ดอกสีเหลืองเหนียว,พื้นที่ศึกษาที่ 16 หอประชุม
7-31170-001-002/112,กระถินณรงค์,Acacia auriculaeformis A. Cunn. ex Benth.,LEGUMINOSAE-MIMOSOIDEAE,ไม้ต้น,ลำต้นเหนือดิน ดอกสีเหลืองเหนียว,พื้นที่ศึกษาที่ 17 สนามฟุตบอล
7-31170-001-002/113,กระถินณรงค์,Acacia auriculaeformis A. Cunn. ex Benth.,LEGUMINOSAE-MIMOSOIDEAE,ไม้ต้น,ลำต้นเหนือดิน ดอกสีเหลืองเหนียว,พื้นที่ศึกษาที่ 17 สนามฟุตบอล
7-31170-001-002/114,กระถินณรงค์,Acacia auriculaeformis A. Cunn. ex Benth.,LEGUMINOSAE-MIMOSOIDEAE,ไม้ต้น,ลำต้นเหนือดิน ดอกสีเหลืองเหนียว,พื้นที่ศึกษาที่ 17 สนามฟุตบอล
7-31170-001-002/115,กระถินณรงค์,Acacia auriculaeformis A. Cunn. ex Benth.,LEGUMINOSAE-MIMOSOIDEAE,ไม้ต้น,ลำต้นเหนือดิน ดอกสีเหลืองเหนียว,พื้นที่ศึกษาที่ 17 สนามฟุตบอล
7-31170-001-002/116,กระถินณรงค์,Acacia auriculaeformis A. Cunn. ex Benth.,LEGUMINOSAE-MIMOSOIDEAE,ไม้ต้น,ลำต้นเหนือดิน ดอกสีเหลืองเหนียว,พื้นที่ศึกษาที่ 17 สนามฟุตบอล
7-31170-001-002/117,กระถินณรงค์,Acacia auriculaeformis A. Cunn. ex Benth.,LEGUMINOSAE-MIMOSOIDEAE,ไม้ต้น,ลำต้นเหนือดิน ดอกสีเหลืองเหนียว,พื้นที่ศึกษาที่ 17 สนามฟุตบอล
7-31170-001-002/118,กระถินณรงค์,Acacia auriculaeformis A. Cunn. ex Benth.,LEGUMINOSAE-MIMOSOIDEAE,ไม้ต้น,ลำต้นเหนือดิน ดอกสีเหลืองเหนียว,พื้นที่ศึกษาที่ 17 สนามฟุตบอล
7-31170-001-002/119,กระถินณรงค์,Acacia auriculaeformis A. Cunn. ex Benth.,LEGUMINOSAE-MIMOSOIDEAE,ไม้ต้น,ลำต้นเหนือดิน ดอกสีเหลืองเหนียว,พื้นที่ศึกษาที่ 17 สนามฟุตบอล
7-31170-001-002/120,กระถินณรงค์,Acacia auriculaeformis A. Cunn. ex Benth.,LEGUMINOSAE-MIMOSOIDEAE,ไม้ต้น,ลำต้นเหนือดิน ดอกสีเหลืองเหนียว,พื้นที่ศึกษาที่ 17 สนามฟุตบอล
7-31170-001-002/121,กระถินณรงค์,Acacia auriculaeformis A. Cunn. ex Benth.,LEGUMINOSAE-MIMOSOIDEAE,ไม้ต้น,ลำต้นเหนือดิน ดอกสีเหลืองเหนียว,พื้นที่ศึกษาที่ 17 สนามฟุตบอล
7-31170-001-002/122,กระถินณรงค์,Acacia auriculaeformis A. Cunn. ex Benth.,LEGUMINOSAE-MIMOSOIDEAE,ไม้ต้น,ลำต้นเหนือดิน ดอกสีเหลืองเหนียว,พื้นที่ศึกษาที่ 17 สนามฟุตบอล
7-31170-001-002/123,กระถินณรงค์,Acacia auriculaeformis A. Cunn. ex Benth.,LEGUMINOSAE-MIMOSOIDEAE,ไม้ต้น,ลำต้นเหนือดิน ดอกสีเหลืองเหนียว,พื้นที่ศึกษาที่ 17 สนามฟุตบอล
7-31170-001-002/124,กระถินณรงค์,Acacia auriculaeformis A. Cunn. ex Benth.,LEGUMINOSAE-MIMOSOIDEAE,ไม้ต้น,ลำต้นเหนือดิน ดอกสีเหลืองเหนียว,พื้นที่ศึกษาที่ 17 สนามฟุตบอล
7-31170-001-002/125,กระถินณรงค์,Acacia auriculaeformis A. Cunn. ex Benth.,LEGUMINOSAE-MIMOSOIDEAE,ไม้ต้น,ลำต้นเหนือดิน ดอกสีเหลืองเหนียว,พื้นที่ศึกษาที่ 17 สนามฟุตบอล
7-31170-001-002/126,กระถินณรงค์,Acacia auriculaeformis A. Cunn. ex Benth.,LEGUMINOSAE-MIMOSOIDEAE,ไม้ต้น,ลำต้นเหนือดิน ดอกสีเหลืองเหนียว,พื้นที่ศึกษาที่ 17 สนามฟุตบอล
7-31170-001-002/127,กระถินณรงค์,Acacia auriculaeformis A. Cunn. ex Benth.,LEGUMINOSAE-MIMOSOIDEAE,ไม้ต้น,ลำต้นเหนือดิน ดอกสีเหลืองเหนียว,พื้นที่ศึกษาที่ 17 สนามฟุตบอล
7-31170-001-002/128,กระถินณรงค์,Acacia auriculaeformis A. Cunn. ex Benth.,LEGUMINOSAE-MIMOSOIDEAE,ไม้ต้น,ลำต้นเหนือดิน ดอกสีเหลืองเหนียว,พื้นที่ศึกษาที่ 17 สนามฟุตบอล
7-31170-001-002/129,กระถินณรงค์,Acacia auriculaeformis A. Cunn. ex Benth.,LEGUMINOSAE-MIMOSOIDEAE,ไม้ต้น,ลำต้นเหนือดิน ดอกสีเหลืองเหนียว,พื้นที่ศึกษาที่ 17 สนามฟุตบอล
7-31170-001-002/130,กระถินณรงค์,Acacia auriculaeformis A. Cunn. ex Benth.,LEGUMINOSAE-MIMOSOIDEAE,ไม้ต้น,ลำต้นเหนือดิน ดอกสีเหลืองเหนียว,พื้นที่ศึกษาที่ 17 สนามฟุตบอล
7-31170-001-002/131,กระถินณรงค์,Acacia auriculaeformis A. Cunn. ex Benth.,LEGUMINOSAE-MIMOSOIDEAE,ไม้ต้น,ลำต้นเหนือดิน ดอกสีเหลืองเหนียว,พื้นที่ศึกษาที่ 17 สนามฟุตบอล
7-31170-001-002/132,กระถินณรงค์,Acacia auriculaeformis A. Cunn. ex Benth.,LEGUMINOSAE-MIMOSOIDEAE,ไม้ต้น,ลำต้นเหนือดิน ดอกสีเหลืองเหนียว,พื้นที่ศึกษาที่ 17 สนามฟุตบอล
7-31170-001-002/133,กระถินณรงค์,Acacia auriculaeformis A. Cunn. ex Benth.,LEGUMINOSAE-MIMOSOIDEAE,ไม้ต้น,ลำต้นเหนือดิน ดอกสีเหลืองเหนียว,พื้นที่ศึกษาที่ 17 สนามฟุตบอล
7-31170-001-002/134,กระถินณรงค์,Acacia auriculaeformis A. Cunn. ex Benth.,LEGUMINOSAE-MIMOSOIDEAE,ไม้ต้น,ลำต้นเหนือดิน ดอกสีเหลืองเหนียว,พื้นที่ศึกษาที่ 17 สนามฟุตบอล
7-31170-001-003/1,หมากเหลือง,Chrysalidocarpus lutescens H. Wendl.,PALMAE (ARECACEAE),ปาล์ม,ออกผลเป็นพวง น้ำยางของผลทำให้คัน,พื้นที่ศึกษาที่ 1 ข้างอาคารสิ่งแวดล้อม ด้านทิศตะวันออก
7-31170-001-003/2,หมากเหลือง,Chrysalidocarpus lutescens H. Wendl.,PALMAE (ARECACEAE),ปาล์ม,ออกผลเป็นพวง น้ำยางของผลทำให้คัน,พื้นที่ศึกษาที่ 2 ทิศเหนือศูนย์สิ่งแวดล้อม
7-31170-001-003/3,หมากเหลือง,Chrysalidocarpus lutescens H. Wendl.,PALMAE (ARECACEAE),ปาล์ม,ออกผลเป็นพวง น้ำยางของผลทำให้คัน,พื้นที่ศึกษาที่ 2 ทิศเหนือศูนย์สิ่งแวดล้อม
7-31170-001-003/4,หมากเหลือง,Chrysalidocarpus lutescens H. Wendl.,PALMAE (ARECACEAE),ปาล์ม,ออกผลเป็นพวง น้ำยางของผลทำให้คัน,พื้นที่ศึกษาที่ 2 ทิศเหนือศูนย์สิ่งแวดล้อม
7-31170-001-003/5,หมากเหลือง,Chrysalidocarpus lutescens H. Wendl.,PALMAE (ARECACEAE),ปาล์ม,ออกผลเป็นพวง น้ำยางของผลทำให้คัน,พื้นที่ศึกษาที่ 1 ข้างอาคารสิ่งแวดล้อม ด้านทิศตะวันออก
7-31170-001-003/6,หมากเหลือง,Chrysalidocarpus lutescens H. Wendl.,PALMAE (ARECACEAE),ปาล์ม,ออกผลเป็นพวง น้ำยางของผลทำให้คัน,พื้นที่ศึกษาที่ 1 ข้างอาคารสิ่งแวดล้อม ด้านทิศตะวันออก
7-31170-001-003/7,หมากเหลือง,Chrysalidocarpus lutescens H. Wendl.,PALMAE (ARECACEAE),ปาล์ม,ออกผลเป็นพวง น้ำยางของผลทำให้คัน,พื้นที่ศึกษาที่ 1 ข้างอาคารสิ่งแวดล้อม ด้านทิศตะวันออก
7-31170-001-003/8,หมากเหลือง,Chrysalidocarpus lutescens H. Wendl.,PALMAE (ARECACEAE),ปาล์ม,ออกผลเป็นพวง น้ำยางของผลทำให้คัน,พื้นที่ศึกษาที่ 1 ข้างอาคารสิ่งแวดล้อม ด้านทิศตะวันออก
7-31170-001-003/9,หมากเหลือง,Chrysalidocarpus lutescens H. Wendl.,PALMAE (ARECACEAE),ปาล์ม,ออกผลเป็นพวง น้ำยางของผลทำให้คัน,พื้นที่ศึกษาที่ 7 หลังอาคาร 3
7-31170-001-003/10,หมากเหลือง,Chrysalidocarpus lutescens H. Wendl.,PALMAE (ARECACEAE),ปาล์ม,ออกผลเป็นพวง น้ำยางของผลทำให้คัน,พื้นที่ศึกษาที่ 7 หลังอาคาร 3
7-31170-001-003/11,หมากเหลือง,Chrysalidocarpus lutescens H. Wendl.,PALMAE (ARECACEAE),ปาล์ม,ออกผลเป็นพวง น้ำยางของผลทำให้คัน,พื้นที่ศึกษาที่ 7 หลังอาคาร 3
7-31170-001-003/12,หมากเหลือง,Chrysalidocarpus lutescens H. Wendl.,PALMAE (ARECACEAE),ปาล์ม,ออกผลเป็นพวง น้ำยางของผลทำให้คัน,พื้นที่ศึกษาที่ 7 หลังอาคาร 3
7-31170-001-003/13,หมากเหลือง,Chrysalidocarpus lutescens H. Wendl.,PALMAE (ARECACEAE),ปาล์ม,ออกผลเป็นพวง น้ำยางของผลทำให้คัน,พื้นที่ศึกษาที่ 7 หลังอาคาร 3
7-31170-001-003/14,หมากเหลือง,Chrysalidocarpus lutescens H. Wendl.,PALMAE (ARECACEAE),ปาล์ม,ออกผลเป็นพวง น้ำยางของผลทำให้คัน,พื้นที่ศึกษาที่ 7 หลังอาคาร 3
7-31170-001-003/15,หมากเหลือง,Chrysalidocarpus lutescens H. Wendl.,PALMAE (ARECACEAE),ปาล์ม,ออกผลเป็นพวง น้ำยางของผลทำให้คัน,พื้นที่ศึกษาที่ 7 หลังอาคาร 3
7-31170-001-003/16,หมากเหลือง,Chrysalidocarpus lutescens H. Wendl.,PALMAE (ARECACEAE),ปาล์ม,ออกผลเป็นพวง น้ำยางของผลทำให้คัน,พื้นที่ศึกษาที่ 7 หลังอาคาร 3
7-31170-001-003/17,หมากเหลือง,Chrysalidocarpus lutescens H. Wendl.,PALMAE (ARECACEAE),ปาล์ม,ออกผลเป็นพวง น้ำยางของผลทำให้คัน,พื้นที่ศึกษาที่ 7 หลังอาคาร 3
7-31170-001-003/18,หมากเหลือง,Chrysalidocarpus lutescens H. Wendl.,PALMAE (ARECACEAE),ปาล์ม,ออกผลเป็นพวง น้ำยางของผลทำให้คัน,พื้นที่ศึกษาที่ 7 หลังอาคาร 3
7-31170-001-003/19,หมากเหลือง,Chrysalidocarpus lutescens H. Wendl.,PALMAE (ARECACEAE),ปาล์ม,ออกผลเป็นพวง น้ำยางของผลทำให้คัน,พื้นที่ศึกษาที่ 7 หลังอาคาร 3
7-31170-001-003/20,หมากเหลือง,Chrysalidocarpus lutescens H. Wendl.,PALMAE (ARECACEAE),ปาล์ม,ออกผลเป็นพวง น้ำยางของผลทำให้คัน,พื้นที่ศึกษาที่ 7 หลังอาคาร 3
7-31170-001-003/21,หมากเหลือง,Chrysalidocarpus lutescens H. Wendl.,PALMAE (ARECACEAE),ปาล์ม,ออกผลเป็นพวง น้ำยางของผลทำให้คัน,พื้นที่ศึกษาที่ 7 หลังอาคาร 3
7-31170-001-003/22,หมากเหลือง,Chrysalidocarpus lutescens H. Wendl.,PALMAE (ARECACEAE),ปาล์ม,ออกผลเป็นพวง น้ำยางของผลทำให้คัน,พื้นที่ศึกษาที่ 7 หลังอาคาร 3
7-31170-001-003/23,หมากเหลือง,Chrysalidocarpus lutescens H. Wendl.,PALMAE (ARECACEAE),ปาล์ม,ออกผลเป็นพวง น้ำยางของผลทำให้คัน,พื้นที่ศึกษาที่ 7 หลังอาคาร 3
7-31170-001-003/24,หมากเหลือง,Chrysalidocarpus lutescens H. Wendl.,PALMAE (ARECACEAE),ปาล์ม,ออกผลเป็นพวง น้ำยางของผลทำให้คัน,พื้นที่ศึกษาที่ 7 หลังอาคาร 3
7-31170-001-003/25,หมากเหลือง,Chrysalidocarpus lutescens H. Wendl.,PALMAE (ARECACEAE),ปาล์ม,ออกผลเป็นพวง น้ำยางของผลทำให้คัน,พื้นที่ศึกษาที่ 7 หลังอาคาร 3
7-31170-001-003/26,หมากเหลือง,Chrysalidocarpus lutescens H. Wendl.,PALMAE (ARECACEAE),ปาล์ม,ออกผลเป็นพวง น้ำยางของผลทำให้คัน,พื้นที่ศึกษาที่ 7 หลังอาคาร 3
7-31170-001-003/27,หมากเหลือง,Chrysalidocarpus lutescens H. Wendl.,PALMAE (ARECACEAE),ปาล์ม,ออกผลเป็นพวง น้ำยางของผลทำให้คัน,พื้นที่ศึกษาที่ 7 หลังอาคาร 3
7-31170-001-003/28,หมากเหลือง,Chrysalidocarpus lutescens H. Wendl.,PALMAE (ARECACEAE),ปาล์ม,ออกผลเป็นพวง น้ำยางของผลทำให้คัน,พื้นที่ศึกษาที่ 7 หลังอาคาร 3
7-31170-001-003/29,หมากเหลือง,Chrysalidocarpus lutescens H. Wendl.,PALMAE (ARECACEAE),ปาล์ม,ออกผลเป็นพวง น้ำยางของผลทำให้คัน,พื้นที่ศึกษาที่ 7 หลังอาคาร 3
7-31170-001-003/30,หมากเหลือง,Chrysalidocarpus lutescens H. Wendl.,PALMAE (ARECACEAE),ปาล์ม,ออกผลเป็นพวง น้ำยางของผลทำให้คัน,พื้นที่ศึกษาที่ 7 หลังอาคาร 3
7-31170-001-003/31,หมากเหลือง,Chrysalidocarpus lutescens H. Wendl.,PALMAE (ARECACEAE),ปาล์ม,ออกผลเป็นพวง น้ำยางของผลทำให้คัน,พื้นที่ศึกษาที่ 7 หลังอาคาร 3
7-31170-001-003/32,หมากเหลือง,Chrysalidocarpus lutescens H. Wendl.,PALMAE (ARECACEAE),ปาล์ม,ออกผลเป็นพวง น้ำยางของผลทำให้คัน,พื้นที่ศึกษาที่ 7 หลังอาคาร 3
7-31170-001-003/33,หมากเหลือง,Chrysalidocarpus lutescens H. Wendl.,PALMAE (ARECACEAE),ปาล์ม,ออกผลเป็นพวง น้ำยางของผลทำให้คัน,พื้นที่ศึกษาที่ 11 สวนกาญจนาภิเษก
7-31170-001-003/34,หมากเหลือง,Chrysalidocarpus lutescens H. Wendl.,PALMAE (ARECACEAE),ปาล์ม,ออกผลเป็นพวง น้ำยางของผลทำให้คัน,พื้นที่ศึกษาที่ 11 สวนกาญจนาภิเษก
7-31170-001-003/35,หมากเหลือง,Chrysalidocarpus lutescens H. Wendl.,PALMAE (ARECACEAE),ปาล์ม,ออกผลเป็นพวง น้ำยางของผลทำให้คัน,พื้นที่ศึกษาที่ 11 สวนกาญจนาภิเษก
7-31170-001-003/36,หมากเหลือง,Chrysalidocarpus lutescens H. Wendl.,PALMAE (ARECACEAE),ปาล์ม,ออกผลเป็นพวง น้ำยางของผลทำให้คัน,พื้นที่ศึกษาที่ 11 สวนกาญจนาภิเษก
7-31170-001-003/37,หมากเหลือง,Chrysalidocarpus lutescens H. Wendl.,PALMAE (ARECACEAE),ปาล์ม,ออกผลเป็นพวง น้ำยางของผลทำให้คัน,พื้นที่ศึกษาที่ 11 สวนกาญจนาภิเษก
7-31170-001-003/38,หมากเหลือง,Chrysalidocarpus lutescens H. Wendl.,PALMAE (ARECACEAE),ปาล์ม,ออกผลเป็นพวง น้ำยางของผลทำให้คัน,พื้นที่ศึกษาที่ 16 หอประชุม
7-31170-001-003/39,หมากเหลือง,Chrysalidocarpus lutescens H. Wendl.,PALMAE (ARECACEAE),ปาล์ม,ออกผลเป็นพวง น้ำยางของผลทำให้คัน,พื้นที่ศึกษาที่ 16 หอประชุม
7-31170-001-003/40,หมากเหลือง,Chrysalidocarpus lutescens H. Wendl.,PALMAE (ARECACEAE),ปาล์ม,ออกผลเป็นพวง น้ำยางของผลทำให้คัน,พื้นที่ศึกษาที่ 16 หอประชุม
7-31170-001-004,ตะเคียนทอง,Hopea odorata Roxb.,DIPTEROCARPACEAE,ไม้ต้น,ลำต้นเหนือดิน มีน้ำยางสีน้ำตาล,พื้นที่ศึกษาที่ 1 ข้างอาคารสิ่งแวดล้อม ด้านทิศตะวันออก
7-31170-001-005/1,ยางกราด กราด ซาด ตะแบง สะแบง ตาด เหียงกราด,Dipterocarpus intricatus Dyer,DIPTEROCARPACEAE,ไม้ต้น,ผลแห้งมีกลีบดอกติดเหมือนใบพัด เปลือกแตกชัดเจน,พื้นที่ศึกษาที่ 1 ข้างอาคารสิ่งแวดล้อม ด้านทิศตะวันออก
7-31170-001-005/2,ยางกราด กราด ซาด ตะแบง สะแบง ตาด เหียงกราด,Dipterocarpus intricatus Dyer,DIPTEROCARPACEAE,ไม้ต้น,ผลแห้งมีกลีบดอกติดเหมือนใบพัด เปลือกแตกชัดเจน,พื้นที่ศึกษาที่ 3 ทิศตะวันตกเฉียงเหนือ ข้างอาคารเกษตร
7-31170-001-005/3,ยางกราด กราด ซาด ตะแบง สะแบง ตาด เหียงกราด,Dipterocarpus intricatus Dyer,DIPTEROCARPACEAE,ไม้ต้น,ผลแห้งมีกลีบดอกติดเหมือนใบพัด เปลือกแตกชัดเจน,พื้นที่ศึกษาที่ 4 ทิศตะวันตกอาคารเกษตร
7-31170-001-005/4,ยางกราด กราด ซาด ตะแบง สะแบง ตาด เหียงกราด,Dipterocarpus intricatus Dyer,DIPTEROCARPACEAE,ไม้ต้น,ผลแห้งมีกลีบดอกติดเหมือนใบพัด เปลือกแตกชัดเจน,พื้นที่ศึกษาที่ 4 ทิศตะวันตกอาคารเกษตร
7-31170-001-005/5,ยางกราด กราด ซาด ตะแบง สะแบง ตาด เหียงกราด,Dipterocarpus intricatus Dyer,DIPTEROCARPACEAE,ไม้ต้น,ผลแห้งมีกลีบดอกติดเหมือนใบพัด เปลือกแตกชัดเจน,พื้นที่ศึกษาที่ 8 บริเวณอาคาร 4
7-31170-001-005/6,ยางกราด กราด ซาด ตะแบง สะแบง ตาด เหียงกราด,Dipterocarpus intricatus Dyer,DIPTEROCARPACEAE,ไม้ต้น,ผลแห้งมีกลีบดอกติดเหมือนใบพัด เปลือกแตกชัดเจน,พื้นที่ศึกษาที่ 8 บริเวณอาคาร 4
7-31170-001-005/7,ยางกราด กราด ซาด ตะแบง สะแบง ตาด เหียงกราด,Dipterocarpus intricatus Dyer,DIPTEROCARPACEAE,ไม้ต้น,ผลแห้งมีกลีบดอกติดเหมือนใบพัด เปลือกแตกชัดเจน,พื้นที่ศึกษาที่ 11 สวนกาญจนาภิเษก
7-31170-001-005/8,ยางกราด กราด ซาด ตะแบง สะแบง ตาด เหียงกราด,Dipterocarpus intricatus Dyer,DIPTEROCARPACEAE,ไม้ต้น,ผลแห้งมีกลีบดอกติดเหมือนใบพัด เปลือกแตกชัดเจน,พื้นที่ศึกษาที่ 11 สวนกาญจนาภิเษก
7-31170-001-005/9,ยางกราด กราด ซาด ตะแบง สะแบง ตาด เหียงกราด,Dipterocarpus intricatus Dyer,DIPTEROCARPACEAE,ไม้ต้น,ผลแห้งมีกลีบดอกติดเหมือนใบพัด เปลือกแตกชัดเจน,พื้นที่ศึกษาที่ 17 สนามฟุตบอล
7-31170-001-005/10,ยางกราด กราด ซาด ตะแบง สะแบง ตาด เหียงกราด,Dipterocarpus intricatus Dyer,DIPTEROCARPACEAE,ไม้ต้น,ผลแห้งมีกลีบดอกติดเหมือนใบพัด เปลือกแตกชัดเจน,พื้นที่ศึกษาที่ 14 บ้านพักครูทิศตะวันตก
7-31170-001-006,"กระทุ่มบก, ตะกู , ตะโกส้ม (กลาง) ตุ้มขี้หมู (ใต้) ตุ้มหลวง (เหนือ) ทุ่มพราย (ตะวันออกเฉียงเหนือ)",Anthocephalus chinensis (Lam.) A. Rich.ex Walp.,RUBIACEAE,ไม้ต้น,ลำต้นเหนือดิน,พื้นที่ศึกษาที่ 1 ข้างอาคารสิ่งแวดล้อม ด้านทิศตะวันออก
7-31170-001-007/1,ลำดวน,Melodorum fruticosum Lour.,ANNONACEAE,ไม้ต้น,ดอกมีกลิ่นหอม,พื้นที่ศึกษาที่ 1 ข้างอาคารสิ่งแวดล้อม ด้านทิศตะวันออก
7-31170-001-007/2,ลำดวน,Melodorum fruticosum Lour.,ANNONACEAE,ไม้ต้น,ดอกมีกลิ่นหอม,พื้นที่ศึกษาที่ 3 ทิศตะวันตกเฉียงเหนือ ข้างอาคารเกษตร
7-31170-001-007/3,ลำดวน,Melodorum fruticosum Lour.,ANNONACEAE,ไม้ต้น,ดอกมีกลิ่นหอม,พื้นที่ศึกษาที่ 3 ทิศตะวันตกเฉียงเหนือ ข้างอาคารเกษตร
7-31170-001-007/4,ลำดวน,Melodorum fruticosum Lour.,ANNONACEAE,ไม้ต้น,ดอกมีกลิ่นหอม,พื้นที่ศึกษาที่ 7 หลังอาคาร 3
7-31170-001-007/5,ลำดวน,Melodorum fruticosum Lour.,ANNONACEAE,ไม้ต้น,ดอกมีกลิ่นหอม,พื้นที่ศึกษาที่ 11 สวนกาญจนาภิเษก
7-31170-001-007/6,ลำดวน,Melodorum fruticosum Lour.,ANNONACEAE,ไม้ต้น,ดอกมีกลิ่นหอม,พื้นที่ศึกษาที่ 11 สวนกาญจนาภิเษก
7-31170-001-007/7,ลำดวน,Melodorum fruticosum Lour.,ANNONACEAE,ไม้ต้น,ดอกมีกลิ่นหอม,พื้นที่ศึกษาที่ 11 สวนกาญจนาภิเษก
7-31170-001-007/8,ลำดวน,Melodorum fruticosum Lour.,ANNONACEAE,ไม้ต้น,ดอกมีกลิ่นหอม,พื้นที่ศึกษาที่ 11 สวนกาญจนาภิเษก
7-31170-001-007/9,ลำดวน,Melodorum fruticosum Lour.,ANNONACEAE,ไม้ต้น,ดอกมีกลิ่นหอม,พื้นที่ศึกษาที่ 14 บ้านพักครูทิศตะวันตก
7-31170-001-007/10,ลำดวน,Melodorum fruticosum Lour.,ANNONACEAE,ไม้ต้น,ดอกมีกลิ่นหอม,พื้นที่ศึกษาที่ 14 บ้านพักครูทิศตะวันตก
7-31170-001-007/11,ลำดวน,Melodorum fruticosum Lour.,ANNONACEAE,ไม้ต้น,ดอกมีกลิ่นหอม,พื้นที่ศึกษาที่ 14 บ้านพักครูทิศตะวันตก
7-31170-001-008/1,ยางโอน,Polyalthia viridis Craib,ANNONACEAE,ไม้ต้น,ผลแห้งมีกลีบดอกติดเหมือนใบพัด,พื้นที่ศึกษาที่ 1 ข้างอาคารสิ่งแวดล้อม ด้านทิศตะวันออก
7-31170-001-008/2,ยางโอน,Polyalthia viridis Craib,ANNONACEAE,ไม้ต้น,ผลแห้งมีกลีบดอกติดเหมือนใบพัด,พื้นที่ศึกษาที่ 5 พื้นที่หลังอาคาร 1
7-31170-001-008/3,ยางโอน,Polyalthia viridis Craib,ANNONACEAE,ไม้ต้น,ผลแห้งมีกลีบดอกติดเหมือนใบพัด,พื้นที่ศึกษาที่ 5 พื้นที่หลังอาคาร 1
7-31170-001-008/4,ยางโอน,Polyalthia viridis Craib,ANNONACEAE,ไม้ต้น,ผลแห้งมีกลีบดอกติดเหมือนใบพัด,พื้นที่ศึกษาที่ 5 พื้นที่หลังอาคาร 1
7-31170-001-009/1,ตะแบก,Lagerstroemia calyculata Kurz,LYTHRACEAE,ไม้ต้น,เปลือกแตกเป็นกาบเป็นชิ้นๆแยกกัน ดอกสีม่วง,พื้นที่ศึกษาที่ 1 ข้างอาคารสิ่งแวดล้อม ด้านทิศตะวันออก
7-31170-001-009/2,ตะแบก,Lagerstroemia calyculata Kurz,LYTHRACEAE,ไม้ต้น,เปลือกแตกเป็นกาบเป็นชิ้นๆแยกกัน ดอกสีม่วง,พื้นที่ศึกษาที่ 3 ทิศตะวันตกเฉียงเหนือ ข้างอาคารเกษตร
7-31170-001-009/3,ตะแบก,Lagerstroemia calyculata Kurz,LYTHRACEAE,ไม้ต้น,เปลือกแตกเป็นกาบเป็นชิ้นๆแยกกัน ดอกสีม่วง,พื้นที่ศึกษาที่ 3 ทิศตะวันตกเฉียงเหนือ ข้างอาคารเกษตร
7-31170-001-009/4,ตะแบก,Lagerstroemia calyculata Kurz,LYTHRACEAE,ไม้ต้น,เปลือกแตกเป็นกาบเป็นชิ้นๆแยกกัน ดอกสีม่วง,พื้นที่ศึกษาที่ 3 ทิศตะวันตกเฉียงเหนือ ข้างอาคารเกษตร
7-31170-001-009/5,ตะแบก,Lagerstroemia calyculata Kurz,LYTHRACEAE,ไม้ต้น,เปลือกแตกเป็นกาบเป็นชิ้นๆแยกกัน ดอกสีม่วง,พื้นที่ศึกษาที่ 5 พื้นที่หลังอาคาร 1
7-31170-001-009/6,ตะแบก,Lagerstroemia calyculata Kurz,LYTHRACEAE,ไม้ต้น,เปลือกแตกเป็นกาบเป็นชิ้นๆแยกกัน ดอกสีม่วง,พื้นที่ศึกษาที่ 5 พื้นที่หลังอาคาร 1
7-31170-001-009/7,ตะแบก,Lagerstroemia calyculata Kurz,LYTHRACEAE,ไม้ต้น,เปลือกแตกเป็นกาบเป็นชิ้นๆแยกกัน ดอกสีม่วง,พื้นที่ศึกษาที่ 5 พื้นที่หลังอาคาร 1
7-31170-001-009/8,ตะแบก,Lagerstroemia calyculata Kurz,LYTHRACEAE,ไม้ต้น,เปลือกแตกเป็นกาบเป็นชิ้นๆแยกกัน ดอกสีม่วง,พื้นที่ศึกษาที่ 5 พื้นที่หลังอาคาร 1
7-31170-001-009/9,ตะแบก,Lagerstroemia calyculata Kurz,LYTHRACEAE,ไม้ต้น,เปลือกแตกเป็นกาบเป็นชิ้นๆแยกกัน ดอกสีม่วง,พื้นที่ศึกษาที่ 5 พื้นที่หลังอาคาร 1
7-31170-001-009/10,ตะแบก,Lagerstroemia calyculata Kurz,LYTHRACEAE,ไม้ต้น,เปลือกแตกเป็นกาบเป็นชิ้นๆแยกกัน ดอกสีม่วง,พื้นที่ศึกษาที่ 5 พื้นที่หลังอาคาร 1
7-31170-001-009/11,ตะแบก,Lagerstroemia calyculata Kurz,LYTHRACEAE,ไม้ต้น,เปลือกแตกเป็นกาบเป็นชิ้นๆแยกกัน ดอกสีม่วง,พื้นที่ศึกษาที่ 5 พื้นที่หลังอาคาร 1
7-31170-001-009/12,ตะแบก,Lagerstroemia calyculata Kurz,LYTHRACEAE,ไม้ต้น,เปลือกแตกเป็นกาบเป็นชิ้นๆแยกกัน ดอกสีม่วง,พื้นที่ศึกษาที่ 5 พื้นที่หลังอาคาร 1
7-31170-001-009/13,ตะแบก,Lagerstroemia calyculata Kurz,LYTHRACEAE,ไม้ต้น,เปลือกแตกเป็นกาบเป็นชิ้นๆแยกกัน ดอกสีม่วง,พื้นที่ศึกษาที่ 5 พื้นที่หลังอาคาร 1
7-31170-001-009/14,ตะแบก,Lagerstroemia calyculata Kurz,LYTHRACEAE,ไม้ต้น,เปลือกแตกเป็นกาบเป็นชิ้นๆแยกกัน ดอกสีม่วง,พื้นที่ศึกษาที่ 5 พื้นที่หลังอาคาร 1
7-31170-001-009/15,ตะแบก,Lagerstroemia calyculata Kurz,LYTHRACEAE,ไม้ต้น,เปลือกแตกเป็นกาบเป็นชิ้นๆแยกกัน ดอกสีม่วง,พื้นที่ศึกษาที่ 5 พื้นที่หลังอาคาร 1
7-31170-001-009/16,ตะแบก,Lagerstroemia calyculata Kurz,LYTHRACEAE,ไม้ต้น,เปลือกแตกเป็นกาบเป็นชิ้นๆแยกกัน ดอกสีม่วง,พื้นที่ศึกษาที่ 6 หน้าอาคาร 1
7-31170-001-009/17,ตะแบก,Lagerstroemia calyculata Kurz,LYTHRACEAE,ไม้ต้น,เปลือกแตกเป็นกาบเป็นชิ้นๆแยกกัน ดอกสีม่วง,พื้นที่ศึกษาที่ 7 หลังอาคาร 3
7-31170-001-009/18,ตะแบก,Lagerstroemia calyculata Kurz,LYTHRACEAE,ไม้ต้น,เปลือกแตกเป็นกาบเป็นชิ้นๆแยกกัน ดอกสีม่วง,พื้นที่ศึกษาที่ 7 หลังอาคาร 3
7-31170-001-009/19,ตะแบก,Lagerstroemia calyculata Kurz,LYTHRACEAE,ไม้ต้น,เปลือกแตกเป็นกาบเป็นชิ้นๆแยกกัน ดอกสีม่วง,พื้นที่ศึกษาที่ 7 หลังอาคาร 3
7-31170-001-009/20,ตะแบก,Lagerstroemia calyculata Kurz,LYTHRACEAE,ไม้ต้น,เปลือกแตกเป็นกาบเป็นชิ้นๆแยกกัน ดอกสีม่วง,พื้นที่ศึกษาที่ 10 หน้าอาคาร 3
7-31170-001-009/21,ตะแบก,Lagerstroemia calyculata Kurz,LYTHRACEAE,ไม้ต้น,เปลือกแตกเป็นกาบเป็นชิ้นๆแยกกัน ดอกสีม่วง,พื้นที่ศึกษาที่ 11 สวนกาญจนาภิเษก
7-31170-001-009/22,ตะแบก,Lagerstroemia calyculata Kurz,LYTHRACEAE,ไม้ต้น,เปลือกแตกเป็นกาบเป็นชิ้นๆแยกกัน ดอกสีม่วง,พื้นที่ศึกษาที่ 11 สวนกาญจนาภิเษก
7-31170-001-009/23,ตะแบก,Lagerstroemia calyculata Kurz,LYTHRACEAE,ไม้ต้น,เปลือกแตกเป็นกาบเป็นชิ้นๆแยกกัน ดอกสีม่วง,พื้นที่ศึกษาที่ 12 แปลงเกษตร
7-31170-001-009/24,ตะแบก,Lagerstroemia calyculata Kurz,LYTHRACEAE,ไม้ต้น,เปลือกแตกเป็นกาบเป็นชิ้นๆแยกกัน ดอกสีม่วง,พื้นที่ศึกษาที่ 14 บ้านพักครูทิศตะวันตก
7-31170-001-009/25,ตะแบก,Lagerstroemia calyculata Kurz,LYTHRACEAE,ไม้ต้น,เปลือกแตกเป็นกาบเป็นชิ้นๆแยกกัน ดอกสีม่วง,พื้นที่ศึกษาที่ 15 เตาเผาถ่าน
7-31170-001-009/26,ตะแบก,Lagerstroemia calyculata Kurz,LYTHRACEAE,ไม้ต้น,เปลือกแตกเป็นกาบเป็นชิ้นๆแยกกัน ดอกสีม่วง,พื้นที่ศึกษาที่ 15 เตาเผาถ่าน
7-31170-001-009/27,ตะแบก,Lagerstroemia calyculata Kurz,LYTHRACEAE,ไม้ต้น,เปลือกแตกเป็นกาบเป็นชิ้นๆแยกกัน ดอกสีม่วง,พื้นที่ศึกษาที่ 16 หอประชุม
7-31170-001-009/28,ตะแบก,Lagerstroemia calyculata Kurz,LYTHRACEAE,ไม้ต้น,เปลือกแตกเป็นกาบเป็นชิ้นๆแยกกัน ดอกสีม่วง,พื้นที่ศึกษาที่ 16 หอประชุม
7-31170-001-009/29,ตะแบก,Lagerstroemia calyculata Kurz,LYTHRACEAE,ไม้ต้น,เปลือกแตกเป็นกาบเป็นชิ้นๆแยกกัน ดอกสีม่วง,พื้นที่ศึกษาที่ 17 สนามฟุตบอล
7-31170-001-009/30,ตะแบก,Lagerstroemia calyculata Kurz,LYTHRACEAE,ไม้ต้น,เปลือกแตกเป็นกาบเป็นชิ้นๆแยกกัน ดอกสีม่วง,พื้นที่ศึกษาที่ 17 สนามฟุตบอล
7-31170-001-009/31,ตะแบก,Lagerstroemia calyculata Kurz,LYTHRACEAE,ไม้ต้น,เปลือกแตกเป็นกาบเป็นชิ้นๆแยกกัน ดอกสีม่วง,พื้นที่ศึกษาที่ 17 สนามฟุตบอล
7-31170-001-009/32,ตะแบก,Lagerstroemia calyculata Kurz,LYTHRACEAE,ไม้ต้น,เปลือกแตกเป็นกาบเป็นชิ้นๆแยกกัน ดอกสีม่วง,พื้นที่ศึกษาที่ 17 สนามฟุตบอล
7-31170-001-010,รักใหญ่,Holigarna albicans Hook.f,ANACARDIACEAE,ไม้ต้น,ดอกช่อสีขาว น้ำยางใส ทำให้คัน,พื้นที่ศึกษาที่ 1 ข้างอาคารสิ่งแวดล้อม ด้านทิศตะวันออก
7-31170-001-011/1,ข่อย,Streblus asper Lour.,MORACEAE,ไม้พุ่ม,ใบผิวหยาบขรุขระชัดเจน,พื้นที่ศึกษาที่ 1 ข้างอาคารสิ่งแวดล้อม ด้านทิศตะวันออก
7-31170-001-011/2,ข่อย,Streblus asper Lour.,MORACEAE,ไม้พุ่ม,ใบผิวหยาบขรุขระชัดเจน,พื้นที่ศึกษาที่ 1 ข้างอาคารสิ่งแวดล้อม ด้านทิศตะวันออก
7-31170-001-011/3,ข่อย,Streblus asper Lour.,MORACEAE,ไม้พุ่ม,ใบผิวหยาบขรุขระชัดเจน,พื้นที่ศึกษาที่ 2 ทิศเหนือศูนย์สิ่งแวดล้อม
7-31170-001-011/4,ข่อย,Streblus asper Lour.,MORACEAE,ไม้พุ่ม,ใบผิวหยาบขรุขระชัดเจน,พื้นที่ศึกษาที่ 3 ทิศตะวันตกเฉียงเหนือ ข้างอาคารเกษตร
7-31170-001-011/5,ข่อย,Streblus asper Lour.,MORACEAE,ไม้พุ่ม,ใบผิวหยาบขรุขระชัดเจน,พื้นที่ศึกษาที่ 3 ทิศตะวันตกเฉียงเหนือ ข้างอาคารเกษตร
7-31170-001-011/6,ข่อย,Streblus asper Lour.,MORACEAE,ไม้พุ่ม,ใบผิวหยาบขรุขระชัดเจน,พื้นที่ศึกษาที่ 3 ทิศตะวันตกเฉียงเหนือ ข้างอาคารเกษตร
7-31170-001-011/7,ข่อย,Streblus asper Lour.,MORACEAE,ไม้พุ่ม,ใบผิวหยาบขรุขระชัดเจน,พื้นที่ศึกษาที่ 4 ทิศตะวันตกอาคารเกษตร
7-31170-001-011/8,ข่อย,Streblus asper Lour.,MORACEAE,ไม้พุ่ม,ใบผิวหยาบขรุขระชัดเจน,พื้นที่ศึกษาที่ 4 ทิศตะวันตกอาคารเกษตร
7-31170-001-011/9,ข่อย,Streblus asper Lour.,MORACEAE,ไม้พุ่ม,ใบผิวหยาบขรุขระชัดเจน,พื้นที่ศึกษาที่ 4 ทิศตะวันตกอาคารเกษตร
7-31170-001-011/10,ข่อย,Streblus asper Lour.,MORACEAE,ไม้พุ่ม,ใบผิวหยาบขรุขระชัดเจน,พื้นที่ศึกษาที่ 5 พื้นที่หลังอาคาร 1
7-31170-001-011/11,ข่อย,Streblus asper Lour.,MORACEAE,ไม้พุ่ม,ใบผิวหยาบขรุขระชัดเจน,พื้นที่ศึกษาที่ 5 พื้นที่หลังอาคาร 1
7-31170-001-011/12,ข่อย,Streblus asper Lour.,MORACEAE,ไม้พุ่ม,ใบผิวหยาบขรุขระชัดเจน,พื้นที่ศึกษาที่ 5 พื้นที่หลังอาคาร 1
7-31170-001-011/13,ข่อย,Streblus asper Lour.,MORACEAE,ไม้พุ่ม,ใบผิวหยาบขรุขระชัดเจน,พื้นที่ศึกษาที่ 5 พื้นที่หลังอาคาร 1
7-31170-001-011/14,ข่อย,Streblus asper Lour.,MORACEAE,ไม้พุ่ม,ใบผิวหยาบขรุขระชัดเจน,พื้นที่ศึกษาที่ 5 พื้นที่หลังอาคาร 1
7-31170-001-011/15,ข่อย,Streblus asper Lour.,MORACEAE,ไม้พุ่ม,ใบผิวหยาบขรุขระชัดเจน,พื้นที่ศึกษาที่ 7 หลังอาคาร 3
7-31170-001-011/16,ข่อย,Streblus asper Lour.,MORACEAE,ไม้พุ่ม,ใบผิวหยาบขรุขระชัดเจน,พื้นที่ศึกษาที่ 8 บริเวณอาคาร 4
7-31170-001-011/17,ข่อย,Streblus asper Lour.,MORACEAE,ไม้พุ่ม,ใบผิวหยาบขรุขระชัดเจน,พื้นที่ศึกษาที่ 8 บริเวณอาคาร 4
7-31170-001-011/18,ข่อย,Streblus asper Lour.,MORACEAE,ไม้พุ่ม,ใบผิวหยาบขรุขระชัดเจน,พื้นที่ศึกษาที่ 8 บริเวณอาคาร 4
7-31170-001-011/19,ข่อย,Streblus asper Lour.,MORACEAE,ไม้พุ่ม,ใบผิวหยาบขรุขระชัดเจน,พื้นที่ศึกษาที่ 8 บริเวณอาคาร 4
7-31170-001-011/20,ข่อย,Streblus asper Lour.,MORACEAE,ไม้พุ่ม,ใบผิวหยาบขรุขระชัดเจน,พื้นที่ศึกษาที่ 8 บริเวณอาคาร 4
7-31170-001-011/21,ข่อย,Streblus asper Lour.,MORACEAE,ไม้พุ่ม,ใบผิวหยาบขรุขระชัดเจน,พื้นที่ศึกษาที่ 8 บริเวณอาคาร 4
7-31170-001-011/22,ข่อย,Streblus asper Lour.,MORACEAE,ไม้พุ่ม,ใบผิวหยาบขรุขระชัดเจน,พื้นที่ศึกษาที่ 8 บริเวณอาคาร 4
7-31170-001-011/23,ข่อย,Streblus asper Lour.,MORACEAE,ไม้พุ่ม,ใบผิวหยาบขรุขระชัดเจน,พื้นที่ศึกษาที่ 9 สระน้ำข้างศาลาธรรม
7-31170-001-011/24,ข่อย,Streblus asper Lour.,MORACEAE,ไม้พุ่ม,ใบผิวหยาบขรุขระชัดเจน,พื้นที่ศึกษาที่ 9 สระน้ำข้างศาลาธรรม
7-31170-001-011/25,ข่อย,Streblus asper Lour.,MORACEAE,ไม้พุ่ม,ใบผิวหยาบขรุขระชัดเจน,พื้นที่ศึกษาที่ 9 สระน้ำข้างศาลาธรรม
7-31170-001-011/26,ข่อย,Streblus asper Lour.,MORACEAE,ไม้พุ่ม,ใบผิวหยาบขรุขระชัดเจน,พื้นที่ศึกษาที่ 9 สระน้ำข้างศาลาธรรม
7-31170-001-011/27,ข่อย,Streblus asper Lour.,MORACEAE,ไม้พุ่ม,ใบผิวหยาบขรุขระชัดเจน,พื้นที่ศึกษาที่ 9 สระน้ำข้างศาลาธรรม
7-31170-001-011/28,ข่อย,Streblus asper Lour.,MORACEAE,ไม้พุ่ม,ใบผิวหยาบขรุขระชัดเจน,พื้นที่ศึกษาที่ 9 สระน้ำข้างศาลาธรรม
7-31170-001-011/29,ข่อย,Streblus asper Lour.,MORACEAE,ไม้พุ่ม,ใบผิวหยาบขรุขระชัดเจน,พื้นที่ศึกษาที่ 9 สระน้ำข้างศาลาธรรม
7-31170-001-011/30,ข่อย,Streblus asper Lour.,MORACEAE,ไม้พุ่ม,ใบผิวหยาบขรุขระชัดเจน,พื้นที่ศึกษาที่ 9 สระน้ำข้างศาลาธรรม
7-31170-001-011/31,ข่อย,Streblus asper Lour.,MORACEAE,ไม้พุ่ม,ใบผิวหยาบขรุขระชัดเจน,พื้นที่ศึกษาที่ 9 สระน้ำข้างศาลาธรรม
7-31170-001-011/32,ข่อย,Streblus asper Lour.,MORACEAE,ไม้พุ่ม,ใบผิวหยาบขรุขระชัดเจน,พื้นที่ศึกษาที่ 11 สวนกาญจนาภิเษก
7-31170-001-011/33,ข่อย,Streblus asper Lour.,MORACEAE,ไม้พุ่ม,ใบผิวหยาบขรุขระชัดเจน,พื้นที่ศึกษาที่ 11 สวนกาญจนาภิเษก
7-31170-001-011/34,ข่อย,Streblus asper Lour.,MORACEAE,ไม้พุ่ม,ใบผิวหยาบขรุขระชัดเจน,พื้นที่ศึกษาที่ 11 สวนกาญจนาภิเษก
7-31170-001-011/35,ข่อย,Streblus asper Lour.,MORACEAE,ไม้พุ่ม,ใบผิวหยาบขรุขระชัดเจน,พื้นที่ศึกษาที่ 11 สวนกาญจนาภิเษก
7-31170-001-011/36,ข่อย,Streblus asper Lour.,MORACEAE,ไม้พุ่ม,ใบผิวหยาบขรุขระชัดเจน,พื้นที่ศึกษาที่ 11 สวนกาญจนาภิเษก
7-31170-001-011/37,ข่อย,Streblus asper Lour.,MORACEAE,ไม้พุ่ม,ใบผิวหยาบขรุขระชัดเจน,พื้นที่ศึกษาที่ 11 สวนกาญจนาภิเษก
7-31170-001-011/38,ข่อย,Streblus asper Lour.,MORACEAE,ไม้พุ่ม,ใบผิวหยาบขรุขระชัดเจน,พื้นที่ศึกษาที่ 11 สวนกาญจนาภิเษก
7-31170-001-011/39,ข่อย,Streblus asper Lour.,MORACEAE,ไม้พุ่ม,ใบผิวหยาบขรุขระชัดเจน,พื้นที่ศึกษาที่ 11 สวนกาญจนาภิเษก
7-31170-001-011/40,ข่อย,Streblus asper Lour.,MORACEAE,ไม้พุ่ม,ใบผิวหยาบขรุขระชัดเจน,พื้นที่ศึกษาที่ 11 สวนกาญจนาภิเษก
7-31170-001-011/41,ข่อย,Streblus asper Lour.,MORACEAE,ไม้พุ่ม,ใบผิวหยาบขรุขระชัดเจน,พื้นที่ศึกษาที่ 11 สวนกาญจนาภิเษก
7-31170-001-011/42,ข่อย,Streblus asper Lour.,MORACEAE,ไม้พุ่ม,ใบผิวหยาบขรุขระชัดเจน,พื้นที่ศึกษาที่ 11 สวนกาญจนาภิเษก
7-31170-001-011/43,ข่อย,Streblus asper Lour.,MORACEAE,ไม้พุ่ม,ใบผิวหยาบขรุขระชัดเจน,พื้นที่ศึกษาที่ 11 สวนกาญจนาภิเษก
7-31170-001-011/44,ข่อย,Streblus asper Lour.,MORACEAE,ไม้พุ่ม,ใบผิวหยาบขรุขระชัดเจน,พื้นที่ศึกษาที่ 11 สวนกาญจนาภิเษก
7-31170-001-011/45,ข่อย,Streblus asper Lour.,MORACEAE,ไม้พุ่ม,ใบผิวหยาบขรุขระชัดเจน,พื้นที่ศึกษาที่ 17 สนามฟุตบอล
7-31170-001-011/46,ข่อย,Streblus asper Lour.,MORACEAE,ไม้พุ่ม,ใบผิวหยาบขรุขระชัดเจน,พื้นที่ศึกษาที่ 14 บ้านพักครูทิศตะวันตก
7-31170-001-011/47,ข่อย,Streblus asper Lour.,MORACEAE,ไม้พุ่ม,ใบผิวหยาบขรุขระชัดเจน,พื้นที่ศึกษาที่ 14 บ้านพักครูทิศตะวันตก
7-31170-001-011/48,ข่อย,Streblus asper Lour.,MORACEAE,ไม้พุ่ม,ใบผิวหยาบขรุขระชัดเจน,พื้นที่ศึกษาที่ 14 บ้านพักครูทิศตะวันตก
7-31170-001-011/49,ข่อย,Streblus asper Lour.,MORACEAE,ไม้พุ่ม,ใบผิวหยาบขรุขระชัดเจน,พื้นที่ศึกษาที่ 16 หอประชุม
7-31170-001-011/50,ข่อย,Streblus asper Lour.,MORACEAE,ไม้พุ่ม,ใบผิวหยาบขรุขระชัดเจน,พื้นที่ศึกษาที่ 16 หอประชุม
7-31170-001-011/51,ข่อย,Streblus asper Lour.,MORACEAE,ไม้พุ่ม,ใบผิวหยาบขรุขระชัดเจน,พื้นที่ศึกษาที่ 17 สนามฟุตบอล
7-31170-001-012/1,อะราง กว่าเซก (เขมร-กาญจนบุรี) คางรุ้ง คางฮุ้ง (พิษณุโลก) จ๊าขาม ซ้าขม (เลย) ตาเซก (เขมร-บุรีรัมย์) ราง (ส่วย-สุรินทร์) อินทรี (จันทบุรี) ร้าง อะล้าง (นครราชสีมา),Peltophorum dasyrachis (Miq.) Kurz,LEGUMINOSAE-CAESALPINIOIDEAE (CAESALPINIACEAE),ไม้ต้น,เปลือกแตกชัดเจน เมื่อโตเต็มที่ จะแผ่กิ่งก้านกินบริเวณกว้าง,พื้นที่ศึกษาที่ 1 ข้างอาคารสิ่งแวดล้อม ด้านทิศตะวันออก
7-31170-001-012/2,อะราง กว่าเซก (เขมร-กาญจนบุรี) คางรุ้ง คางฮุ้ง (พิษณุโลก) จ๊าขาม ซ้าขม (เลย) ตาเซก (เขมร-บุรีรัมย์) ราง (ส่วย-สุรินทร์) อินทรี (จันทบุรี) ร้าง อะล้าง (นครราชสีมา),Peltophorum dasyrachis (Miq.) Kurz,LEGUMINOSAE-CAESALPINIOIDEAE (CAESALPINIACEAE),ไม้ต้น,เปลือกแตกชัดเจน เมื่อโตเต็มที่ จะแผ่กิ่งก้านกินบริเวณกว้าง,พื้นที่ศึกษาที่ 1 ข้างอาคารสิ่งแวดล้อม ด้านทิศตะวันออก
7-31170-001-012/3,อะราง กว่าเซก (เขมร-กาญจนบุรี) คางรุ้ง คางฮุ้ง (พิษณุโลก) จ๊าขาม ซ้าขม (เลย) ตาเซก (เขมร-บุรีรัมย์) ราง (ส่วย-สุรินทร์) อินทรี (จันทบุรี) ร้าง อะล้าง (นครราชสีมา),Peltophorum dasyrachis (Miq.) Kurz,LEGUMINOSAE-CAESALPINIOIDEAE (CAESALPINIACEAE),ไม้ต้น,เปลือกแตกชัดเจน เมื่อโตเต็มที่ จะแผ่กิ่งก้านกินบริเวณกว้าง,พื้นที่ศึกษาที่ 3 ทิศตะวันตกเฉียงเหนือ ข้างอาคารเกษตร
7-31170-001-012/4,อะราง กว่าเซก (เขมร-กาญจนบุรี) คางรุ้ง คางฮุ้ง (พิษณุโลก) จ๊าขาม ซ้าขม (เลย) ตาเซก (เขมร-บุรีรัมย์) ราง (ส่วย-สุรินทร์) อินทรี (จันทบุรี) ร้าง อะล้าง (นครราชสีมา),Peltophorum dasyrachis (Miq.) Kurz,LEGUMINOSAE-CAESALPINIOIDEAE (CAESALPINIACEAE),ไม้ต้น,เปลือกแตกชัดเจน เมื่อโตเต็มที่ จะแผ่กิ่งก้านกินบริเวณกว้าง,พื้นที่ศึกษาที่ 12 แปลงเกษตร
7-31170-001-012/5,อะราง กว่าเซก (เขมร-กาญจนบุรี) คางรุ้ง คางฮุ้ง (พิษณุโลก) จ๊าขาม ซ้าขม (เลย) ตาเซก (เขมร-บุรีรัมย์) ราง (ส่วย-สุรินทร์) อินทรี (จันทบุรี) ร้าง อะล้าง (นครราชสีมา),Peltophorum dasyrachis (Miq.) Kurz,LEGUMINOSAE-CAESALPINIOIDEAE (CAESALPINIACEAE),ไม้ต้น,เปลือกแตกชัดเจน เมื่อโตเต็มที่ จะแผ่กิ่งก้านกินบริเวณกว้าง,พื้นที่ศึกษาที่ 12 แปลงเกษตร
7-31170-001-012/6,อะราง กว่าเซก (เขมร-กาญจนบุรี) คางรุ้ง คางฮุ้ง (พิษณุโลก) จ๊าขาม ซ้าขม (เลย) ตาเซก (เขมร-บุรีรัมย์) ราง (ส่วย-สุรินทร์) อินทรี (จันทบุรี) ร้าง อะล้าง (นครราชสีมา),Peltophorum dasyrachis (Miq.) Kurz,LEGUMINOSAE-CAESALPINIOIDEAE (CAESALPINIACEAE),ไม้ต้น,เปลือกแตกชัดเจน เมื่อโตเต็มที่ จะแผ่กิ่งก้านกินบริเวณกว้าง,พื้นที่ศึกษาที่ 12 แปลงเกษตร
7-31170-001-012/7,อะราง กว่าเซก (เขมร-กาญจนบุรี) คางรุ้ง คางฮุ้ง (พิษณุโลก) จ๊าขาม ซ้าขม (เลย) ตาเซก (เขมร-บุรีรัมย์) ราง (ส่วย-สุรินทร์) อินทรี (จันทบุรี) ร้าง อะล้าง (นครราชสีมา),Peltophorum dasyrachis (Miq.) Kurz,LEGUMINOSAE-CAESALPINIOIDEAE (CAESALPINIACEAE),ไม้ต้น,เปลือกแตกชัดเจน เมื่อโตเต็มที่ จะแผ่กิ่งก้านกินบริเวณกว้าง,พื้นที่ศึกษาที่ 17 สนามฟุตบอล
7-31170-001-012/8,อะราง กว่าเซก (เขมร-กาญจนบุรี) คางรุ้ง คางฮุ้ง (พิษณุโลก) จ๊าขาม ซ้าขม (เลย) ตาเซก (เขมร-บุรีรัมย์) ราง (ส่วย-สุรินทร์) อินทรี (จันทบุรี) ร้าง อะล้าง (นครราชสีมา),Peltophorum dasyrachis (Miq.) Kurz,LEGUMINOSAE-CAESALPINIOIDEAE (CAESALPINIACEAE),ไม้ต้น,เปลือกแตกชัดเจน เมื่อโตเต็มที่ จะแผ่กิ่งก้านกินบริเวณกว้าง,พื้นที่ศึกษาที่ 17 สนามฟุตบอล
7-31170-001-012/9,อะราง กว่าเซก (เขมร-กาญจนบุรี) คางรุ้ง คางฮุ้ง (พิษณุโลก) จ๊าขาม ซ้าขม (เลย) ตาเซก (เขมร-บุรีรัมย์) ราง (ส่วย-สุรินทร์) อินทรี (จันทบุรี) ร้าง อะล้าง (นครราชสีมา),Peltophorum dasyrachis (Miq.) Kurz,LEGUMINOSAE-CAESALPINIOIDEAE (CAESALPINIACEAE),ไม้ต้น,เปลือกแตกชัดเจน เมื่อโตเต็มที่ จะแผ่กิ่งก้านกินบริเวณกว้าง,พื้นที่ศึกษาที่ 17 สนามฟุตบอล
7-31170-001-012/10,อะราง กว่าเซก (เขมร-กาญจนบุรี) คางรุ้ง คางฮุ้ง (พิษณุโลก) จ๊าขาม ซ้าขม (เลย) ตาเซก (เขมร-บุรีรัมย์) ราง (ส่วย-สุรินทร์) อินทรี (จันทบุรี) ร้าง อะล้าง (นครราชสีมา),Peltophorum dasyrachis (Miq.) Kurz,LEGUMINOSAE-CAESALPINIOIDEAE (CAESALPINIACEAE),ไม้ต้น,เปลือกแตกชัดเจน เมื่อโตเต็มที่ จะแผ่กิ่งก้านกินบริเวณกว้าง,พื้นที่ศึกษาที่ 17 สนามฟุตบอล
7-31170-001-012/11,อะราง กว่าเซก (เขมร-กาญจนบุรี) คางรุ้ง คางฮุ้ง (พิษณุโลก) จ๊าขาม ซ้าขม (เลย) ตาเซก (เขมร-บุรีรัมย์) ราง (ส่วย-สุรินทร์) อินทรี (จันทบุรี) ร้าง อะล้าง (นครราชสีมา),Peltophorum dasyrachis (Miq.) Kurz,LEGUMINOSAE-CAESALPINIOIDEAE (CAESALPINIACEAE),ไม้ต้น,เปลือกแตกชัดเจน เมื่อโตเต็มที่ จะแผ่กิ่งก้านกินบริเวณกว้าง,พื้นที่ศึกษาที่ 14 บ้านพักครูทิศตะวันตก
7-31170-001-012/12,อะราง กว่าเซก (เขมร-กาญจนบุรี) คางรุ้ง คางฮุ้ง (พิษณุโลก) จ๊าขาม ซ้าขม (เลย) ตาเซก (เขมร-บุรีรัมย์) ราง (ส่วย-สุรินทร์) อินทรี (จันทบุรี) ร้าง อะล้าง (นครราชสีมา),Peltophorum dasyrachis (Miq.) Kurz,LEGUMINOSAE-CAESALPINIOIDEAE (CAESALPINIACEAE),ไม้ต้น,เปลือกแตกชัดเจน เมื่อโตเต็มที่ จะแผ่กิ่งก้านกินบริเวณกว้าง,พื้นที่ศึกษาที่ 14 บ้านพักครูทิศตะวันตก
7-31170-001-012/13,อะราง กว่าเซก (เขมร-กาญจนบุรี) คางรุ้ง คางฮุ้ง (พิษณุโลก) จ๊าขาม ซ้าขม (เลย) ตาเซก (เขมร-บุรีรัมย์) ราง (ส่วย-สุรินทร์) อินทรี (จันทบุรี) ร้าง อะล้าง (นครราชสีมา),Peltophorum dasyrachis (Miq.) Kurz,LEGUMINOSAE-CAESALPINIOIDEAE (CAESALPINIACEAE),ไม้ต้น,เปลือกแตกชัดเจน เมื่อโตเต็มที่ จะแผ่กิ่งก้านกินบริเวณกว้าง,พื้นที่ศึกษาที่ 15 เตาเผาถ่าน
7-31170-001-013,ชะเอมป่า ตาลอ้อย ส้มป่อยหวาน อ้อยช้าง ย่านงาย,Albizia myriophylla Benth.,LEGUMINOSAE-MIMOSOIDEAE (MIMOSACEAE),ไม้ต้น กึ่งไม้เลื้อย(ไม้รอเลื้อย),เลื้อยเกาะไม้ต้นที่อยู่ใกล้,พื้นที่ศึกษาที่ 1 ข้างอาคารสิ่งแวดล้อม ด้านทิศตะวันออก
7-31170-001-014/1,มะกล่ำต้น,Adenanthera pavonina L.,LEGUMINOSAE-MIMOSOIDEAE,ไม้ต้น,เมล็ดกลมรีสีแดง ผิวมันเกลี้ยง,พื้นที่ศึกษาที่ 1 ข้างอาคารสิ่งแวดล้อม ด้านทิศตะวันออก
7-31170-001-014/2,มะกล่ำต้น,Adenanthera pavonina L.,LEGUMINOSAE-MIMOSOIDEAE,ไม้ต้น,เมล็ดกลมรีสีแดง ผิวมันเกลี้ยง,พื้นที่ศึกษาที่ 5 พื้นที่หลังอาคาร 1
7-31170-001-014/3,มะกล่ำต้น,Adenanthera pavonina L.,LEGUMINOSAE-MIMOSOIDEAE,ไม้ต้น,เมล็ดกลมรีสีแดง ผิวมันเกลี้ยง,พื้นที่ศึกษาที่ 11 สวนกาญจนาภิเษก
7-31170-001-015/1,สะเดา,Azadirachta indica A. Juss. var. siamensis Valeton,MELIACEAE,ไม้ต้น,ดอกยอดอ่อนมีรสขมใช้รับประทานได้,พื้นที่ศึกษาที่ 1 ข้างอาคารสิ่งแวดล้อม ด้านทิศตะวันออก
7-31170-001-015/2,สะเดา,Azadirachta indica A. Juss. var. siamensis Valeton,MELIACEAE,ไม้ต้น,ดอกยอดอ่อนมีรสขมใช้รับประทานได้,พื้นที่ศึกษาที่ 1 ข้างอาคารสิ่งแวดล้อม ด้านทิศตะวันออก
7-31170-001-015/3,สะเดา,Azadirachta indica A. Juss. var. siamensis Valeton,MELIACEAE,ไม้ต้น,ดอกยอดอ่อนมีรสขมใช้รับประทานได้,พื้นที่ศึกษาที่ 11 สวนกาญจนาภิเษก
7-31170-001-015/4,สะเดา,Azadirachta indica A. Juss. var. siamensis Valeton,MELIACEAE,ไม้ต้น,ดอกยอดอ่อนมีรสขมใช้รับประทานได้,พื้นที่ศึกษาที่ 11 สวนกาญจนาภิเษก
7-31170-001-015/5,สะเดา,Azadirachta indica A. Juss. var. siamensis Valeton,MELIACEAE,ไม้ต้น,ดอกยอดอ่อนมีรสขมใช้รับประทานได้,พื้นที่ศึกษาที่ 14 บ้านพักครูทิศตะวันตก
7-31170-001-015/6,สะเดา,Azadirachta indica A. Juss. var. siamensis Valeton,MELIACEAE,ไม้ต้น,ดอกยอดอ่อนมีรสขมใช้รับประทานได้,พื้นที่ศึกษาที่ 14 บ้านพักครูทิศตะวันตก
7-31170-001-015/7,สะเดา,Azadirachta indica A. Juss. var. siamensis Valeton,MELIACEAE,ไม้ต้น,ดอกยอดอ่อนมีรสขมใช้รับประทานได้,พื้นที่ศึกษาที่ 14 บ้านพักครูทิศตะวันตก
7-31170-001-015/8,สะเดา,Azadirachta indica A. Juss. var. siamensis Valeton,MELIACEAE,ไม้ต้น,ดอกยอดอ่อนมีรสขมใช้รับประทานได้,พื้นที่ศึกษาที่ 14 บ้านพักครูทิศตะวันตก
7-31170-001-015/9,สะเดา,Azadirachta indica A. Juss. var. siamensis Valeton,MELIACEAE,ไม้ต้น,ดอกยอดอ่อนมีรสขมใช้รับประทานได้,พื้นที่ศึกษาที่ 14 บ้านพักครูทิศตะวันตก
7-31170-001-015/10,สะเดา,Azadirachta indica A. Juss. var. siamensis Valeton,MELIACEAE,ไม้ต้น,ดอกยอดอ่อนมีรสขมใช้รับประทานได้,พื้นที่ศึกษาที่ 14 บ้านพักครูทิศตะวันตก
7-31170-001-015/11,สะเดา,Azadirachta indica A. Juss. var. siamensis Valeton,MELIACEAE,ไม้ต้น,ดอกยอดอ่อนมีรสขมใช้รับประทานได้,พื้นที่ศึกษาที่ 14 บ้านพักครูทิศตะวันตก
7-31170-001-015/12,สะเดา,Azadirachta indica A. Juss. var. siamensis Valeton,MELIACEAE,ไม้ต้น,ดอกยอดอ่อนมีรสขมใช้รับประทานได้,พื้นที่ศึกษาที่ 14 บ้านพักครูทิศตะวันตก
7-31170-001-015/13,สะเดา,Azadirachta indica A. Juss. var. siamensis Valeton,MELIACEAE,ไม้ต้น,ดอกยอดอ่อนมีรสขมใช้รับประทานได้,พื้นที่ศึกษาที่ 14 บ้านพักครูทิศตะวันตก
7-31170-001-015/14,สะเดา,Azadirachta indica A. Juss. var. siamensis Valeton,MELIACEAE,ไม้ต้น,ดอกยอดอ่อนมีรสขมใช้รับประทานได้,พื้นที่ศึกษาที่ 14 บ้านพักครูทิศตะวันตก
7-31170-001-015/15,สะเดา,Azadirachta indica A. Juss. var. siamensis Valeton,MELIACEAE,ไม้ต้น,ดอกยอดอ่อนมีรสขมใช้รับประทานได้,พื้นที่ศึกษาที่ 14 บ้านพักครูทิศตะวันตก
7-31170-001-015/16,สะเดา,Azadirachta indica A. Juss. var. siamensis Valeton,MELIACEAE,ไม้ต้น,ดอกยอดอ่อนมีรสขมใช้รับประทานได้,พื้นที่ศึกษาที่ 14 บ้านพักครูทิศตะวันตก
7-31170-001-015/17,สะเดา,Azadirachta indica A. Juss. var. siamensis Valeton,MELIACEAE,ไม้ต้น,ดอกยอดอ่อนมีรสขมใช้รับประทานได้,พื้นที่ศึกษาที่ 15 เตาเผาถ่าน
7-31170-001-015/18,สะเดา,Azadirachta indica A. Juss. var. siamensis Valeton,MELIACEAE,ไม้ต้น,ดอกยอดอ่อนมีรสขมใช้รับประทานได้,พื้นที่ศึกษาที่ 15 เตาเผาถ่าน
7-31170-001-015/19,สะเดา,Azadirachta indica A. Juss. var. siamensis Valeton,MELIACEAE,ไม้ต้น,ดอกยอดอ่อนมีรสขมใช้รับประทานได้,พื้นที่ศึกษาที่ 16 หอประชุม
7-31170-001-015/20,สะเดา,Azadirachta indica A. Juss. var. siamensis Valeton,MELIACEAE,ไม้ต้น,ดอกยอดอ่อนมีรสขมใช้รับประทานได้,พื้นที่ศึกษาที่ 16 หอประชุม
7-31170-001-015/21,สะเดา,Azadirachta indica A. Juss. var. siamensis Valeton,MELIACEAE,ไม้ต้น,ดอกยอดอ่อนมีรสขมใช้รับประทานได้,พื้นที่ศึกษาที่ 16 หอประชุม
7-31170-001-015/22,สะเดา,Azadirachta indica A. Juss. var. siamensis Valeton,MELIACEAE,ไม้ต้น,ดอกยอดอ่อนมีรสขมใช้รับประทานได้,พื้นที่ศึกษาที่ 16 หอประชุม
7-31170-001-015/23,สะเดา,Azadirachta indica A. Juss. var. siamensis Valeton,MELIACEAE,ไม้ต้น,ดอกยอดอ่อนมีรสขมใช้รับประทานได้,พื้นที่ศึกษาที่ 16 หอประชุม
7-31170-001-015/24,สะเดา,Azadirachta indica A. Juss. var. siamensis Valeton,MELIACEAE,ไม้ต้น,ดอกยอดอ่อนมีรสขมใช้รับประทานได้,พื้นที่ศึกษาที่ 16 หอประชุม
7-31170-001-015/25,สะเดา,Azadirachta indica A. Juss. var. siamensis Valeton,MELIACEAE,ไม้ต้น,ดอกยอดอ่อนมีรสขมใช้รับประทานได้,พื้นที่ศึกษาที่ 16 หอประชุม
7-31170-001-015/26,สะเดา,Azadirachta indica A. Juss. var. siamensis Valeton,MELIACEAE,ไม้ต้น,ดอกยอดอ่อนมีรสขมใช้รับประทานได้,พื้นที่ศึกษาที่ 16 หอประชุม
7-31170-001-015/27,สะเดา,Azadirachta indica A. Juss. var. siamensis Valeton,MELIACEAE,ไม้ต้น,ดอกยอดอ่อนมีรสขมใช้รับประทานได้,พื้นที่ศึกษาที่ 16 หอประชุม
7-31170-001-015/28,สะเดา,Azadirachta indica A. Juss. var. siamensis Valeton,MELIACEAE,ไม้ต้น,ดอกยอดอ่อนมีรสขมใช้รับประทานได้,พื้นที่ศึกษาที่ 16 หอประชุม
7-31170-001-016/1,ตะขบป่า,Flacourtia indica (Burm.f.) Merr.,FLACOURTIACEAE,ไม้พุ่ม,ตามและกิ่งลำต้นมีหนาม,พื้นที่ศึกษาที่ 1 ข้างอาคารสิ่งแวดล้อม ด้านทิศตะวันออก
7-31170-001-016/2,ตะขบป่า,Flacourtia indica (Burm.f.) Merr.,FLACOURTIACEAE,ไม้พุ่ม,ตามและกิ่งลำต้นมีหนาม,พื้นที่ศึกษาที่ 1 ข้างอาคารสิ่งแวดล้อม ด้านทิศตะวันออก
7-31170-001-016/3,ตะขบป่า,Flacourtia indica (Burm.f.) Merr.,FLACOURTIACEAE,ไม้พุ่ม,ตามและกิ่งลำต้นมีหนาม,พื้นที่ศึกษาที่ 2 ทิศเหนือศูนย์สิ่งแวดล้อม
7-31170-001-017/1,จันทน์ผา,Dracaena loureiroi Gagnep.,DRACAENACEAE,ไม้พุ่มกึ่งไม้ต้นขนาดเล็ก,ข้อปล้องสั้นแต่เห็นชัดเจน,พื้นที่ศึกษาที่ 1 ข้างอาคารสิ่งแวดล้อม ด้านทิศตะวันออก
7-31170-001-017/2,จันทน์ผา,Dracaena loureiroi Gagnep.,DRACAENACEAE,ไม้พุ่มกึ่งไม้ต้นขนาดเล็ก,ข้อปล้องสั้นแต่เห็นชัดเจน,พื้นที่ศึกษาที่ 2 ทิศเหนือศูนย์สิ่งแวดล้อม
7-31170-001-017/3,จันทน์ผา,Dracaena loureiroi Gagnep.,DRACAENACEAE,ไม้พุ่มกึ่งไม้ต้นขนาดเล็ก,ข้อปล้องสั้นแต่เห็นชัดเจน,พื้นที่ศึกษาที่ 2 ทิศเหนือศูนย์สิ่งแวดล้อม
7-31170-001-017/4,จันทน์ผา,Dracaena loureiroi Gagnep.,DRACAENACEAE,ไม้พุ่มกึ่งไม้ต้นขนาดเล็ก,ข้อปล้องสั้นแต่เห็นชัดเจน,พื้นที่ศึกษาที่ 16 หอประชุม
7-31170-001-018/1,ลิ้นมังกร,Antirrhinum majus L.,SCROPHULARIACEAE,ไม้ล้มลุก,ใบหนาเรียวยาวปลายแหลม และอวบน้ำ,พื้นที่ศึกษาที่ 1 ข้างอาคารสิ่งแวดล้อม ด้านทิศตะวันออก
7-31170-001-018/2,ลิ้นมังกร,Antirrhinum majus L.,SCROPHULARIACEAE,ไม้ล้มลุก,ใบหนาเรียวยาวปลายแหลม และอวบน้ำ,พื้นที่ศึกษาที่ 2 ทิศเหนือศูนย์สิ่งแวดล้อม
7-31170-001-018/3,ลิ้นมังกร,Antirrhinum majus L.,SCROPHULARIACEAE,ไม้ล้มลุก,ใบหนาเรียวยาวปลายแหลม และอวบน้ำ,พื้นที่ศึกษาที่ 3 ทิศตะวันตกเฉียงเหนือ ข้างอาคารเกษตร
7-31170-001-018/4,ลิ้นมังกร,Antirrhinum majus L.,SCROPHULARIACEAE,ไม้ล้มลุก,ใบหนาเรียวยาวปลายแหลม และอวบน้ำ,พื้นที่ศึกษาที่ 3 ทิศตะวันตกเฉียงเหนือ ข้างอาคารเกษตร
7-31170-001-018/5,ลิ้นมังกร,Antirrhinum majus L.,SCROPHULARIACEAE,ไม้ล้มลุก,ใบหนาเรียวยาวปลายแหลม และอวบน้ำ,พื้นที่ศึกษาที่ 4 ทิศตะวันตกอาคารเกษตร
7-31170-001-018/6,ลิ้นมังกร,Antirrhinum majus L.,SCROPHULARIACEAE,ไม้ล้มลุก,ใบหนาเรียวยาวปลายแหลม และอวบน้ำ,พื้นที่ศึกษาที่ 4 ทิศตะวันตกอาคารเกษตร
7-31170-001-018/7,ลิ้นมังกร,Antirrhinum majus L.,SCROPHULARIACEAE,ไม้ล้มลุก,ใบหนาเรียวยาวปลายแหลม และอวบน้ำ,พื้นที่ศึกษาที่ 5 พื้นที่หลังอาคาร 1
7-31170-001-018/8,ลิ้นมังกร,Antirrhinum majus L.,SCROPHULARIACEAE,ไม้ล้มลุก,ใบหนาเรียวยาวปลายแหลม และอวบน้ำ,พื้นที่ศึกษาที่ 14 บ้านพักครูทิศตะวันตก
7-31170-001-018/9,ลิ้นมังกร,Antirrhinum majus L.,SCROPHULARIACEAE,ไม้ล้มลุก,ใบหนาเรียวยาวปลายแหลม และอวบน้ำ,พื้นที่ศึกษาที่ 14 บ้านพักครูทิศตะวันตก
7-31170-001-018/10,ลิ้นมังกร,Antirrhinum majus L.,SCROPHULARIACEAE,ไม้ล้มลุก,ใบหนาเรียวยาวปลายแหลม และอวบน้ำ,พื้นที่ศึกษาที่ 16 หอประชุม
7-31170-001-019,ปรงเม็กซิกัน,Zamia furfuracea L.f.,ZAMIACEAE,ไม้พุ่ม,ใบหนาแข็งเป็นมันลำต้น เสมอดิน,พื้นที่ศึกษาที่ 1 ข้างอาคารสิ่งแวดล้อม ด้านทิศตะวันออก
7-31170-001-020/1,ปาล์มน้ำมัน,Elaeis guineensis Jacq.,PALMAE (ARECACEAE),ปาล์ม,ก้านใบมีหนามแหลมคม,พื้นที่ศึกษาที่ 1 ข้างอาคารสิ่งแวดล้อม ด้านทิศตะวันออก
7-31170-001-020/2,ปาล์มน้ำมัน,Elaeis guineensis Jacq.,PALMAE (ARECACEAE),ปาล์ม,ก้านใบมีหนามแหลมคม,พื้นที่ศึกษาที่ 1 ข้างอาคารสิ่งแวดล้อม ด้านทิศตะวันออก
7-31170-001-020/3,ปาล์มน้ำมัน,Elaeis guineensis Jacq.,PALMAE (ARECACEAE),ปาล์ม,ก้านใบมีหนามแหลมคม,พื้นที่ศึกษาที่ 1 ข้างอาคารสิ่งแวดล้อม ด้านทิศตะวันออก
7-31170-001-020/4,ปาล์มน้ำมัน,Elaeis guineensis Jacq.,PALMAE (ARECACEAE),ปาล์ม,ก้านใบมีหนามแหลมคม,พื้นที่ศึกษาที่ 3 ทิศตะวันตกเฉียงเหนือ ข้างอาคารเกษตร
7-31170-001-020/5,ปาล์มน้ำมัน,Elaeis guineensis Jacq.,PALMAE (ARECACEAE),ปาล์ม,ก้านใบมีหนามแหลมคม,พื้นที่ศึกษาที่ 3 ทิศตะวันตกเฉียงเหนือ ข้างอาคารเกษตร
7-31170-001-020/6,ปาล์มน้ำมัน,Elaeis guineensis Jacq.,PALMAE (ARECACEAE),ปาล์ม,ก้านใบมีหนามแหลมคม,พื้นที่ศึกษาที่ 3 ทิศตะวันตกเฉียงเหนือ ข้างอาคารเกษตร
7-31170-001-020/7,ปาล์มน้ำมัน,Elaeis guineensis Jacq.,PALMAE (ARECACEAE),ปาล์ม,ก้านใบมีหนามแหลมคม,พื้นที่ศึกษาที่ 6 หน้าอาคาร 1
7-31170-001-020/8,ปาล์มน้ำมัน,Elaeis guineensis Jacq.,PALMAE (ARECACEAE),ปาล์ม,ก้านใบมีหนามแหลมคม,พื้นที่ศึกษาที่ 6 หน้าอาคาร 1
7-31170-001-020/9,ปาล์มน้ำมัน,Elaeis guineensis Jacq.,PALMAE (ARECACEAE),ปาล์ม,ก้านใบมีหนามแหลมคม,พื้นที่ศึกษาที่ 6 หน้าอาคาร 1
7-31170-001-020/10,ปาล์มน้ำมัน,Elaeis guineensis Jacq.,PALMAE (ARECACEAE),ปาล์ม,ก้านใบมีหนามแหลมคม,พื้นที่ศึกษาที่ 6 หน้าอาคาร 1
7-31170-001-020/11,ปาล์มน้ำมัน,Elaeis guineensis Jacq.,PALMAE (ARECACEAE),ปาล์ม,ก้านใบมีหนามแหลมคม,พื้นที่ศึกษาที่ 6 หน้าอาคาร 1
7-31170-001-020/12,ปาล์มน้ำมัน,Elaeis guineensis Jacq.,PALMAE (ARECACEAE),ปาล์ม,ก้านใบมีหนามแหลมคม,พื้นที่ศึกษาที่ 8 บริเวณอาคาร 4
7-31170-001-020/13,ปาล์มน้ำมัน,Elaeis guineensis Jacq.,PALMAE (ARECACEAE),ปาล์ม,ก้านใบมีหนามแหลมคม,พื้นที่ศึกษาที่ 8 บริเวณอาคาร 4
7-31170-001-020/14,ปาล์มน้ำมัน,Elaeis guineensis Jacq.,PALMAE (ARECACEAE),ปาล์ม,ก้านใบมีหนามแหลมคม,พื้นที่ศึกษาที่ 8 บริเวณอาคาร 4
7-31170-001-020/15,ปาล์มน้ำมัน,Elaeis guineensis Jacq.,PALMAE (ARECACEAE),ปาล์ม,ก้านใบมีหนามแหลมคม,พื้นที่ศึกษาที่ 8 บริเวณอาคาร 4
7-31170-001-020/16,ปาล์มน้ำมัน,Elaeis guineensis Jacq.,PALMAE (ARECACEAE),ปาล์ม,ก้านใบมีหนามแหลมคม,พื้นที่ศึกษาที่ 8 บริเวณอาคาร 4
7-31170-001-020/17,ปาล์มน้ำมัน,Elaeis guineensis Jacq.,PALMAE (ARECACEAE),ปาล์ม,ก้านใบมีหนามแหลมคม,พื้นที่ศึกษาที่ 8 บริเวณอาคาร 4
7-31170-001-020/18,ปาล์มน้ำมัน,Elaeis guineensis Jacq.,PALMAE (ARECACEAE),ปาล์ม,ก้านใบมีหนามแหลมคม,พื้นที่ศึกษาที่ 8 บริเวณอาคาร 4
7-31170-001-020/19,ปาล์มน้ำมัน,Elaeis guineensis Jacq.,PALMAE (ARECACEAE),ปาล์ม,ก้านใบมีหนามแหลมคม,พื้นที่ศึกษาที่ 8 บริเวณอาคาร 4
7-31170-001-020/20,ปาล์มน้ำมัน,Elaeis guineensis Jacq.,PALMAE (ARECACEAE),ปาล์ม,ก้านใบมีหนามแหลมคม,พื้นที่ศึกษาที่ 9 สระน้ำข้างศาลาธรรม
7-31170-001-020/21,ปาล์มน้ำมัน,Elaeis guineensis Jacq.,PALMAE (ARECACEAE),ปาล์ม,ก้านใบมีหนามแหลมคม,พื้นที่ศึกษาที่ 9 สระน้ำข้างศาลาธรรม
7-31170-001-020/22,ปาล์มน้ำมัน,Elaeis guineensis Jacq.,PALMAE (ARECACEAE),ปาล์ม,ก้านใบมีหนามแหลมคม,พื้นที่ศึกษาที่ 9 สระน้ำข้างศาลาธรรม
7-31170-001-020/23,ปาล์มน้ำมัน,Elaeis guineensis Jacq.,PALMAE (ARECACEAE),ปาล์ม,ก้านใบมีหนามแหลมคม,พื้นที่ศึกษาที่ 9 สระน้ำข้างศาลาธรรม
7-31170-001-020/24,ปาล์มน้ำมัน,Elaeis guineensis Jacq.,PALMAE (ARECACEAE),ปาล์ม,ก้านใบมีหนามแหลมคม,พื้นที่ศึกษาที่ 9 สระน้ำข้างศาลาธรรม
7-31170-001-020/25,ปาล์มน้ำมัน,Elaeis guineensis Jacq.,PALMAE (ARECACEAE),ปาล์ม,ก้านใบมีหนามแหลมคม,พื้นที่ศึกษาที่ 9 สระน้ำข้างศาลาธรรม
7-31170-001-020/26,ปาล์มน้ำมัน,Elaeis guineensis Jacq.,PALMAE (ARECACEAE),ปาล์ม,ก้านใบมีหนามแหลมคม,พื้นที่ศึกษาที่ 11 สวนกาญจนาภิเษก
7-31170-001-020/27,ปาล์มน้ำมัน,Elaeis guineensis Jacq.,PALMAE (ARECACEAE),ปาล์ม,ก้านใบมีหนามแหลมคม,พื้นที่ศึกษาที่ 11 สวนกาญจนาภิเษก
7-31170-001-020/28,ปาล์มน้ำมัน,Elaeis guineensis Jacq.,PALMAE (ARECACEAE),ปาล์ม,ก้านใบมีหนามแหลมคม,พื้นที่ศึกษาที่ 11 สวนกาญจนาภิเษก
7-31170-001-020/29,ปาล์มน้ำมัน,Elaeis guineensis Jacq.,PALMAE (ARECACEAE),ปาล์ม,ก้านใบมีหนามแหลมคม,พื้นที่ศึกษาที่ 11 สวนกาญจนาภิเษก
7-31170-001-020/30,ปาล์มน้ำมัน,Elaeis guineensis Jacq.,PALMAE (ARECACEAE),ปาล์ม,ก้านใบมีหนามแหลมคม,พื้นที่ศึกษาที่ 11 สวนกาญจนาภิเษก
7-31170-001-020/31,ปาล์มน้ำมัน,Elaeis guineensis Jacq.,PALMAE (ARECACEAE),ปาล์ม,ก้านใบมีหนามแหลมคม,พื้นที่ศึกษาที่ 11 สวนกาญจนาภิเษก
7-31170-001-020/32,ปาล์มน้ำมัน,Elaeis guineensis Jacq.,PALMAE (ARECACEAE),ปาล์ม,ก้านใบมีหนามแหลมคม,พื้นที่ศึกษาที่ 11 สวนกาญจนาภิเษก
7-31170-001-020/33,ปาล์มน้ำมัน,Elaeis guineensis Jacq.,PALMAE (ARECACEAE),ปาล์ม,ก้านใบมีหนามแหลมคม,พื้นที่ศึกษาที่ 11 สวนกาญจนาภิเษก
7-31170-001-020/34,ปาล์มน้ำมัน,Elaeis guineensis Jacq.,PALMAE (ARECACEAE),ปาล์ม,ก้านใบมีหนามแหลมคม,พื้นที่ศึกษาที่ 11 สวนกาญจนาภิเษก
7-31170-001-020/35,ปาล์มน้ำมัน,Elaeis guineensis Jacq.,PALMAE (ARECACEAE),ปาล์ม,ก้านใบมีหนามแหลมคม,พื้นที่ศึกษาที่ 11 สวนกาญจนาภิเษก
7-31170-001-021,ฝิ่นต้น (กรุงเทพฯ) มะหุ่งแดง (ภาคเหนือ),Jatropha multifida L.,EUPHORBIACEAE,ไม้พุ่ม,ผลสีแดงออกที่ปลายกิ่ง,พื้นที่ศึกษาที่ 1 ข้างอาคารสิ่งแวดล้อม ด้านทิศตะวันออก
7-31170-001-022,พะยอม กะยอม (เชียงใหม่) ขะยอม (ลาว) ขะยอมแดง พะยอมดง (ภาคเหนือ) แคน (เลย) เขียง เชี่ยง (กะเหรี่ยง-เชียงใหม่) พะยอมทอง (สุราฎร์ธานี) ยางหยวก (น่าน),Shorea roxburghii G.Don,DIPTEROCARPACEAE,ไม้ต้น,ดอกมีกลิ่นหอม,พื้นที่ศึกษาที่ 1 ข้างอาคารสิ่งแวดล้อม ด้านทิศตะวันออก
7-31170-001-023,พยุง,Dalbergia cochinchinensis Pierre,LEGUMINOSAE-PAPILIONOIDEAE (PAPILIONACEAE),ไม้ต้น,สีขาว กลิ่นหอมอ่อนๆทรงรูปดอกถั่ว ออกรวมกันเป็นช่อตามง่ามใบ และตามปลายกิ่ง,พื้นที่ศึกษาที่ 1 ข้างอาคารสิ่งแวดล้อม ด้านทิศตะวันออก
7-31170-001-024/1,ปีบ,Millingtonia hortensis L.f.,BIGNONIACEAE,ไม้ต้น,ดอกมีลักษณะเหมือนแตรมีสีขาว มีกลิ่นหอม,พื้นที่ศึกษาที่ 1 ข้างอาคารสิ่งแวดล้อม ด้านทิศตะวันออก
7-31170-001-024/2,ปีบ,Millingtonia hortensis L.f.,BIGNONIACEAE,ไม้ต้น,ดอกมีลักษณะเหมือนแตรมีสีขาว มีกลิ่นหอม,พื้นที่ศึกษาที่ 7 หลังอาคาร 3
7-31170-001-024/3,ปีบ,Millingtonia hortensis L.f.,BIGNONIACEAE,ไม้ต้น,ดอกมีลักษณะเหมือนแตรมีสีขาว มีกลิ่นหอม,พื้นที่ศึกษาที่ 8 บริเวณอาคาร 4
7-31170-001-024/4,ปีบ,Millingtonia hortensis L.f.,BIGNONIACEAE,ไม้ต้น,ดอกมีลักษณะเหมือนแตรมีสีขาว มีกลิ่นหอม,พื้นที่ศึกษาที่ 8 บริเวณอาคาร 4
7-31170-001-024/5,ปีบ,Millingtonia hortensis L.f.,BIGNONIACEAE,ไม้ต้น,ดอกมีลักษณะเหมือนแตรมีสีขาว มีกลิ่นหอม,พื้นที่ศึกษาที่ 8 บริเวณอาคาร 4
7-31170-001-024/6,ปีบ,Millingtonia hortensis L.f.,BIGNONIACEAE,ไม้ต้น,ดอกมีลักษณะเหมือนแตรมีสีขาว มีกลิ่นหอม,พื้นที่ศึกษาที่ 8 บริเวณอาคาร 4
7-31170-001-024/7,ปีบ,Millingtonia hortensis L.f.,BIGNONIACEAE,ไม้ต้น,ดอกมีลักษณะเหมือนแตรมีสีขาว มีกลิ่นหอม,พื้นที่ศึกษาที่ 8 บริเวณอาคาร 4
7-31170-001-024/8,ปีบ,Millingtonia hortensis L.f.,BIGNONIACEAE,ไม้ต้น,ดอกมีลักษณะเหมือนแตรมีสีขาว มีกลิ่นหอม,พื้นที่ศึกษาที่ 9 สระน้ำข้างศาลาธรรม
7-31170-001-024/9,ปีบ,Millingtonia hortensis L.f.,BIGNONIACEAE,ไม้ต้น,ดอกมีลักษณะเหมือนแตรมีสีขาว มีกลิ่นหอม,พื้นที่ศึกษาที่ 14 บ้านพักครูทิศตะวันตก
7-31170-001-024/10,ปีบ,Millingtonia hortensis L.f.,BIGNONIACEAE,ไม้ต้น,ดอกมีลักษณะเหมือนแตรมีสีขาว มีกลิ่นหอม,พื้นที่ศึกษาที่ 14 บ้านพักครูทิศตะวันตก
7-31170-001-025/1,เฟิร์นใบมะขาม,Nephrolepis sp.,NEPHROLEPIDACEAE,เฟิร์น,มีสปอใต้ใบ,พื้นที่ศึกษาที่ 1 ข้างอาคารสิ่งแวดล้อม ด้านทิศตะวันออก
7-31170-001-025/2,เฟิร์นใบมะขาม,Nephrolepis sp.,NEPHROLEPIDACEAE,เฟิร์น,มีสปอใต้ใบ,พื้นที่ศึกษาที่ 2 ทิศเหนือศูนย์สิ่งแวดล้อม
7-31170-001-025/3,เฟิร์นใบมะขาม,Nephrolepis sp.,NEPHROLEPIDACEAE,เฟิร์น,มีสปอใต้ใบ,พื้นที่ศึกษาที่ 3 ทิศตะวันตกเฉียงเหนือ ข้างอาคารเกษตร
7-31170-001-025/4,เฟิร์นใบมะขาม,Nephrolepis sp.,NEPHROLEPIDACEAE,เฟิร์น,มีสปอใต้ใบ,พื้นที่ศึกษาที่ 3 ทิศตะวันตกเฉียงเหนือ ข้างอาคารเกษตร
7-31170-001-026/1,สาบเสือ,Chromolaena odoratum (L.) R.M.King & H.Rob.,COMPOSITAE (ASTERACEAE),ไม้ล้มลุก,ใบมีกลิ่นฉุน,พื้นที่ศึกษาที่ 1 ข้างอาคารสิ่งแวดล้อม ด้านทิศตะวันออก
7-31170-001-026/2,สาบเสือ,Chromolaena odoratum (L.) R.M.King & H.Rob.,COMPOSITAE (ASTERACEAE),ไม้ล้มลุก,ใบมีกลิ่นฉุน,พื้นที่ศึกษาที่ 12 แปลงเกษตร
7-31170-001-026/3,สาบเสือ,Chromolaena odoratum (L.) R.M.King & H.Rob.,COMPOSITAE (ASTERACEAE),ไม้ล้มลุก,ใบมีกลิ่นฉุน,พื้นที่ศึกษาที่ 14 บ้านพักครูทิศตะวันตก
7-31170-001-026/4,สาบเสือ,Chromolaena odoratum (L.) R.M.King & H.Rob.,COMPOSITAE (ASTERACEAE),ไม้ล้มลุก,ใบมีกลิ่นฉุน,พื้นที่ศึกษาที่ 15 เตาเผาถ่าน
7-31170-001-027/1,โมกบ้าน,Wrightia religiosa Benth. ex Kurz,APOCYNACEAE,ไม้พุ่ม,มียางสีขาวขุ่นที่ผล ใบ ลำต้น,พื้นที่ศึกษาที่ 1 ข้างอาคารสิ่งแวดล้อม ด้านทิศตะวันออก
7-31170-001-027/2,โมกบ้าน,Wrightia religiosa Benth. ex Kurz,APOCYNACEAE,ไม้พุ่ม,มียางสีขาวขุ่นที่ผล ใบ ลำต้น,พื้นที่ศึกษาที่ 1 ข้างอาคารสิ่งแวดล้อม ด้านทิศตะวันออก
7-31170-001-027/3,โมกบ้าน,Wrightia religiosa Benth. ex Kurz,APOCYNACEAE,ไม้พุ่ม,มียางสีขาวขุ่นที่ผล ใบ ลำต้น,พื้นที่ศึกษาที่ 2 ทิศเหนือศูนย์สิ่งแวดล้อม
7-31170-001-027/4,โมกบ้าน,Wrightia religiosa Benth. ex Kurz,APOCYNACEAE,ไม้พุ่ม,มียางสีขาวขุ่นที่ผล ใบ ลำต้น,พื้นที่ศึกษาที่ 2 ทิศเหนือศูนย์สิ่งแวดล้อม
7-31170-001-027/5,โมกบ้าน,Wrightia religiosa Benth. ex Kurz,APOCYNACEAE,ไม้พุ่ม,มียางสีขาวขุ่นที่ผล ใบ ลำต้น,พื้นที่ศึกษาที่ 2 ทิศเหนือศูนย์สิ่งแวดล้อม
7-31170-001-027/6,โมกบ้าน,Wrightia religiosa Benth. ex Kurz,APOCYNACEAE,ไม้พุ่ม,มียางสีขาวขุ่นที่ผล ใบ ลำต้น,พื้นที่ศึกษาที่ 3 ทิศตะวันตกเฉียงเหนือ ข้างอาคารเกษตร
7-31170-001-027/7,โมกบ้าน,Wrightia religiosa Benth. ex Kurz,APOCYNACEAE,ไม้พุ่ม,มียางสีขาวขุ่นที่ผล ใบ ลำต้น,พื้นที่ศึกษาที่ 3 ทิศตะวันตกเฉียงเหนือ ข้างอาคารเกษตร
7-31170-001-027/8,โมกบ้าน,Wrightia religiosa Benth. ex Kurz,APOCYNACEAE,ไม้พุ่ม,มียางสีขาวขุ่นที่ผล ใบ ลำต้น,พื้นที่ศึกษาที่ 3 ทิศตะวันตกเฉียงเหนือ ข้างอาคารเกษตร
7-31170-001-027/9,โมกบ้าน,Wrightia religiosa Benth. ex Kurz,APOCYNACEAE,ไม้พุ่ม,มียางสีขาวขุ่นที่ผล ใบ ลำต้น,พื้นที่ศึกษาที่ 3 ทิศตะวันตกเฉียงเหนือ ข้างอาคารเกษตร
7-31170-001-027/10,โมกบ้าน,Wrightia religiosa Benth. ex Kurz,APOCYNACEAE,ไม้พุ่ม,มียางสีขาวขุ่นที่ผล ใบ ลำต้น,พื้นที่ศึกษาที่ 3 ทิศตะวันตกเฉียงเหนือ ข้างอาคารเกษตร
7-31170-001-027/11,โมกบ้าน,Wrightia religiosa Benth. ex Kurz,APOCYNACEAE,ไม้พุ่ม,มียางสีขาวขุ่นที่ผล ใบ ลำต้น,พื้นที่ศึกษาที่ 3 ทิศตะวันตกเฉียงเหนือ ข้างอาคารเกษตร
7-31170-001-027/12,โมกบ้าน,Wrightia religiosa Benth. ex Kurz,APOCYNACEAE,ไม้พุ่ม,มียางสีขาวขุ่นที่ผล ใบ ลำต้น,พื้นที่ศึกษาที่ 3 ทิศตะวันตกเฉียงเหนือ ข้างอาคารเกษตร
7-31170-001-027/13,โมกบ้าน,Wrightia religiosa Benth. ex Kurz,APOCYNACEAE,ไม้พุ่ม,มียางสีขาวขุ่นที่ผล ใบ ลำต้น,พื้นที่ศึกษาที่ 3 ทิศตะวันตกเฉียงเหนือ ข้างอาคารเกษตร
7-31170-001-027/14,โมกบ้าน,Wrightia religiosa Benth. ex Kurz,APOCYNACEAE,ไม้พุ่ม,มียางสีขาวขุ่นที่ผล ใบ ลำต้น,พื้นที่ศึกษาที่ 3 ทิศตะวันตกเฉียงเหนือ ข้างอาคารเกษตร
7-31170-001-027/15,โมกบ้าน,Wrightia religiosa Benth. ex Kurz,APOCYNACEAE,ไม้พุ่ม,มียางสีขาวขุ่นที่ผล ใบ ลำต้น,พื้นที่ศึกษาที่ 3 ทิศตะวันตกเฉียงเหนือ ข้างอาคารเกษตร
7-31170-001-027/16,โมกบ้าน,Wrightia religiosa Benth. ex Kurz,APOCYNACEAE,ไม้พุ่ม,มียางสีขาวขุ่นที่ผล ใบ ลำต้น,พื้นที่ศึกษาที่ 5 พื้นที่หลังอาคาร 1
7-31170-001-027/17,โมกบ้าน,Wrightia religiosa Benth. ex Kurz,APOCYNACEAE,ไม้พุ่ม,มียางสีขาวขุ่นที่ผล ใบ ลำต้น,พื้นที่ศึกษาที่ 5 พื้นที่หลังอาคาร 1
7-31170-001-027/18,โมกบ้าน,Wrightia religiosa Benth. ex Kurz,APOCYNACEAE,ไม้พุ่ม,มียางสีขาวขุ่นที่ผล ใบ ลำต้น,พื้นที่ศึกษาที่ 5 พื้นที่หลังอาคาร 1
7-31170-001-027/19,โมกบ้าน,Wrightia religiosa Benth. ex Kurz,APOCYNACEAE,ไม้พุ่ม,มียางสีขาวขุ่นที่ผล ใบ ลำต้น,พื้นที่ศึกษาที่ 7 หลังอาคาร 3
7-31170-001-027/20,โมกบ้าน,Wrightia religiosa Benth. ex Kurz,APOCYNACEAE,ไม้พุ่ม,มียางสีขาวขุ่นที่ผล ใบ ลำต้น,พื้นที่ศึกษาที่ 8 บริเวณอาคาร 4
7-31170-001-027/21,โมกบ้าน,Wrightia religiosa Benth. ex Kurz,APOCYNACEAE,ไม้พุ่ม,มียางสีขาวขุ่นที่ผล ใบ ลำต้น,พื้นที่ศึกษาที่ 8 บริเวณอาคาร 4
7-31170-001-027/22,โมกบ้าน,Wrightia religiosa Benth. ex Kurz,APOCYNACEAE,ไม้พุ่ม,มียางสีขาวขุ่นที่ผล ใบ ลำต้น,พื้นที่ศึกษาที่ 8 บริเวณอาคาร 4
7-31170-001-027/23,โมกบ้าน,Wrightia religiosa Benth. ex Kurz,APOCYNACEAE,ไม้พุ่ม,มียางสีขาวขุ่นที่ผล ใบ ลำต้น,พื้นที่ศึกษาที่ 8 บริเวณอาคาร 4
7-31170-001-027/24,โมกบ้าน,Wrightia religiosa Benth. ex Kurz,APOCYNACEAE,ไม้พุ่ม,มียางสีขาวขุ่นที่ผล ใบ ลำต้น,พื้นที่ศึกษาที่ 8 บริเวณอาคาร 4
7-31170-001-027/25,โมกบ้าน,Wrightia religiosa Benth. ex Kurz,APOCYNACEAE,ไม้พุ่ม,มียางสีขาวขุ่นที่ผล ใบ ลำต้น,พื้นที่ศึกษาที่ 8 บริเวณอาคาร 4
7-31170-001-027/26,โมกบ้าน,Wrightia religiosa Benth. ex Kurz,APOCYNACEAE,ไม้พุ่ม,มียางสีขาวขุ่นที่ผล ใบ ลำต้น,พื้นที่ศึกษาที่ 8 บริเวณอาคาร 4
7-31170-001-027/27,โมกบ้าน,Wrightia religiosa Benth. ex Kurz,APOCYNACEAE,ไม้พุ่ม,มียางสีขาวขุ่นที่ผล ใบ ลำต้น,พื้นที่ศึกษาที่ 8 บริเวณอาคาร 4
7-31170-001-027/28,โมกบ้าน,Wrightia religiosa Benth. ex Kurz,APOCYNACEAE,ไม้พุ่ม,มียางสีขาวขุ่นที่ผล ใบ ลำต้น,พื้นที่ศึกษาที่ 8 บริเวณอาคาร 4
7-31170-001-027/29,โมกบ้าน,Wrightia religiosa Benth. ex Kurz,APOCYNACEAE,ไม้พุ่ม,มียางสีขาวขุ่นที่ผล ใบ ลำต้น,พื้นที่ศึกษาที่ 8 บริเวณอาคาร 4
7-31170-001-027/30,โมกบ้าน,Wrightia religiosa Benth. ex Kurz,APOCYNACEAE,ไม้พุ่ม,มียางสีขาวขุ่นที่ผล ใบ ลำต้น,พื้นที่ศึกษาที่ 8 บริเวณอาคาร 4
7-31170-001-027/31,โมกบ้าน,Wrightia religiosa Benth. ex Kurz,APOCYNACEAE,ไม้พุ่ม,มียางสีขาวขุ่นที่ผล ใบ ลำต้น,พื้นที่ศึกษาที่ 10 หน้าอาคาร 3
7-31170-001-027/32,โมกบ้าน,Wrightia religiosa Benth. ex Kurz,APOCYNACEAE,ไม้พุ่ม,มียางสีขาวขุ่นที่ผล ใบ ลำต้น,พื้นที่ศึกษาที่ 10 หน้าอาคาร 3
7-31170-001-027/33,โมกบ้าน,Wrightia religiosa Benth. ex Kurz,APOCYNACEAE,ไม้พุ่ม,มียางสีขาวขุ่นที่ผล ใบ ลำต้น,พื้นที่ศึกษาที่ 10 หน้าอาคาร 3
7-31170-001-027/34,โมกบ้าน,Wrightia religiosa Benth. ex Kurz,APOCYNACEAE,ไม้พุ่ม,มียางสีขาวขุ่นที่ผล ใบ ลำต้น,พื้นที่ศึกษาที่ 10 หน้าอาคาร 3
7-31170-001-027/35,โมกบ้าน,Wrightia religiosa Benth. ex Kurz,APOCYNACEAE,ไม้พุ่ม,มียางสีขาวขุ่นที่ผล ใบ ลำต้น,พื้นที่ศึกษาที่ 10 หน้าอาคาร 3
7-31170-001-027/36,โมกบ้าน,Wrightia religiosa Benth. ex Kurz,APOCYNACEAE,ไม้พุ่ม,มียางสีขาวขุ่นที่ผล ใบ ลำต้น,พื้นที่ศึกษาที่ 10 หน้าอาคาร 3
7-31170-001-027/37,โมกบ้าน,Wrightia religiosa Benth. ex Kurz,APOCYNACEAE,ไม้พุ่ม,มียางสีขาวขุ่นที่ผล ใบ ลำต้น,พื้นที่ศึกษาที่ 10 หน้าอาคาร 3
7-31170-001-027/38,โมกบ้าน,Wrightia religiosa Benth. ex Kurz,APOCYNACEAE,ไม้พุ่ม,มียางสีขาวขุ่นที่ผล ใบ ลำต้น,พื้นที่ศึกษาที่ 10 หน้าอาคาร 3
7-31170-001-027/39,โมกบ้าน,Wrightia religiosa Benth. ex Kurz,APOCYNACEAE,ไม้พุ่ม,มียางสีขาวขุ่นที่ผล ใบ ลำต้น,พื้นที่ศึกษาที่ 10 หน้าอาคาร 3
7-31170-001-027/40,โมกบ้าน,Wrightia religiosa Benth. ex Kurz,APOCYNACEAE,ไม้พุ่ม,มียางสีขาวขุ่นที่ผล ใบ ลำต้น,พื้นที่ศึกษาที่ 10 หน้าอาคาร 3
7-31170-001-027/41,โมกบ้าน,Wrightia religiosa Benth. ex Kurz,APOCYNACEAE,ไม้พุ่ม,มียางสีขาวขุ่นที่ผล ใบ ลำต้น,พื้นที่ศึกษาที่ 10 หน้าอาคาร 3
7-31170-001-027/42,โมกบ้าน,Wrightia religiosa Benth. ex Kurz,APOCYNACEAE,ไม้พุ่ม,มียางสีขาวขุ่นที่ผล ใบ ลำต้น,พื้นที่ศึกษาที่ 10 หน้าอาคาร 3
7-31170-001-027/43,โมกบ้าน,Wrightia religiosa Benth. ex Kurz,APOCYNACEAE,ไม้พุ่ม,มียางสีขาวขุ่นที่ผล ใบ ลำต้น,พื้นที่ศึกษาที่ 10 หน้าอาคาร 3
7-31170-001-027/44,โมกบ้าน,Wrightia religiosa Benth. ex Kurz,APOCYNACEAE,ไม้พุ่ม,มียางสีขาวขุ่นที่ผล ใบ ลำต้น,พื้นที่ศึกษาที่ 10 หน้าอาคาร 3
7-31170-001-027/45,โมกบ้าน,Wrightia religiosa Benth. ex Kurz,APOCYNACEAE,ไม้พุ่ม,มียางสีขาวขุ่นที่ผล ใบ ลำต้น,พื้นที่ศึกษาที่ 10 หน้าอาคาร 3
7-31170-001-027/46,โมกบ้าน,Wrightia religiosa Benth. ex Kurz,APOCYNACEAE,ไม้พุ่ม,มียางสีขาวขุ่นที่ผล ใบ ลำต้น,พื้นที่ศึกษาที่ 10 หน้าอาคาร 3
7-31170-001-027/47,โมกบ้าน,Wrightia religiosa Benth. ex Kurz,APOCYNACEAE,ไม้พุ่ม,มียางสีขาวขุ่นที่ผล ใบ ลำต้น,พื้นที่ศึกษาที่ 10 หน้าอาคาร 3
7-31170-001-027/48,โมกบ้าน,Wrightia religiosa Benth. ex Kurz,APOCYNACEAE,ไม้พุ่ม,มียางสีขาวขุ่นที่ผล ใบ ลำต้น,พื้นที่ศึกษาที่ 10 หน้าอาคาร 3
7-31170-001-027/49,โมกบ้าน,Wrightia religiosa Benth. ex Kurz,APOCYNACEAE,ไม้พุ่ม,มียางสีขาวขุ่นที่ผล ใบ ลำต้น,พื้นที่ศึกษาที่ 10 หน้าอาคาร 3
7-31170-001-027/50,โมกบ้าน,Wrightia religiosa Benth. ex Kurz,APOCYNACEAE,ไม้พุ่ม,มียางสีขาวขุ่นที่ผล ใบ ลำต้น,พื้นที่ศึกษาที่ 10 หน้าอาคาร 3
7-31170-001-027/51,โมกบ้าน,Wrightia religiosa Benth. ex Kurz,APOCYNACEAE,ไม้พุ่ม,มียางสีขาวขุ่นที่ผล ใบ ลำต้น,พื้นที่ศึกษาที่ 10 หน้าอาคาร 3
7-31170-001-027/52,โมกบ้าน,Wrightia religiosa Benth. ex Kurz,APOCYNACEAE,ไม้พุ่ม,มียางสีขาวขุ่นที่ผล ใบ ลำต้น,พื้นที่ศึกษาที่ 10 หน้าอาคาร 3
7-31170-001-027/53,โมกบ้าน,Wrightia religiosa Benth. ex Kurz,APOCYNACEAE,ไม้พุ่ม,มียางสีขาวขุ่นที่ผล ใบ ลำต้น,พื้นที่ศึกษาที่ 10 หน้าอาคาร 3
7-31170-001-027/54,โมกบ้าน,Wrightia religiosa Benth. ex Kurz,APOCYNACEAE,ไม้พุ่ม,มียางสีขาวขุ่นที่ผล ใบ ลำต้น,พื้นที่ศึกษาที่ 16 หอประชุม
7-31170-001-028/1,รางจืด กำลังช้างเผือก ขอบชะนาง เครือเขาเขียว ยาเขียว (ภาคกลาง) คาย รางเย็น (ยะลา) ดุเหว่า (ปัตตานี) ทิดพุด (นครศรีธรรมราช) น้ำนอง (สระบุรี) ย่ำแย้ แอดแอ (เพชรบูรณ์),Thunbergia laurifolia Lindl.,ACANTHACEAE,ไม้เลื้อย,ดอกสีม่วงคล้ายแตร,พื้นที่ศึกษาที่ 2 ทิศเหนือศูนย์สิ่งแวดล้อม
7-31170-001-028/2,รางจืด กำลังช้างเผือก ขอบชะนาง เครือเขาเขียว ยาเขียว (ภาคกลาง) คาย รางเย็น (ยะลา) ดุเหว่า (ปัตตานี) ทิดพุด (นครศรีธรรมราช) น้ำนอง (สระบุรี) ย่ำแย้ แอดแอ (เพชรบูรณ์),Thunbergia laurifolia Lindl.,ACANTHACEAE,ไม้เลื้อย,ดอกสีม่วงคล้ายแตร,พื้นที่ศึกษาที่ 2 ทิศเหนือศูนย์สิ่งแวดล้อม
7-31170-001-028/3,รางจืด กำลังช้างเผือก ขอบชะนาง เครือเขาเขียว ยาเขียว (ภาคกลาง) คาย รางเย็น (ยะลา) ดุเหว่า (ปัตตานี) ทิดพุด (นครศรีธรรมราช) น้ำนอง (สระบุรี) ย่ำแย้ แอดแอ (เพชรบูรณ์),Thunbergia laurifolia Lindl.,ACANTHACEAE,ไม้เลื้อย,ดอกสีม่วงคล้ายแตร,พื้นที่ศึกษาที่ 7 หลังอาคาร 3
7-31170-001-028/4,รางจืด กำลังช้างเผือก ขอบชะนาง เครือเขาเขียว ยาเขียว (ภาคกลาง) คาย รางเย็น (ยะลา) ดุเหว่า (ปัตตานี) ทิดพุด (นครศรีธรรมราช) น้ำนอง (สระบุรี) ย่ำแย้ แอดแอ (เพชรบูรณ์),Thunbergia laurifolia Lindl.,ACANTHACEAE,ไม้เลื้อย,ดอกสีม่วงคล้ายแตร,พื้นที่ศึกษาที่ 17 สนามฟุตบอล
7-31170-001-028/5,รางจืด กำลังช้างเผือก ขอบชะนาง เครือเขาเขียว ยาเขียว (ภาคกลาง) คาย รางเย็น (ยะลา) ดุเหว่า (ปัตตานี) ทิดพุด (นครศรีธรรมราช) น้ำนอง (สระบุรี) ย่ำแย้ แอดแอ (เพชรบูรณ์),Thunbergia laurifolia Lindl.,ACANTHACEAE,ไม้เลื้อย,ดอกสีม่วงคล้ายแตร,พื้นที่ศึกษาที่ 17 สนามฟุตบอล
7-31170-001-028/6,รางจืด กำลังช้างเผือก ขอบชะนาง เครือเขาเขียว ยาเขียว (ภาคกลาง) คาย รางเย็น (ยะลา) ดุเหว่า (ปัตตานี) ทิดพุด (นครศรีธรรมราช) น้ำนอง (สระบุรี) ย่ำแย้ แอดแอ (เพชรบูรณ์),Thunbergia laurifolia Lindl.,ACANTHACEAE,ไม้เลื้อย,ดอกสีม่วงคล้ายแตร,พื้นที่ศึกษาที่ 17 สนามฟุตบอล
7-31170-001-028/7,รางจืด กำลังช้างเผือก ขอบชะนาง เครือเขาเขียว ยาเขียว (ภาคกลาง) คาย รางเย็น (ยะลา) ดุเหว่า (ปัตตานี) ทิดพุด (นครศรีธรรมราช) น้ำนอง (สระบุรี) ย่ำแย้ แอดแอ (เพชรบูรณ์),Thunbergia laurifolia Lindl.,ACANTHACEAE,ไม้เลื้อย,ดอกสีม่วงคล้ายแตร,พื้นที่ศึกษาที่ 17 สนามฟุตบอล
7-31170-001-028/8,รางจืด กำลังช้างเผือก ขอบชะนาง เครือเขาเขียว ยาเขียว (ภาคกลาง) คาย รางเย็น (ยะลา) ดุเหว่า (ปัตตานี) ทิดพุด (นครศรีธรรมราช) น้ำนอง (สระบุรี) ย่ำแย้ แอดแอ (เพชรบูรณ์),Thunbergia laurifolia Lindl.,ACANTHACEAE,ไม้เลื้อย,ดอกสีม่วงคล้ายแตร,พื้นที่ศึกษาที่ 17 สนามฟุตบอล
7-31170-001-028/9,รางจืด กำลังช้างเผือก ขอบชะนาง เครือเขาเขียว ยาเขียว (ภาคกลาง) คาย รางเย็น (ยะลา) ดุเหว่า (ปัตตานี) ทิดพุด (นครศรีธรรมราช) น้ำนอง (สระบุรี) ย่ำแย้ แอดแอ (เพชรบูรณ์),Thunbergia laurifolia Lindl.,ACANTHACEAE,ไม้เลื้อย,ดอกสีม่วงคล้ายแตร,พื้นที่ศึกษาที่ 17 สนามฟุตบอล
7-31170-001-028/10,รางจืด กำลังช้างเผือก ขอบชะนาง เครือเขาเขียว ยาเขียว (ภาคกลาง) คาย รางเย็น (ยะลา) ดุเหว่า (ปัตตานี) ทิดพุด (นครศรีธรรมราช) น้ำนอง (สระบุรี) ย่ำแย้ แอดแอ (เพชรบูรณ์),Thunbergia laurifolia Lindl.,ACANTHACEAE,ไม้เลื้อย,ดอกสีม่วงคล้ายแตร,พื้นที่ศึกษาที่ 17 สนามฟุตบอล
7-31170-001-028/11,รางจืด กำลังช้างเผือก ขอบชะนาง เครือเขาเขียว ยาเขียว (ภาคกลาง) คาย รางเย็น (ยะลา) ดุเหว่า (ปัตตานี) ทิดพุด (นครศรีธรรมราช) น้ำนอง (สระบุรี) ย่ำแย้ แอดแอ (เพชรบูรณ์),Thunbergia laurifolia Lindl.,ACANTHACEAE,ไม้เลื้อย,ดอกสีม่วงคล้ายแตร,พื้นที่ศึกษาที่ 16 หอประชุม
7-31170-001-028/12,รางจืด กำลังช้างเผือก ขอบชะนาง เครือเขาเขียว ยาเขียว (ภาคกลาง) คาย รางเย็น (ยะลา) ดุเหว่า (ปัตตานี) ทิดพุด (นครศรีธรรมราช) น้ำนอง (สระบุรี) ย่ำแย้ แอดแอ (เพชรบูรณ์),Thunbergia laurifolia Lindl.,ACANTHACEAE,ไม้เลื้อย,ดอกสีม่วงคล้ายแตร,พื้นที่ศึกษาที่ 16 หอประชุม
7-31170-001-028/13,รางจืด กำลังช้างเผือก ขอบชะนาง เครือเขาเขียว ยาเขียว (ภาคกลาง) คาย รางเย็น (ยะลา) ดุเหว่า (ปัตตานี) ทิดพุด (นครศรีธรรมราช) น้ำนอง (สระบุรี) ย่ำแย้ แอดแอ (เพชรบูรณ์),Thunbergia laurifolia Lindl.,ACANTHACEAE,ไม้เลื้อย,ดอกสีม่วงคล้ายแตร,พื้นที่ศึกษาที่ 16 หอประชุม
7-31170-001-028/14,รางจืด กำลังช้างเผือก ขอบชะนาง เครือเขาเขียว ยาเขียว (ภาคกลาง) คาย รางเย็น (ยะลา) ดุเหว่า (ปัตตานี) ทิดพุด (นครศรีธรรมราช) น้ำนอง (สระบุรี) ย่ำแย้ แอดแอ (เพชรบูรณ์),Thunbergia laurifolia Lindl.,ACANTHACEAE,ไม้เลื้อย,ดอกสีม่วงคล้ายแตร,พื้นที่ศึกษาที่ 16 หอประชุม
7-31170-001-028/15,รางจืด กำลังช้างเผือก ขอบชะนาง เครือเขาเขียว ยาเขียว (ภาคกลาง) คาย รางเย็น (ยะลา) ดุเหว่า (ปัตตานี) ทิดพุด (นครศรีธรรมราช) น้ำนอง (สระบุรี) ย่ำแย้ แอดแอ (เพชรบูรณ์),Thunbergia laurifolia Lindl.,ACANTHACEAE,ไม้เลื้อย,ดอกสีม่วงคล้ายแตร,พื้นที่ศึกษาที่ 16 หอประชุม
7-31170-001-029/1,เต่าร้าง,Caryota bacsonensis Magalon,PALMAE (ARECACEAE),ปาล์ม,ก้านใบเป็นกาบหุ้มลำต้น,พื้นที่ศึกษาที่ 2 ทิศเหนือศูนย์สิ่งแวดล้อม
7-31170-001-029/2,เต่าร้าง,Caryota bacsonensis Magalon,PALMAE (ARECACEAE),ปาล์ม,ก้านใบเป็นกาบหุ้มลำต้น,พื้นที่ศึกษาที่ 2 ทิศเหนือศูนย์สิ่งแวดล้อม
7-31170-001-029/3,เต่าร้าง,Caryota bacsonensis Magalon,PALMAE (ARECACEAE),ปาล์ม,ก้านใบเป็นกาบหุ้มลำต้น,พื้นที่ศึกษาที่ 2 ทิศเหนือศูนย์สิ่งแวดล้อม
7-31170-001-029/4,เต่าร้าง,Caryota bacsonensis Magalon,PALMAE (ARECACEAE),ปาล์ม,ก้านใบเป็นกาบหุ้มลำต้น,พื้นที่ศึกษาที่ 2 ทิศเหนือศูนย์สิ่งแวดล้อม
7-31170-001-029/5,เต่าร้าง,Caryota bacsonensis Magalon,PALMAE (ARECACEAE),ปาล์ม,ก้านใบเป็นกาบหุ้มลำต้น,พื้นที่ศึกษาที่ 2 ทิศเหนือศูนย์สิ่งแวดล้อม
7-31170-001-029/6,เต่าร้าง,Caryota bacsonensis Magalon,PALMAE (ARECACEAE),ปาล์ม,ก้านใบเป็นกาบหุ้มลำต้น,พื้นที่ศึกษาที่ 2 ทิศเหนือศูนย์สิ่งแวดล้อม
7-31170-001-029/7,เต่าร้าง,Caryota bacsonensis Magalon,PALMAE (ARECACEAE),ปาล์ม,ก้านใบเป็นกาบหุ้มลำต้น,พื้นที่ศึกษาที่ 2 ทิศเหนือศูนย์สิ่งแวดล้อม
7-31170-001-029/8,เต่าร้าง,Caryota bacsonensis Magalon,PALMAE (ARECACEAE),ปาล์ม,ก้านใบเป็นกาบหุ้มลำต้น,พื้นที่ศึกษาที่ 2 ทิศเหนือศูนย์สิ่งแวดล้อม
7-31170-001-029/9,เต่าร้าง,Caryota bacsonensis Magalon,PALMAE (ARECACEAE),ปาล์ม,ก้านใบเป็นกาบหุ้มลำต้น,พื้นที่ศึกษาที่ 2 ทิศเหนือศูนย์สิ่งแวดล้อม
7-31170-001-029/10,เต่าร้าง,Caryota bacsonensis Magalon,PALMAE (ARECACEAE),ปาล์ม,ก้านใบเป็นกาบหุ้มลำต้น,พื้นที่ศึกษาที่ 2 ทิศเหนือศูนย์สิ่งแวดล้อม
7-31170-001-029/11,เต่าร้าง,Caryota bacsonensis Magalon,PALMAE (ARECACEAE),ปาล์ม,ก้านใบเป็นกาบหุ้มลำต้น,พื้นที่ศึกษาที่ 2 ทิศเหนือศูนย์สิ่งแวดล้อม
7-31170-001-029/12,เต่าร้าง,Caryota bacsonensis Magalon,PALMAE (ARECACEAE),ปาล์ม,ก้านใบเป็นกาบหุ้มลำต้น,พื้นที่ศึกษาที่ 2 ทิศเหนือศูนย์สิ่งแวดล้อม
7-31170-001-029/13,เต่าร้าง,Caryota bacsonensis Magalon,PALMAE (ARECACEAE),ปาล์ม,ก้านใบเป็นกาบหุ้มลำต้น,พื้นที่ศึกษาที่ 2 ทิศเหนือศูนย์สิ่งแวดล้อม
7-31170-001-029/14,เต่าร้าง,Caryota bacsonensis Magalon,PALMAE (ARECACEAE),ปาล์ม,ก้านใบเป็นกาบหุ้มลำต้น,พื้นที่ศึกษาที่ 2 ทิศเหนือศูนย์สิ่งแวดล้อม
7-31170-001-029/15,เต่าร้าง,Caryota bacsonensis Magalon,PALMAE (ARECACEAE),ปาล์ม,ก้านใบเป็นกาบหุ้มลำต้น,พื้นที่ศึกษาที่ 2 ทิศเหนือศูนย์สิ่งแวดล้อม
7-31170-001-029/16,เต่าร้าง,Caryota bacsonensis Magalon,PALMAE (ARECACEAE),ปาล์ม,ก้านใบเป็นกาบหุ้มลำต้น,พื้นที่ศึกษาที่ 3 ทิศตะวันตกเฉียงเหนือ ข้างอาคารเกษตร
7-31170-001-029/17,เต่าร้าง,Caryota bacsonensis Magalon,PALMAE (ARECACEAE),ปาล์ม,ก้านใบเป็นกาบหุ้มลำต้น,พื้นที่ศึกษาที่ 3 ทิศตะวันตกเฉียงเหนือ ข้างอาคารเกษตร
7-31170-001-029/18,เต่าร้าง,Caryota bacsonensis Magalon,PALMAE (ARECACEAE),ปาล์ม,ก้านใบเป็นกาบหุ้มลำต้น,พื้นที่ศึกษาที่ 3 ทิศตะวันตกเฉียงเหนือ ข้างอาคารเกษตร
7-31170-001-029/19,เต่าร้าง,Caryota bacsonensis Magalon,PALMAE (ARECACEAE),ปาล์ม,ก้านใบเป็นกาบหุ้มลำต้น,พื้นที่ศึกษาที่ 5 พื้นที่หลังอาคาร 1
7-31170-001-029/20,เต่าร้าง,Caryota bacsonensis Magalon,PALMAE (ARECACEAE),ปาล์ม,ก้านใบเป็นกาบหุ้มลำต้น,พื้นที่ศึกษาที่ 5 พื้นที่หลังอาคาร 1
7-31170-001-029/21,เต่าร้าง,Caryota bacsonensis Magalon,PALMAE (ARECACEAE),ปาล์ม,ก้านใบเป็นกาบหุ้มลำต้น,พื้นที่ศึกษาที่ 5 พื้นที่หลังอาคาร 1
7-31170-001-029/22,เต่าร้าง,Caryota bacsonensis Magalon,PALMAE (ARECACEAE),ปาล์ม,ก้านใบเป็นกาบหุ้มลำต้น,พื้นที่ศึกษาที่ 5 พื้นที่หลังอาคาร 1
7-31170-001-029/23,เต่าร้าง,Caryota bacsonensis Magalon,PALMAE (ARECACEAE),ปาล์ม,ก้านใบเป็นกาบหุ้มลำต้น,พื้นที่ศึกษาที่ 5 พื้นที่หลังอาคาร 1
7-31170-001-029/24,เต่าร้าง,Caryota bacsonensis Magalon,PALMAE (ARECACEAE),ปาล์ม,ก้านใบเป็นกาบหุ้มลำต้น,พื้นที่ศึกษาที่ 5 พื้นที่หลังอาคาร 1
7-31170-001-029/25,เต่าร้าง,Caryota bacsonensis Magalon,PALMAE (ARECACEAE),ปาล์ม,ก้านใบเป็นกาบหุ้มลำต้น,พื้นที่ศึกษาที่ 5 พื้นที่หลังอาคาร 1
7-31170-001-029/26,เต่าร้าง,Caryota bacsonensis Magalon,PALMAE (ARECACEAE),ปาล์ม,ก้านใบเป็นกาบหุ้มลำต้น,พื้นที่ศึกษาที่ 5 พื้นที่หลังอาคาร 1
7-31170-001-029/27,เต่าร้าง,Caryota bacsonensis Magalon,PALMAE (ARECACEAE),ปาล์ม,ก้านใบเป็นกาบหุ้มลำต้น,พื้นที่ศึกษาที่ 5 พื้นที่หลังอาคาร 1
7-31170-001-029/28,เต่าร้าง,Caryota bacsonensis Magalon,PALMAE (ARECACEAE),ปาล์ม,ก้านใบเป็นกาบหุ้มลำต้น,พื้นที่ศึกษาที่ 5 พื้นที่หลังอาคาร 1
7-31170-001-029/29,เต่าร้าง,Caryota bacsonensis Magalon,PALMAE (ARECACEAE),ปาล์ม,ก้านใบเป็นกาบหุ้มลำต้น,พื้นที่ศึกษาที่ 6 หน้าอาคาร 1
7-31170-001-029/30,เต่าร้าง,Caryota bacsonensis Magalon,PALMAE (ARECACEAE),ปาล์ม,ก้านใบเป็นกาบหุ้มลำต้น,พื้นที่ศึกษาที่ 8 บริเวณอาคาร 4
7-31170-001-029/31,เต่าร้าง,Caryota bacsonensis Magalon,PALMAE (ARECACEAE),ปาล์ม,ก้านใบเป็นกาบหุ้มลำต้น,พื้นที่ศึกษาที่ 11 สวนกาญจนาภิเษก
7-31170-001-029/32,เต่าร้าง,Caryota bacsonensis Magalon,PALMAE (ARECACEAE),ปาล์ม,ก้านใบเป็นกาบหุ้มลำต้น,พื้นที่ศึกษาที่ 17 สนามฟุตบอล
7-31170-001-029/33,เต่าร้าง,Caryota bacsonensis Magalon,PALMAE (ARECACEAE),ปาล์ม,ก้านใบเป็นกาบหุ้มลำต้น,พื้นที่ศึกษาที่ 17 สนามฟุตบอล
7-31170-001-029/34,เต่าร้าง,Caryota bacsonensis Magalon,PALMAE (ARECACEAE),ปาล์ม,ก้านใบเป็นกาบหุ้มลำต้น,พื้นที่ศึกษาที่ 17 สนามฟุตบอล
7-31170-001-029/35,เต่าร้าง,Caryota bacsonensis Magalon,PALMAE (ARECACEAE),ปาล์ม,ก้านใบเป็นกาบหุ้มลำต้น,พื้นที่ศึกษาที่ 17 สนามฟุตบอล
7-31170-001-030/1,กระถินบ้าน (ภาคกลาง) กะเส็ดโคก กะเส็ดบก (ราชบุรี) ตอเบา สะตอเทศ สะตอเบา (ภาคใต้) ผักก้านถิน (เชียงใหม่) ผักหนองบก (ภาคเหนือ) กระถินยักษ์,Leucaena leucocephala (Lam.) de Wit,LEGUMINOSAE-MIMOSOIDEAE (MIMOSACEAE),ไม้ต้น,ผลอ่อนรับประทานได้ เมล็ดที่โตเต็มที่รับประทานได้ มีกลิ่นอ่อนๆ,พื้นที่ศึกษาที่ 2 ทิศเหนือศูนย์สิ่งแวดล้อม
7-31170-001-030/2,กระถินบ้าน (ภาคกลาง) กะเส็ดโคก กะเส็ดบก (ราชบุรี) ตอเบา สะตอเทศ สะตอเบา (ภาคใต้) ผักก้านถิน (เชียงใหม่) ผักหนองบก (ภาคเหนือ) กระถินยักษ์,Leucaena leucocephala (Lam.) de Wit,LEGUMINOSAE-MIMOSOIDEAE (MIMOSACEAE),ไม้ต้น,ผลอ่อนรับประทานได้ เมล็ดที่โตเต็มที่รับประทานได้ มีกลิ่นอ่อนๆ,พื้นที่ศึกษาที่ 4 ทิศตะวันตกอาคารเกษตร
7-31170-001-031/2,แปะ,Vitex canescens Kurz,LABIATAE,ไม้ต้น,หนึ่งก้านใบมีสามใบ,พื้นที่ศึกษาที่ 3 ทิศตะวันตกเฉียงเหนือ ข้างอาคารเกษตร
7-31170-001-031/3,แปะ,Vitex canescens Kurz,LABIATAE,ไม้ต้น,หนึ่งก้านใบมีสามใบ,พื้นที่ศึกษาที่ 3 ทิศตะวันตกเฉียงเหนือ ข้างอาคารเกษตร
7-31170-001-031/4,แปะ,Vitex canescens Kurz,LABIATAE,ไม้ต้น,หนึ่งก้านใบมีสามใบ,พื้นที่ศึกษาที่ 8 บริเวณอาคาร 4
7-31170-001-031/5,แปะ,Vitex canescens Kurz,LABIATAE,ไม้ต้น,หนึ่งก้านใบมีสามใบ,พื้นที่ศึกษาที่ 9 สระน้ำข้างศาลาธรรม
7-31170-001-031/6,แปะ,Vitex canescens Kurz,LABIATAE,ไม้ต้น,หนึ่งก้านใบมีสามใบ,พื้นที่ศึกษาที่ 9 สระน้ำข้างศาลาธรรม
7-31170-001-031/7,แปะ,Vitex canescens Kurz,LABIATAE,ไม้ต้น,หนึ่งก้านใบมีสามใบ,พื้นที่ศึกษาที่ 9 สระน้ำข้างศาลาธรรม
7-31170-001-031/8,แปะ,Vitex canescens Kurz,LABIATAE,ไม้ต้น,หนึ่งก้านใบมีสามใบ,พื้นที่ศึกษาที่ 9 สระน้ำข้างศาลาธรรม
7-31170-001-031/9,แปะ,Vitex canescens Kurz,LABIATAE,ไม้ต้น,หนึ่งก้านใบมีสามใบ,พื้นที่ศึกษาที่ 9 สระน้ำข้างศาลาธรรม
7-31170-001-031/10,แปะ,Vitex canescens Kurz,LABIATAE,ไม้ต้น,หนึ่งก้านใบมีสามใบ,พื้นที่ศึกษาที่ 9 สระน้ำข้างศาลาธรรม
7-31170-001-031/11,แปะ,Vitex canescens Kurz,LABIATAE,ไม้ต้น,หนึ่งก้านใบมีสามใบ,พื้นที่ศึกษาที่ 9 สระน้ำข้างศาลาธรรม
7-31170-001-031/12,แปะ,Vitex canescens Kurz,LABIATAE,ไม้ต้น,หนึ่งก้านใบมีสามใบ,พื้นที่ศึกษาที่ 9 สระน้ำข้างศาลาธรรม
7-31170-001-031/13,แปะ,Vitex canescens Kurz,LABIATAE,ไม้ต้น,หนึ่งก้านใบมีสามใบ,พื้นที่ศึกษาที่ 9 สระน้ำข้างศาลาธรรม
7-31170-001-031/14,แปะ,Vitex canescens Kurz,LABIATAE,ไม้ต้น,หนึ่งก้านใบมีสามใบ,พื้นที่ศึกษาที่ 9 สระน้ำข้างศาลาธรรม
7-31170-001-031/15,แปะ,Vitex canescens Kurz,LABIATAE,ไม้ต้น,หนึ่งก้านใบมีสามใบ,พื้นที่ศึกษาที่ 9 สระน้ำข้างศาลาธรรม
7-31170-001-031/16,แปะ,Vitex canescens Kurz,LABIATAE,ไม้ต้น,หนึ่งก้านใบมีสามใบ,พื้นที่ศึกษาที่ 9 สระน้ำข้างศาลาธรรม
7-31170-001-031/17,แปะ,Vitex canescens Kurz,LABIATAE,ไม้ต้น,หนึ่งก้านใบมีสามใบ,พื้นที่ศึกษาที่ 9 สระน้ำข้างศาลาธรรม
7-31170-001-031/18,แปะ,Vitex canescens Kurz,LABIATAE,ไม้ต้น,หนึ่งก้านใบมีสามใบ,พื้นที่ศึกษาที่ 9 สระน้ำข้างศาลาธรรม
7-31170-001-031/19,แปะ,Vitex canescens Kurz,LABIATAE,ไม้ต้น,หนึ่งก้านใบมีสามใบ,พื้นที่ศึกษาที่ 9 สระน้ำข้างศาลาธรรม
7-31170-001-031/20,แปะ,Vitex canescens Kurz,LABIATAE,ไม้ต้น,หนึ่งก้านใบมีสามใบ,พื้นที่ศึกษาที่ 10 หน้าอาคาร 3
7-31170-001-031/21,แปะ,Vitex canescens Kurz,LABIATAE,ไม้ต้น,หนึ่งก้านใบมีสามใบ,พื้นที่ศึกษาที่ 10 หน้าอาคาร 3
7-31170-001-031/22,แปะ,Vitex canescens Kurz,LABIATAE,ไม้ต้น,หนึ่งก้านใบมีสามใบ,พื้นที่ศึกษาที่ 10 หน้าอาคาร 3
7-31170-001-031/23,แปะ,Vitex canescens Kurz,LABIATAE,ไม้ต้น,หนึ่งก้านใบมีสามใบ,พื้นที่ศึกษาที่ 10 หน้าอาคาร 3
7-31170-001-031/24,แปะ,Vitex canescens Kurz,LABIATAE,ไม้ต้น,หนึ่งก้านใบมีสามใบ,พื้นที่ศึกษาที่ 10 หน้าอาคาร 3
7-31170-001-031/25,แปะ,Vitex canescens Kurz,LABIATAE,ไม้ต้น,หนึ่งก้านใบมีสามใบ,พื้นที่ศึกษาที่ 10 หน้าอาคาร 3
7-31170-001-031/26,แปะ,Vitex canescens Kurz,LABIATAE,ไม้ต้น,หนึ่งก้านใบมีสามใบ,พื้นที่ศึกษาที่ 10 หน้าอาคาร 3
7-31170-001-031/27,แปะ,Vitex canescens Kurz,LABIATAE,ไม้ต้น,หนึ่งก้านใบมีสามใบ,พื้นที่ศึกษาที่ 10 หน้าอาคาร 3
7-31170-001-031/28,แปะ,Vitex canescens Kurz,LABIATAE,ไม้ต้น,หนึ่งก้านใบมีสามใบ,พื้นที่ศึกษาที่ 10 หน้าอาคาร 3
7-31170-001-031/29,แปะ,Vitex canescens Kurz,LABIATAE,ไม้ต้น,หนึ่งก้านใบมีสามใบ,พื้นที่ศึกษาที่ 10 หน้าอาคาร 3
7-31170-001-031/30,แปะ,Vitex canescens Kurz,LABIATAE,ไม้ต้น,หนึ่งก้านใบมีสามใบ,พื้นที่ศึกษาที่ 10 หน้าอาคาร 3
7-31170-001-031/31,แปะ,Vitex canescens Kurz,LABIATAE,ไม้ต้น,หนึ่งก้านใบมีสามใบ,พื้นที่ศึกษาที่ 10 หน้าอาคาร 3
7-31170-001-031/32,แปะ,Vitex canescens Kurz,LABIATAE,ไม้ต้น,หนึ่งก้านใบมีสามใบ,พื้นที่ศึกษาที่ 10 หน้าอาคาร 3
7-31170-001-031/33,แปะ,Vitex canescens Kurz,LABIATAE,ไม้ต้น,หนึ่งก้านใบมีสามใบ,พื้นที่ศึกษาที่ 10 หน้าอาคาร 3
7-31170-001-031/34,แปะ,Vitex canescens Kurz,LABIATAE,ไม้ต้น,หนึ่งก้านใบมีสามใบ,พื้นที่ศึกษาที่ 10 หน้าอาคาร 3
7-31170-001-031/35,แปะ,Vitex canescens Kurz,LABIATAE,ไม้ต้น,หนึ่งก้านใบมีสามใบ,พื้นที่ศึกษาที่ 10 หน้าอาคาร 3
7-31170-001-031/36,แปะ,Vitex canescens Kurz,LABIATAE,ไม้ต้น,หนึ่งก้านใบมีสามใบ,พื้นที่ศึกษาที่ 10 หน้าอาคาร 3
7-31170-001-031/37,แปะ,Vitex canescens Kurz,LABIATAE,ไม้ต้น,หนึ่งก้านใบมีสามใบ,พื้นที่ศึกษาที่ 10 หน้าอาคาร 3
7-31170-001-032,ตะคร้อ,Schleichera oleosa (Lour.) Oken,SAPINDACEAE,ไม้ต้น,ผลกลม เนื้อในมีเนื้อสีส้ม เมล็ดแข็ง,พื้นที่ศึกษาที่ 2 ทิศเหนือศูนย์สิ่งแวดล้อม
7-31170-001-033/1,ประดู่ป่า,Pterocarpus macrocarpus Kurz,LEGUMINOSAE-PAPILIONOIDEAE (PAPILIONACEAE),ไม้ต้น,ผลแบนกลมมีปีก คล้ายระบายรอบผล,พื้นที่ศึกษาที่ 2 ทิศเหนือศูนย์สิ่งแวดล้อม
7-31170-001-033/2,ประดู่ป่า,Pterocarpus macrocarpus Kurz,LEGUMINOSAE-PAPILIONOIDEAE (PAPILIONACEAE),ไม้ต้น,ผลแบนกลมมีปีก คล้ายระบายรอบผล,พื้นที่ศึกษาที่ 2 ทิศเหนือศูนย์สิ่งแวดล้อม
7-31170-001-033/3,ประดู่ป่า,Pterocarpus macrocarpus Kurz,LEGUMINOSAE-PAPILIONOIDEAE (PAPILIONACEAE),ไม้ต้น,ผลแบนกลมมีปีก คล้ายระบายรอบผล,พื้นที่ศึกษาที่ 8 บริเวณอาคาร 4
7-31170-001-033/4,ประดู่ป่า,Pterocarpus macrocarpus Kurz,LEGUMINOSAE-PAPILIONOIDEAE (PAPILIONACEAE),ไม้ต้น,ผลแบนกลมมีปีก คล้ายระบายรอบผล,พื้นที่ศึกษาที่ 17 สนามฟุตบอล
7-31170-001-033/5,ประดู่ป่า,Pterocarpus macrocarpus Kurz,LEGUMINOSAE-PAPILIONOIDEAE (PAPILIONACEAE),ไม้ต้น,ผลแบนกลมมีปีก คล้ายระบายรอบผล,พื้นที่ศึกษาที่ 16 หอประชุม
7-31170-001-034,เสม็ด,Syzygium gratum (Wight) S.N.Mitra var. gratum,MYRTACEAE,ไม้ต้น,ใบรับประทานเป็นผัก มีรสเปรี้ยวอมฝาด ยอดอ่อนสีแดง,พื้นที่ศึกษาที่ 2 ทิศเหนือศูนย์สิ่งแวดล้อม
7-31170-001-035/1,แก้ว กะมูนิง (มาเลย์-ปัตตานี) แก้วขี้ไก่ (ยะลา) แก้วพริก จ๊าพริก ตะไหลแก้ว (ภาคเหนือ) แก้วขาว (ภาคกลาง) แก้วลาย (สระบุรี),Murraya paniculata (L.) Jack,RUTACEAE,ไม้พุ่ม,ดอกสีขาวมีกลิ่นหอม,พื้นที่ศึกษาที่ 2 ทิศเหนือศูนย์สิ่งแวดล้อม
7-31170-001-035/2,แก้ว กะมูนิง (มาเลย์-ปัตตานี) แก้วขี้ไก่ (ยะลา) แก้วพริก จ๊าพริก ตะไหลแก้ว (ภาคเหนือ) แก้วขาว (ภาคกลาง) แก้วลาย (สระบุรี),Murraya paniculata (L.) Jack,RUTACEAE,ไม้พุ่ม,ดอกสีขาวมีกลิ่นหอม,พื้นที่ศึกษาที่ 6 หน้าอาคาร 1
7-31170-001-035/3,แก้ว กะมูนิง (มาเลย์-ปัตตานี) แก้วขี้ไก่ (ยะลา) แก้วพริก จ๊าพริก ตะไหลแก้ว (ภาคเหนือ) แก้วขาว (ภาคกลาง) แก้วลาย (สระบุรี),Murraya paniculata (L.) Jack,RUTACEAE,ไม้พุ่ม,ดอกสีขาวมีกลิ่นหอม,พื้นที่ศึกษาที่ 14 บ้านพักครูทิศตะวันตก
7-31170-001-035/4,แก้ว กะมูนิง (มาเลย์-ปัตตานี) แก้วขี้ไก่ (ยะลา) แก้วพริก จ๊าพริก ตะไหลแก้ว (ภาคเหนือ) แก้วขาว (ภาคกลาง) แก้วลาย (สระบุรี),Murraya paniculata (L.) Jack,RUTACEAE,ไม้พุ่ม,ดอกสีขาวมีกลิ่นหอม,พื้นที่ศึกษาที่ 16 หอประชุม
7-31170-001-035/5,แก้ว กะมูนิง (มาเลย์-ปัตตานี) แก้วขี้ไก่ (ยะลา) แก้วพริก จ๊าพริก ตะไหลแก้ว (ภาคเหนือ) แก้วขาว (ภาคกลาง) แก้วลาย (สระบุรี),Murraya paniculata (L.) Jack,RUTACEAE,ไม้พุ่ม,ดอกสีขาวมีกลิ่นหอม,พื้นที่ศึกษาที่ 16 หอประชุม
7-31170-001-036/1,หมากเขียว,Ptychosperma macarthurii H.Wendl.,PALMAE (ARECACEAE),ปาล์ม,ใบป้อมปปลายใบตัด คอสีเขียว ลำต้นแตกกอ,พื้นที่ศึกษาที่ 2 ทิศเหนือศูนย์สิ่งแวดล้อม
7-31170-001-036/2,หมากเขียว,Ptychosperma macarthurii H.Wendl.,PALMAE (ARECACEAE),ปาล์ม,ใบป้อมปปลายใบตัด คอสีเขียว ลำต้นแตกกอ,พื้นที่ศึกษาที่ 9 สระน้ำข้างศาลาธรรม
7-31170-001-036/3,หมากเขียว,Ptychosperma macarthurii H.Wendl.,PALMAE (ARECACEAE),ปาล์ม,ใบป้อมปปลายใบตัด คอสีเขียว ลำต้นแตกกอ,พื้นที่ศึกษาที่ 9 สระน้ำข้างศาลาธรรม
7-31170-001-036/4,หมากเขียว,Ptychosperma macarthurii H.Wendl.,PALMAE (ARECACEAE),ปาล์ม,ใบป้อมปปลายใบตัด คอสีเขียว ลำต้นแตกกอ,พื้นที่ศึกษาที่ 9 สระน้ำข้างศาลาธรรม
7-31170-001-037,สัก,Tectona grandis L.f.,LABIATAE (LAMIACEAE),ไม้ต้น,ใบขนาดใหญ่ สากมือ,พื้นที่ศึกษาที่ 2 ทิศเหนือศูนย์สิ่งแวดล้อม
7-31170-001-038/1,โสกอินเดีย อโศกเซนต์คาเบรียล,Polyalthia longifolia (Benth.) Hook.f.,ANNONACEAE,ไม้ต้น,ลำต้นสูงกิ่งโน้มลงด้านล่าง,พื้นที่ศึกษาที่ 2 ทิศเหนือศูนย์สิ่งแวดล้อม
7-31170-001-038/2,โสกอินเดีย อโศกเซนต์คาเบรียล,Polyalthia longifolia (Benth.) Hook.f.,ANNONACEAE,ไม้ต้น,ลำต้นสูงกิ่งโน้มลงด้านล่าง,พื้นที่ศึกษาที่ 2 ทิศเหนือศูนย์สิ่งแวดล้อม
7-31170-001-038/3,โสกอินเดีย อโศกเซนต์คาเบรียล,Polyalthia longifolia (Benth.) Hook.f.,ANNONACEAE,ไม้ต้น,ลำต้นสูงกิ่งโน้มลงด้านล่าง,พื้นที่ศึกษาที่ 3 ทิศตะวันตกเฉียงเหนือ ข้างอาคารเกษตร
7-31170-001-038/4,โสกอินเดีย อโศกเซนต์คาเบรียล,Polyalthia longifolia (Benth.) Hook.f.,ANNONACEAE,ไม้ต้น,ลำต้นสูงกิ่งโน้มลงด้านล่าง,พื้นที่ศึกษาที่ 3 ทิศตะวันตกเฉียงเหนือ ข้างอาคารเกษตร
7-31170-001-038/5,โสกอินเดีย อโศกเซนต์คาเบรียล,Polyalthia longifolia (Benth.) Hook.f.,ANNONACEAE,ไม้ต้น,ลำต้นสูงกิ่งโน้มลงด้านล่าง,พื้นที่ศึกษาที่ 3 ทิศตะวันตกเฉียงเหนือ ข้างอาคารเกษตร
7-31170-001-038/6,โสกอินเดีย อโศกเซนต์คาเบรียล,Polyalthia longifolia (Benth.) Hook.f.,ANNONACEAE,ไม้ต้น,ลำต้นสูงกิ่งโน้มลงด้านล่าง,พื้นที่ศึกษาที่ 3 ทิศตะวันตกเฉียงเหนือ ข้างอาคารเกษตร
7-31170-001-038/7,โสกอินเดีย อโศกเซนต์คาเบรียล,Polyalthia longifolia (Benth.) Hook.f.,ANNONACEAE,ไม้ต้น,ลำต้นสูงกิ่งโน้มลงด้านล่าง,พื้นที่ศึกษาที่ 6 หน้าอาคาร 1
7-31170-001-038/8,โสกอินเดีย อโศกเซนต์คาเบรียล,Polyalthia longifolia (Benth.) Hook.f.,ANNONACEAE,ไม้ต้น,ลำต้นสูงกิ่งโน้มลงด้านล่าง,พื้นที่ศึกษาที่ 6 หน้าอาคาร 1
7-31170-001-038/9,โสกอินเดีย อโศกเซนต์คาเบรียล,Polyalthia longifolia (Benth.) Hook.f.,ANNONACEAE,ไม้ต้น,ลำต้นสูงกิ่งโน้มลงด้านล่าง,พื้นที่ศึกษาที่ 6 หน้าอาคาร 1
7-31170-001-038/10,โสกอินเดีย อโศกเซนต์คาเบรียล,Polyalthia longifolia (Benth.) Hook.f.,ANNONACEAE,ไม้ต้น,ลำต้นสูงกิ่งโน้มลงด้านล่าง,พื้นที่ศึกษาที่ 6 หน้าอาคาร 1
7-31170-001-038/11,โสกอินเดีย อโศกเซนต์คาเบรียล,Polyalthia longifolia (Benth.) Hook.f.,ANNONACEAE,ไม้ต้น,ลำต้นสูงกิ่งโน้มลงด้านล่าง,พื้นที่ศึกษาที่ 6 หน้าอาคาร 1
7-31170-001-038/12,โสกอินเดีย อโศกเซนต์คาเบรียล,Polyalthia longifolia (Benth.) Hook.f.,ANNONACEAE,ไม้ต้น,ลำต้นสูงกิ่งโน้มลงด้านล่าง,พื้นที่ศึกษาที่ 6 หน้าอาคาร 1
7-31170-001-038/13,โสกอินเดีย อโศกเซนต์คาเบรียล,Polyalthia longifolia (Benth.) Hook.f.,ANNONACEAE,ไม้ต้น,ลำต้นสูงกิ่งโน้มลงด้านล่าง,พื้นที่ศึกษาที่ 6 หน้าอาคาร 1
7-31170-001-038/14,โสกอินเดีย อโศกเซนต์คาเบรียล,Polyalthia longifolia (Benth.) Hook.f.,ANNONACEAE,ไม้ต้น,ลำต้นสูงกิ่งโน้มลงด้านล่าง,พื้นที่ศึกษาที่ 6 หน้าอาคาร 1
7-31170-001-038/15,โสกอินเดีย อโศกเซนต์คาเบรียล,Polyalthia longifolia (Benth.) Hook.f.,ANNONACEAE,ไม้ต้น,ลำต้นสูงกิ่งโน้มลงด้านล่าง,พื้นที่ศึกษาที่ 6 หน้าอาคาร 1
7-31170-001-038/16,โสกอินเดีย อโศกเซนต์คาเบรียล,Polyalthia longifolia (Benth.) Hook.f.,ANNONACEAE,ไม้ต้น,ลำต้นสูงกิ่งโน้มลงด้านล่าง,พื้นที่ศึกษาที่ 6 หน้าอาคาร 1
7-31170-001-038/17,โสกอินเดีย อโศกเซนต์คาเบรียล,Polyalthia longifolia (Benth.) Hook.f.,ANNONACEAE,ไม้ต้น,ลำต้นสูงกิ่งโน้มลงด้านล่าง,พื้นที่ศึกษาที่ 6 หน้าอาคาร 1
7-31170-001-038/18,โสกอินเดีย อโศกเซนต์คาเบรียล,Polyalthia longifolia (Benth.) Hook.f.,ANNONACEAE,ไม้ต้น,ลำต้นสูงกิ่งโน้มลงด้านล่าง,พื้นที่ศึกษาที่ 6 หน้าอาคาร 1
7-31170-001-038/19,โสกอินเดีย อโศกเซนต์คาเบรียล,Polyalthia longifolia (Benth.) Hook.f.,ANNONACEAE,ไม้ต้น,ลำต้นสูงกิ่งโน้มลงด้านล่าง,พื้นที่ศึกษาที่ 6 หน้าอาคาร 1
7-31170-001-038/20,โสกอินเดีย อโศกเซนต์คาเบรียล,Polyalthia longifolia (Benth.) Hook.f.,ANNONACEAE,ไม้ต้น,ลำต้นสูงกิ่งโน้มลงด้านล่าง,พื้นที่ศึกษาที่ 6 หน้าอาคาร 1
7-31170-001-038/21,โสกอินเดีย อโศกเซนต์คาเบรียล,Polyalthia longifolia (Benth.) Hook.f.,ANNONACEAE,ไม้ต้น,ลำต้นสูงกิ่งโน้มลงด้านล่าง,พื้นที่ศึกษาที่ 6 หน้าอาคาร 1
7-31170-001-038/22,โสกอินเดีย อโศกเซนต์คาเบรียล,Polyalthia longifolia (Benth.) Hook.f.,ANNONACEAE,ไม้ต้น,ลำต้นสูงกิ่งโน้มลงด้านล่าง,พื้นที่ศึกษาที่ 6 หน้าอาคาร 1
7-31170-001-038/23,โสกอินเดีย อโศกเซนต์คาเบรียล,Polyalthia longifolia (Benth.) Hook.f.,ANNONACEAE,ไม้ต้น,ลำต้นสูงกิ่งโน้มลงด้านล่าง,พื้นที่ศึกษาที่ 6 หน้าอาคาร 1
7-31170-001-038/24,โสกอินเดีย อโศกเซนต์คาเบรียล,Polyalthia longifolia (Benth.) Hook.f.,ANNONACEAE,ไม้ต้น,ลำต้นสูงกิ่งโน้มลงด้านล่าง,พื้นที่ศึกษาที่ 6 หน้าอาคาร 1
7-31170-001-038/25,โสกอินเดีย อโศกเซนต์คาเบรียล,Polyalthia longifolia (Benth.) Hook.f.,ANNONACEAE,ไม้ต้น,ลำต้นสูงกิ่งโน้มลงด้านล่าง,พื้นที่ศึกษาที่ 6 หน้าอาคาร 1
7-31170-001-038/26,โสกอินเดีย อโศกเซนต์คาเบรียล,Polyalthia longifolia (Benth.) Hook.f.,ANNONACEAE,ไม้ต้น,ลำต้นสูงกิ่งโน้มลงด้านล่าง,พื้นที่ศึกษาที่ 6 หน้าอาคาร 1
7-31170-001-038/27,โสกอินเดีย อโศกเซนต์คาเบรียล,Polyalthia longifolia (Benth.) Hook.f.,ANNONACEAE,ไม้ต้น,ลำต้นสูงกิ่งโน้มลงด้านล่าง,พื้นที่ศึกษาที่ 6 หน้าอาคาร 1
7-31170-001-038/28,โสกอินเดีย อโศกเซนต์คาเบรียล,Polyalthia longifolia (Benth.) Hook.f.,ANNONACEAE,ไม้ต้น,ลำต้นสูงกิ่งโน้มลงด้านล่าง,พื้นที่ศึกษาที่ 6 หน้าอาคาร 1
7-31170-001-038/29,โสกอินเดีย อโศกเซนต์คาเบรียล,Polyalthia longifolia (Benth.) Hook.f.,ANNONACEAE,ไม้ต้น,ลำต้นสูงกิ่งโน้มลงด้านล่าง,พื้นที่ศึกษาที่ 6 หน้าอาคาร 1
7-31170-001-038/30,โสกอินเดีย อโศกเซนต์คาเบรียล,Polyalthia longifolia (Benth.) Hook.f.,ANNONACEAE,ไม้ต้น,ลำต้นสูงกิ่งโน้มลงด้านล่าง,พื้นที่ศึกษาที่ 6 หน้าอาคาร 1
7-31170-001-038/31,โสกอินเดีย อโศกเซนต์คาเบรียล,Polyalthia longifolia (Benth.) Hook.f.,ANNONACEAE,ไม้ต้น,ลำต้นสูงกิ่งโน้มลงด้านล่าง,พื้นที่ศึกษาที่ 6 หน้าอาคาร 1
7-31170-001-038/32,โสกอินเดีย อโศกเซนต์คาเบรียล,Polyalthia longifolia (Benth.) Hook.f.,ANNONACEAE,ไม้ต้น,ลำต้นสูงกิ่งโน้มลงด้านล่าง,พื้นที่ศึกษาที่ 6 หน้าอาคาร 1
7-31170-001-038/33,โสกอินเดีย อโศกเซนต์คาเบรียล,Polyalthia longifolia (Benth.) Hook.f.,ANNONACEAE,ไม้ต้น,ลำต้นสูงกิ่งโน้มลงด้านล่าง,พื้นที่ศึกษาที่ 6 หน้าอาคาร 1
7-31170-001-038/34,โสกอินเดีย อโศกเซนต์คาเบรียล,Polyalthia longifolia (Benth.) Hook.f.,ANNONACEAE,ไม้ต้น,ลำต้นสูงกิ่งโน้มลงด้านล่าง,พื้นที่ศึกษาที่ 6 หน้าอาคาร 1
7-31170-001-038/35,โสกอินเดีย อโศกเซนต์คาเบรียล,Polyalthia longifolia (Benth.) Hook.f.,ANNONACEAE,ไม้ต้น,ลำต้นสูงกิ่งโน้มลงด้านล่าง,พื้นที่ศึกษาที่ 6 หน้าอาคาร 1
7-31170-001-038/36,โสกอินเดีย อโศกเซนต์คาเบรียล,Polyalthia longifolia (Benth.) Hook.f.,ANNONACEAE,ไม้ต้น,ลำต้นสูงกิ่งโน้มลงด้านล่าง,พื้นที่ศึกษาที่ 6 หน้าอาคาร 1
7-31170-001-038/37,โสกอินเดีย อโศกเซนต์คาเบรียล,Polyalthia longifolia (Benth.) Hook.f.,ANNONACEAE,ไม้ต้น,ลำต้นสูงกิ่งโน้มลงด้านล่าง,พื้นที่ศึกษาที่ 6 หน้าอาคาร 1
7-31170-001-038/38,โสกอินเดีย อโศกเซนต์คาเบรียล,Polyalthia longifolia (Benth.) Hook.f.,ANNONACEAE,ไม้ต้น,ลำต้นสูงกิ่งโน้มลงด้านล่าง,พื้นที่ศึกษาที่ 6 หน้าอาคาร 1
7-31170-001-038/39,โสกอินเดีย อโศกเซนต์คาเบรียล,Polyalthia longifolia (Benth.) Hook.f.,ANNONACEAE,ไม้ต้น,ลำต้นสูงกิ่งโน้มลงด้านล่าง,พื้นที่ศึกษาที่ 6 หน้าอาคาร 1
7-31170-001-038/40,โสกอินเดีย อโศกเซนต์คาเบรียล,Polyalthia longifolia (Benth.) Hook.f.,ANNONACEAE,ไม้ต้น,ลำต้นสูงกิ่งโน้มลงด้านล่าง,พื้นที่ศึกษาที่ 6 หน้าอาคาร 1
7-31170-001-038/41,โสกอินเดีย อโศกเซนต์คาเบรียล,Polyalthia longifolia (Benth.) Hook.f.,ANNONACEAE,ไม้ต้น,ลำต้นสูงกิ่งโน้มลงด้านล่าง,พื้นที่ศึกษาที่ 6 หน้าอาคาร 1
7-31170-001-038/42,โสกอินเดีย อโศกเซนต์คาเบรียล,Polyalthia longifolia (Benth.) Hook.f.,ANNONACEAE,ไม้ต้น,ลำต้นสูงกิ่งโน้มลงด้านล่าง,พื้นที่ศึกษาที่ 6 หน้าอาคาร 1
7-31170-001-038/43,โสกอินเดีย อโศกเซนต์คาเบรียล,Polyalthia longifolia (Benth.) Hook.f.,ANNONACEAE,ไม้ต้น,ลำต้นสูงกิ่งโน้มลงด้านล่าง,พื้นที่ศึกษาที่ 6 หน้าอาคาร 1
7-31170-001-038/44,โสกอินเดีย อโศกเซนต์คาเบรียล,Polyalthia longifolia (Benth.) Hook.f.,ANNONACEAE,ไม้ต้น,ลำต้นสูงกิ่งโน้มลงด้านล่าง,พื้นที่ศึกษาที่ 6 หน้าอาคาร 1
7-31170-001-038/45,โสกอินเดีย อโศกเซนต์คาเบรียล,Polyalthia longifolia (Benth.) Hook.f.,ANNONACEAE,ไม้ต้น,ลำต้นสูงกิ่งโน้มลงด้านล่าง,พื้นที่ศึกษาที่ 6 หน้าอาคาร 1
7-31170-001-038/46,โสกอินเดีย อโศกเซนต์คาเบรียล,Polyalthia longifolia (Benth.) Hook.f.,ANNONACEAE,ไม้ต้น,ลำต้นสูงกิ่งโน้มลงด้านล่าง,พื้นที่ศึกษาที่ 6 หน้าอาคาร 1
7-31170-001-038/47,โสกอินเดีย อโศกเซนต์คาเบรียล,Polyalthia longifolia (Benth.) Hook.f.,ANNONACEAE,ไม้ต้น,ลำต้นสูงกิ่งโน้มลงด้านล่าง,พื้นที่ศึกษาที่ 6 หน้าอาคาร 1
7-31170-001-038/48,โสกอินเดีย อโศกเซนต์คาเบรียล,Polyalthia longifolia (Benth.) Hook.f.,ANNONACEAE,ไม้ต้น,ลำต้นสูงกิ่งโน้มลงด้านล่าง,พื้นที่ศึกษาที่ 6 หน้าอาคาร 1
7-31170-001-038/49,โสกอินเดีย อโศกเซนต์คาเบรียล,Polyalthia longifolia (Benth.) Hook.f.,ANNONACEAE,ไม้ต้น,ลำต้นสูงกิ่งโน้มลงด้านล่าง,พื้นที่ศึกษาที่ 11 สวนกาญจนาภิเษก
7-31170-001-038/50,โสกอินเดีย อโศกเซนต์คาเบรียล,Polyalthia longifolia (Benth.) Hook.f.,ANNONACEAE,ไม้ต้น,ลำต้นสูงกิ่งโน้มลงด้านล่าง,พื้นที่ศึกษาที่ 16 หอประชุม
7-31170-001-038/51,โสกอินเดีย อโศกเซนต์คาเบรียล,Polyalthia longifolia (Benth.) Hook.f.,ANNONACEAE,ไม้ต้น,ลำต้นสูงกิ่งโน้มลงด้านล่าง,พื้นที่ศึกษาที่ 16 หอประชุม
7-31170-001-038/52,โสกอินเดีย อโศกเซนต์คาเบรียล,Polyalthia longifolia (Benth.) Hook.f.,ANNONACEAE,ไม้ต้น,ลำต้นสูงกิ่งโน้มลงด้านล่าง,พื้นที่ศึกษาที่ 16 หอประชุม
7-31170-001-038/53,โสกอินเดีย อโศกเซนต์คาเบรียล,Polyalthia longifolia (Benth.) Hook.f.,ANNONACEAE,ไม้ต้น,ลำต้นสูงกิ่งโน้มลงด้านล่าง,พื้นที่ศึกษาที่ 16 หอประชุม
7-31170-001-038/54,โสกอินเดีย อโศกเซนต์คาเบรียล,Polyalthia longifolia (Benth.) Hook.f.,ANNONACEAE,ไม้ต้น,ลำต้นสูงกิ่งโน้มลงด้านล่าง,พื้นที่ศึกษาที่ 16 หอประชุม
7-31170-001-038/55,โสกอินเดีย อโศกเซนต์คาเบรียล,Polyalthia longifolia (Benth.) Hook.f.,ANNONACEAE,ไม้ต้น,ลำต้นสูงกิ่งโน้มลงด้านล่าง,พื้นที่ศึกษาที่ 16 หอประชุม
7-31170-001-038/56,โสกอินเดีย อโศกเซนต์คาเบรียล,Polyalthia longifolia (Benth.) Hook.f.,ANNONACEAE,ไม้ต้น,ลำต้นสูงกิ่งโน้มลงด้านล่าง,พื้นที่ศึกษาที่ 16 หอประชุม
7-31170-001-038/57,โสกอินเดีย อโศกเซนต์คาเบรียล,Polyalthia longifolia (Benth.) Hook.f.,ANNONACEAE,ไม้ต้น,ลำต้นสูงกิ่งโน้มลงด้านล่าง,พื้นที่ศึกษาที่ 16 หอประชุม
7-31170-001-038/58,โสกอินเดีย อโศกเซนต์คาเบรียล,Polyalthia longifolia (Benth.) Hook.f.,ANNONACEAE,ไม้ต้น,ลำต้นสูงกิ่งโน้มลงด้านล่าง,พื้นที่ศึกษาที่ 16 หอประชุม
7-31170-001-038/59,โสกอินเดีย อโศกเซนต์คาเบรียล,Polyalthia longifolia (Benth.) Hook.f.,ANNONACEAE,ไม้ต้น,ลำต้นสูงกิ่งโน้มลงด้านล่าง,พื้นที่ศึกษาที่ 16 หอประชุม
7-31170-001-038/60,โสกอินเดีย อโศกเซนต์คาเบรียล,Polyalthia longifolia (Benth.) Hook.f.,ANNONACEAE,ไม้ต้น,ลำต้นสูงกิ่งโน้มลงด้านล่าง,พื้นที่ศึกษาที่ 16 หอประชุม
7-31170-001-038/61,โสกอินเดีย อโศกเซนต์คาเบรียล,Polyalthia longifolia (Benth.) Hook.f.,ANNONACEAE,ไม้ต้น,ลำต้นสูงกิ่งโน้มลงด้านล่าง,พื้นที่ศึกษาที่ 16 หอประชุม
7-31170-001-038/62,โสกอินเดีย อโศกเซนต์คาเบรียล,Polyalthia longifolia (Benth.) Hook.f.,ANNONACEAE,ไม้ต้น,ลำต้นสูงกิ่งโน้มลงด้านล่าง,พื้นที่ศึกษาที่ 16 หอประชุม
7-31170-001-038/63,โสกอินเดีย อโศกเซนต์คาเบรียล,Polyalthia longifolia (Benth.) Hook.f.,ANNONACEAE,ไม้ต้น,ลำต้นสูงกิ่งโน้มลงด้านล่าง,พื้นที่ศึกษาที่ 16 หอประชุม
7-31170-001-038/64,โสกอินเดีย อโศกเซนต์คาเบรียล,Polyalthia longifolia (Benth.) Hook.f.,ANNONACEAE,ไม้ต้น,ลำต้นสูงกิ่งโน้มลงด้านล่าง,พื้นที่ศึกษาที่ 16 หอประชุม
7-31170-001-038/65,โสกอินเดีย อโศกเซนต์คาเบรียล,Polyalthia longifolia (Benth.) Hook.f.,ANNONACEAE,ไม้ต้น,ลำต้นสูงกิ่งโน้มลงด้านล่าง,พื้นที่ศึกษาที่ 16 หอประชุม
7-31170-001-038/66,โสกอินเดีย อโศกเซนต์คาเบรียล,Polyalthia longifolia (Benth.) Hook.f.,ANNONACEAE,ไม้ต้น,ลำต้นสูงกิ่งโน้มลงด้านล่าง,พื้นที่ศึกษาที่ 16 หอประชุม
7-31170-001-038/67,โสกอินเดีย อโศกเซนต์คาเบรียล,Polyalthia longifolia (Benth.) Hook.f.,ANNONACEAE,ไม้ต้น,ลำต้นสูงกิ่งโน้มลงด้านล่าง,พื้นที่ศึกษาที่ 16 หอประชุม
7-31170-001-038/68,โสกอินเดีย อโศกเซนต์คาเบรียล,Polyalthia longifolia (Benth.) Hook.f.,ANNONACEAE,ไม้ต้น,ลำต้นสูงกิ่งโน้มลงด้านล่าง,พื้นที่ศึกษาที่ 16 หอประชุม
7-31170-001-038/69,โสกอินเดีย อโศกเซนต์คาเบรียล,Polyalthia longifolia (Benth.) Hook.f.,ANNONACEAE,ไม้ต้น,ลำต้นสูงกิ่งโน้มลงด้านล่าง,พื้นที่ศึกษาที่ 16 หอประชุม
7-31170-001-038/70,โสกอินเดีย อโศกเซนต์คาเบรียล,Polyalthia longifolia (Benth.) Hook.f.,ANNONACEAE,ไม้ต้น,ลำต้นสูงกิ่งโน้มลงด้านล่าง,พื้นที่ศึกษาที่ 16 หอประชุม
7-31170-001-038/71,โสกอินเดีย อโศกเซนต์คาเบรียล,Polyalthia longifolia (Benth.) Hook.f.,ANNONACEAE,ไม้ต้น,ลำต้นสูงกิ่งโน้มลงด้านล่าง,พื้นที่ศึกษาที่ 16 หอประชุม
7-31170-001-038/72,โสกอินเดีย อโศกเซนต์คาเบรียล,Polyalthia longifolia (Benth.) Hook.f.,ANNONACEAE,ไม้ต้น,ลำต้นสูงกิ่งโน้มลงด้านล่าง,พื้นที่ศึกษาที่ 16 หอประชุม
7-31170-001-038/73,โสกอินเดีย อโศกเซนต์คาเบรียล,Polyalthia longifolia (Benth.) Hook.f.,ANNONACEAE,ไม้ต้น,ลำต้นสูงกิ่งโน้มลงด้านล่าง,พื้นที่ศึกษาที่ 16 หอประชุม
7-31170-001-038/74,โสกอินเดีย อโศกเซนต์คาเบรียล,Polyalthia longifolia (Benth.) Hook.f.,ANNONACEAE,ไม้ต้น,ลำต้นสูงกิ่งโน้มลงด้านล่าง,พื้นที่ศึกษาที่ 16 หอประชุม
7-31170-001-038/75,โสกอินเดีย อโศกเซนต์คาเบรียล,Polyalthia longifolia (Benth.) Hook.f.,ANNONACEAE,ไม้ต้น,ลำต้นสูงกิ่งโน้มลงด้านล่าง,พื้นที่ศึกษาที่ 16 หอประชุม
7-31170-001-038/76,โสกอินเดีย อโศกเซนต์คาเบรียล,Polyalthia longifolia (Benth.) Hook.f.,ANNONACEAE,ไม้ต้น,ลำต้นสูงกิ่งโน้มลงด้านล่าง,พื้นที่ศึกษาที่ 16 หอประชุม
7-31170-001-038/77,โสกอินเดีย อโศกเซนต์คาเบรียล,Polyalthia longifolia (Benth.) Hook.f.,ANNONACEAE,ไม้ต้น,ลำต้นสูงกิ่งโน้มลงด้านล่าง,พื้นที่ศึกษาที่ 16 หอประชุม
7-31170-001-038/78,โสกอินเดีย อโศกเซนต์คาเบรียล,Polyalthia longifolia (Benth.) Hook.f.,ANNONACEAE,ไม้ต้น,ลำต้นสูงกิ่งโน้มลงด้านล่าง,พื้นที่ศึกษาที่ 16 หอประชุม
7-31170-001-038/79,โสกอินเดีย อโศกเซนต์คาเบรียล,Polyalthia longifolia (Benth.) Hook.f.,ANNONACEAE,ไม้ต้น,ลำต้นสูงกิ่งโน้มลงด้านล่าง,พื้นที่ศึกษาที่ 16 หอประชุม
7-31170-001-038/80,โสกอินเดีย อโศกเซนต์คาเบรียล,Polyalthia longifolia (Benth.) Hook.f.,ANNONACEAE,ไม้ต้น,ลำต้นสูงกิ่งโน้มลงด้านล่าง,พื้นที่ศึกษาที่ 16 หอประชุม
7-31170-001-038/81,โสกอินเดีย อโศกเซนต์คาเบรียล,Polyalthia longifolia (Benth.) Hook.f.,ANNONACEAE,ไม้ต้น,ลำต้นสูงกิ่งโน้มลงด้านล่าง,พื้นที่ศึกษาที่ 16 หอประชุม
7-31170-001-038/82,โสกอินเดีย อโศกเซนต์คาเบรียล,Polyalthia longifolia (Benth.) Hook.f.,ANNONACEAE,ไม้ต้น,ลำต้นสูงกิ่งโน้มลงด้านล่าง,พื้นที่ศึกษาที่ 16 หอประชุม
7-31170-001-038/83,โสกอินเดีย อโศกเซนต์คาเบรียล,Polyalthia longifolia (Benth.) Hook.f.,ANNONACEAE,ไม้ต้น,ลำต้นสูงกิ่งโน้มลงด้านล่าง,พื้นที่ศึกษาที่ 16 หอประชุม
7-31170-001-038/84,โสกอินเดีย อโศกเซนต์คาเบรียล,Polyalthia longifolia (Benth.) Hook.f.,ANNONACEAE,ไม้ต้น,ลำต้นสูงกิ่งโน้มลงด้านล่าง,พื้นที่ศึกษาที่ 17 สนามฟุตบอล
7-31170-001-038/85,โสกอินเดีย อโศกเซนต์คาเบรียล,Polyalthia longifolia (Benth.) Hook.f.,ANNONACEAE,ไม้ต้น,ลำต้นสูงกิ่งโน้มลงด้านล่าง,พื้นที่ศึกษาที่ 17 สนามฟุตบอล
7-31170-001-038/86,โสกอินเดีย อโศกเซนต์คาเบรียล,Polyalthia longifolia (Benth.) Hook.f.,ANNONACEAE,ไม้ต้น,ลำต้นสูงกิ่งโน้มลงด้านล่าง,พื้นที่ศึกษาที่ 17 สนามฟุตบอล
7-31170-001-038/87,โสกอินเดีย อโศกเซนต์คาเบรียล,Polyalthia longifolia (Benth.) Hook.f.,ANNONACEAE,ไม้ต้น,ลำต้นสูงกิ่งโน้มลงด้านล่าง,พื้นที่ศึกษาที่ 17 สนามฟุตบอล
7-31170-001-038/88,โสกอินเดีย อโศกเซนต์คาเบรียล,Polyalthia longifolia (Benth.) Hook.f.,ANNONACEAE,ไม้ต้น,ลำต้นสูงกิ่งโน้มลงด้านล่าง,พื้นที่ศึกษาที่ 17 สนามฟุตบอล
7-31170-001-038/89,โสกอินเดีย อโศกเซนต์คาเบรียล,Polyalthia longifolia (Benth.) Hook.f.,ANNONACEAE,ไม้ต้น,ลำต้นสูงกิ่งโน้มลงด้านล่าง,พื้นที่ศึกษาที่ 17 สนามฟุตบอล
7-31170-001-038/90,โสกอินเดีย อโศกเซนต์คาเบรียล,Polyalthia longifolia (Benth.) Hook.f.,ANNONACEAE,ไม้ต้น,ลำต้นสูงกิ่งโน้มลงด้านล่าง,พื้นที่ศึกษาที่ 17 สนามฟุตบอล
7-31170-001-038/91,โสกอินเดีย อโศกเซนต์คาเบรียล,Polyalthia longifolia (Benth.) Hook.f.,ANNONACEAE,ไม้ต้น,ลำต้นสูงกิ่งโน้มลงด้านล่าง,พื้นที่ศึกษาที่ 17 สนามฟุตบอล
7-31170-001-038/92,โสกอินเดีย อโศกเซนต์คาเบรียล,Polyalthia longifolia (Benth.) Hook.f.,ANNONACEAE,ไม้ต้น,ลำต้นสูงกิ่งโน้มลงด้านล่าง,พื้นที่ศึกษาที่ 17 สนามฟุตบอล
7-31170-001-038/93,โสกอินเดีย อโศกเซนต์คาเบรียล,Polyalthia longifolia (Benth.) Hook.f.,ANNONACEAE,ไม้ต้น,ลำต้นสูงกิ่งโน้มลงด้านล่าง,พื้นที่ศึกษาที่ 17 สนามฟุตบอล
7-31170-001-038/94,โสกอินเดีย อโศกเซนต์คาเบรียล,Polyalthia longifolia (Benth.) Hook.f.,ANNONACEAE,ไม้ต้น,ลำต้นสูงกิ่งโน้มลงด้านล่าง,พื้นที่ศึกษาที่ 17 สนามฟุตบอล
7-31170-001-038/95,โสกอินเดีย อโศกเซนต์คาเบรียล,Polyalthia longifolia (Benth.) Hook.f.,ANNONACEAE,ไม้ต้น,ลำต้นสูงกิ่งโน้มลงด้านล่าง,พื้นที่ศึกษาที่ 17 สนามฟุตบอล
7-31170-001-039/1,ทองหลางลาย,Erythrina variegata L.,LEGUMINOSAE-PAPILIONOIDEAE (PAPILIONACEAE),ไม้ต้น,ใบรูปหัวใจ มีลายสีขาวเหลือง ยาวมาทางปลายใบ,พื้นที่ศึกษาที่ 2 ทิศเหนือศูนย์สิ่งแวดล้อม
7-31170-001-039/2,ทองหลางลาย,Erythrina variegata L.,LEGUMINOSAE-PAPILIONOIDEAE (PAPILIONACEAE),ไม้ต้น,ใบรูปหัวใจ มีลายสีขาวเหลือง ยาวมาทางปลายใบ,พื้นที่ศึกษาที่ 11 สวนกาญจนาภิเษก
7-31170-001-040/1,ขี้เหล็กแก่น (ราชบุรี) ขี้เหล็กบ้าน (ลำปาง สุราษฏร์ธานี) ขี้เหล็กหลวง (ภาคเหนือ) ขี้เหล็กใหญ่ (ภาคกลาง) ผักจี้ลี้ (ฉาน-แม่ฮ่องสอน),Senna siamea (Lam.) Irwin & Barneby,LEGUMINOSAE-CAESALPINIOIDEAE (CAESALPINIACEAE),ไม้ต้น,ใบมีรสขมใช้แกงรับประทานได้,พื้นที่ศึกษาที่ 2 ทิศเหนือศูนย์สิ่งแวดล้อม
7-31170-001-040/2,ขี้เหล็กแก่น (ราชบุรี) ขี้เหล็กบ้าน (ลำปาง สุราษฏร์ธานี) ขี้เหล็กหลวง (ภาคเหนือ) ขี้เหล็กใหญ่ (ภาคกลาง) ผักจี้ลี้ (ฉาน-แม่ฮ่องสอน),Senna siamea (Lam.) Irwin & Barneby,LEGUMINOSAE-CAESALPINIOIDEAE (CAESALPINIACEAE),ไม้ต้น,ใบมีรสขมใช้แกงรับประทานได้,พื้นที่ศึกษาที่ 3 ทิศตะวันตกเฉียงเหนือ ข้างอาคารเกษตร
7-31170-001-040/3,ขี้เหล็กแก่น (ราชบุรี) ขี้เหล็กบ้าน (ลำปาง สุราษฏร์ธานี) ขี้เหล็กหลวง (ภาคเหนือ) ขี้เหล็กใหญ่ (ภาคกลาง) ผักจี้ลี้ (ฉาน-แม่ฮ่องสอน),Senna siamea (Lam.) Irwin & Barneby,LEGUMINOSAE-CAESALPINIOIDEAE (CAESALPINIACEAE),ไม้ต้น,ใบมีรสขมใช้แกงรับประทานได้,พื้นที่ศึกษาที่ 3 ทิศตะวันตกเฉียงเหนือ ข้างอาคารเกษตร
7-31170-001-040/4,ขี้เหล็กแก่น (ราชบุรี) ขี้เหล็กบ้าน (ลำปาง สุราษฏร์ธานี) ขี้เหล็กหลวง (ภาคเหนือ) ขี้เหล็กใหญ่ (ภาคกลาง) ผักจี้ลี้ (ฉาน-แม่ฮ่องสอน),Senna siamea (Lam.) Irwin & Barneby,LEGUMINOSAE-CAESALPINIOIDEAE (CAESALPINIACEAE),ไม้ต้น,ใบมีรสขมใช้แกงรับประทานได้,พื้นที่ศึกษาที่ 3 ทิศตะวันตกเฉียงเหนือ ข้างอาคารเกษตร
7-31170-001-040/5,ขี้เหล็กแก่น (ราชบุรี) ขี้เหล็กบ้าน (ลำปาง สุราษฏร์ธานี) ขี้เหล็กหลวง (ภาคเหนือ) ขี้เหล็กใหญ่ (ภาคกลาง) ผักจี้ลี้ (ฉาน-แม่ฮ่องสอน),Senna siamea (Lam.) Irwin & Barneby,LEGUMINOSAE-CAESALPINIOIDEAE (CAESALPINIACEAE),ไม้ต้น,ใบมีรสขมใช้แกงรับประทานได้,พื้นที่ศึกษาที่ 5 พื้นที่หลังอาคาร 1
7-31170-001-040/6,ขี้เหล็กแก่น (ราชบุรี) ขี้เหล็กบ้าน (ลำปาง สุราษฏร์ธานี) ขี้เหล็กหลวง (ภาคเหนือ) ขี้เหล็กใหญ่ (ภาคกลาง) ผักจี้ลี้ (ฉาน-แม่ฮ่องสอน),Senna siamea (Lam.) Irwin & Barneby,LEGUMINOSAE-CAESALPINIOIDEAE (CAESALPINIACEAE),ไม้ต้น,ใบมีรสขมใช้แกงรับประทานได้,พื้นที่ศึกษาที่ 5 พื้นที่หลังอาคาร 1
7-31170-001-040/7,ขี้เหล็กแก่น (ราชบุรี) ขี้เหล็กบ้าน (ลำปาง สุราษฏร์ธานี) ขี้เหล็กหลวง (ภาคเหนือ) ขี้เหล็กใหญ่ (ภาคกลาง) ผักจี้ลี้ (ฉาน-แม่ฮ่องสอน),Senna siamea (Lam.) Irwin & Barneby,LEGUMINOSAE-CAESALPINIOIDEAE (CAESALPINIACEAE),ไม้ต้น,ใบมีรสขมใช้แกงรับประทานได้,พื้นที่ศึกษาที่ 5 พื้นที่หลังอาคาร 1
7-31170-001-040/8,ขี้เหล็กแก่น (ราชบุรี) ขี้เหล็กบ้าน (ลำปาง สุราษฏร์ธานี) ขี้เหล็กหลวง (ภาคเหนือ) ขี้เหล็กใหญ่ (ภาคกลาง) ผักจี้ลี้ (ฉาน-แม่ฮ่องสอน),Senna siamea (Lam.) Irwin & Barneby,LEGUMINOSAE-CAESALPINIOIDEAE (CAESALPINIACEAE),ไม้ต้น,ใบมีรสขมใช้แกงรับประทานได้,พื้นที่ศึกษาที่ 11 สวนกาญจนาภิเษก
7-31170-001-040/9,ขี้เหล็กแก่น (ราชบุรี) ขี้เหล็กบ้าน (ลำปาง สุราษฏร์ธานี) ขี้เหล็กหลวง (ภาคเหนือ) ขี้เหล็กใหญ่ (ภาคกลาง) ผักจี้ลี้ (ฉาน-แม่ฮ่องสอน),Senna siamea (Lam.) Irwin & Barneby,LEGUMINOSAE-CAESALPINIOIDEAE (CAESALPINIACEAE),ไม้ต้น,ใบมีรสขมใช้แกงรับประทานได้,พื้นที่ศึกษาที่ 11 สวนกาญจนาภิเษก
7-31170-001-040/10,ขี้เหล็กแก่น (ราชบุรี) ขี้เหล็กบ้าน (ลำปาง สุราษฏร์ธานี) ขี้เหล็กหลวง (ภาคเหนือ) ขี้เหล็กใหญ่ (ภาคกลาง) ผักจี้ลี้ (ฉาน-แม่ฮ่องสอน),Senna siamea (Lam.) Irwin & Barneby,LEGUMINOSAE-CAESALPINIOIDEAE (CAESALPINIACEAE),ไม้ต้น,ใบมีรสขมใช้แกงรับประทานได้,พื้นที่ศึกษาที่ 11 สวนกาญจนาภิเษก
7-31170-001-040/11,ขี้เหล็กแก่น (ราชบุรี) ขี้เหล็กบ้าน (ลำปาง สุราษฏร์ธานี) ขี้เหล็กหลวง (ภาคเหนือ) ขี้เหล็กใหญ่ (ภาคกลาง) ผักจี้ลี้ (ฉาน-แม่ฮ่องสอน),Senna siamea (Lam.) Irwin & Barneby,LEGUMINOSAE-CAESALPINIOIDEAE (CAESALPINIACEAE),ไม้ต้น,ใบมีรสขมใช้แกงรับประทานได้,พื้นที่ศึกษาที่ 11 สวนกาญจนาภิเษก
7-31170-001-040/12,ขี้เหล็กแก่น (ราชบุรี) ขี้เหล็กบ้าน (ลำปาง สุราษฏร์ธานี) ขี้เหล็กหลวง (ภาคเหนือ) ขี้เหล็กใหญ่ (ภาคกลาง) ผักจี้ลี้ (ฉาน-แม่ฮ่องสอน),Senna siamea (Lam.) Irwin & Barneby,LEGUMINOSAE-CAESALPINIOIDEAE (CAESALPINIACEAE),ไม้ต้น,ใบมีรสขมใช้แกงรับประทานได้,พื้นที่ศึกษาที่ 11 สวนกาญจนาภิเษก
7-31170-001-040/13,ขี้เหล็กแก่น (ราชบุรี) ขี้เหล็กบ้าน (ลำปาง สุราษฏร์ธานี) ขี้เหล็กหลวง (ภาคเหนือ) ขี้เหล็กใหญ่ (ภาคกลาง) ผักจี้ลี้ (ฉาน-แม่ฮ่องสอน),Senna siamea (Lam.) Irwin & Barneby,LEGUMINOSAE-CAESALPINIOIDEAE (CAESALPINIACEAE),ไม้ต้น,ใบมีรสขมใช้แกงรับประทานได้,พื้นที่ศึกษาที่ 11 สวนกาญจนาภิเษก
7-31170-001-040/14,ขี้เหล็กแก่น (ราชบุรี) ขี้เหล็กบ้าน (ลำปาง สุราษฏร์ธานี) ขี้เหล็กหลวง (ภาคเหนือ) ขี้เหล็กใหญ่ (ภาคกลาง) ผักจี้ลี้ (ฉาน-แม่ฮ่องสอน),Senna siamea (Lam.) Irwin & Barneby,LEGUMINOSAE-CAESALPINIOIDEAE (CAESALPINIACEAE),ไม้ต้น,ใบมีรสขมใช้แกงรับประทานได้,พื้นที่ศึกษาที่ 11 สวนกาญจนาภิเษก
7-31170-001-040/15,ขี้เหล็กแก่น (ราชบุรี) ขี้เหล็กบ้าน (ลำปาง สุราษฏร์ธานี) ขี้เหล็กหลวง (ภาคเหนือ) ขี้เหล็กใหญ่ (ภาคกลาง) ผักจี้ลี้ (ฉาน-แม่ฮ่องสอน),Senna siamea (Lam.) Irwin & Barneby,LEGUMINOSAE-CAESALPINIOIDEAE (CAESALPINIACEAE),ไม้ต้น,ใบมีรสขมใช้แกงรับประทานได้,พื้นที่ศึกษาที่ 11 สวนกาญจนาภิเษก
7-31170-001-040/16,ขี้เหล็กแก่น (ราชบุรี) ขี้เหล็กบ้าน (ลำปาง สุราษฏร์ธานี) ขี้เหล็กหลวง (ภาคเหนือ) ขี้เหล็กใหญ่ (ภาคกลาง) ผักจี้ลี้ (ฉาน-แม่ฮ่องสอน),Senna siamea (Lam.) Irwin & Barneby,LEGUMINOSAE-CAESALPINIOIDEAE (CAESALPINIACEAE),ไม้ต้น,ใบมีรสขมใช้แกงรับประทานได้,พื้นที่ศึกษาที่ 11 สวนกาญจนาภิเษก
7-31170-001-040/17,ขี้เหล็กแก่น (ราชบุรี) ขี้เหล็กบ้าน (ลำปาง สุราษฏร์ธานี) ขี้เหล็กหลวง (ภาคเหนือ) ขี้เหล็กใหญ่ (ภาคกลาง) ผักจี้ลี้ (ฉาน-แม่ฮ่องสอน),Senna siamea (Lam.) Irwin & Barneby,LEGUMINOSAE-CAESALPINIOIDEAE (CAESALPINIACEAE),ไม้ต้น,ใบมีรสขมใช้แกงรับประทานได้,พื้นที่ศึกษาที่ 11 สวนกาญจนาภิเษก
7-31170-001-040/18,ขี้เหล็กแก่น (ราชบุรี) ขี้เหล็กบ้าน (ลำปาง สุราษฏร์ธานี) ขี้เหล็กหลวง (ภาคเหนือ) ขี้เหล็กใหญ่ (ภาคกลาง) ผักจี้ลี้ (ฉาน-แม่ฮ่องสอน),Senna siamea (Lam.) Irwin & Barneby,LEGUMINOSAE-CAESALPINIOIDEAE (CAESALPINIACEAE),ไม้ต้น,ใบมีรสขมใช้แกงรับประทานได้,พื้นที่ศึกษาที่ 11 สวนกาญจนาภิเษก
7-31170-001-040/19,ขี้เหล็กแก่น (ราชบุรี) ขี้เหล็กบ้าน (ลำปาง สุราษฏร์ธานี) ขี้เหล็กหลวง (ภาคเหนือ) ขี้เหล็กใหญ่ (ภาคกลาง) ผักจี้ลี้ (ฉาน-แม่ฮ่องสอน),Senna siamea (Lam.) Irwin & Barneby,LEGUMINOSAE-CAESALPINIOIDEAE (CAESALPINIACEAE),ไม้ต้น,ใบมีรสขมใช้แกงรับประทานได้,พื้นที่ศึกษาที่ 11 สวนกาญจนาภิเษก
7-31170-001-040/20,ขี้เหล็กแก่น (ราชบุรี) ขี้เหล็กบ้าน (ลำปาง สุราษฏร์ธานี) ขี้เหล็กหลวง (ภาคเหนือ) ขี้เหล็กใหญ่ (ภาคกลาง) ผักจี้ลี้ (ฉาน-แม่ฮ่องสอน),Senna siamea (Lam.) Irwin & Barneby,LEGUMINOSAE-CAESALPINIOIDEAE (CAESALPINIACEAE),ไม้ต้น,ใบมีรสขมใช้แกงรับประทานได้,พื้นที่ศึกษาที่ 11 สวนกาญจนาภิเษก
7-31170-001-040/21,ขี้เหล็กแก่น (ราชบุรี) ขี้เหล็กบ้าน (ลำปาง สุราษฏร์ธานี) ขี้เหล็กหลวง (ภาคเหนือ) ขี้เหล็กใหญ่ (ภาคกลาง) ผักจี้ลี้ (ฉาน-แม่ฮ่องสอน),Senna siamea (Lam.) Irwin & Barneby,LEGUMINOSAE-CAESALPINIOIDEAE (CAESALPINIACEAE),ไม้ต้น,ใบมีรสขมใช้แกงรับประทานได้,พื้นที่ศึกษาที่ 11 สวนกาญจนาภิเษก
7-31170-001-040/22,ขี้เหล็กแก่น (ราชบุรี) ขี้เหล็กบ้าน (ลำปาง สุราษฏร์ธานี) ขี้เหล็กหลวง (ภาคเหนือ) ขี้เหล็กใหญ่ (ภาคกลาง) ผักจี้ลี้ (ฉาน-แม่ฮ่องสอน),Senna siamea (Lam.) Irwin & Barneby,LEGUMINOSAE-CAESALPINIOIDEAE (CAESALPINIACEAE),ไม้ต้น,ใบมีรสขมใช้แกงรับประทานได้,พื้นที่ศึกษาที่ 11 สวนกาญจนาภิเษก
7-31170-001-040/23,ขี้เหล็กแก่น (ราชบุรี) ขี้เหล็กบ้าน (ลำปาง สุราษฏร์ธานี) ขี้เหล็กหลวง (ภาคเหนือ) ขี้เหล็กใหญ่ (ภาคกลาง) ผักจี้ลี้ (ฉาน-แม่ฮ่องสอน),Senna siamea (Lam.) Irwin & Barneby,LEGUMINOSAE-CAESALPINIOIDEAE (CAESALPINIACEAE),ไม้ต้น,ใบมีรสขมใช้แกงรับประทานได้,พื้นที่ศึกษาที่ 11 สวนกาญจนาภิเษก
7-31170-001-040/24,ขี้เหล็กแก่น (ราชบุรี) ขี้เหล็กบ้าน (ลำปาง สุราษฏร์ธานี) ขี้เหล็กหลวง (ภาคเหนือ) ขี้เหล็กใหญ่ (ภาคกลาง) ผักจี้ลี้ (ฉาน-แม่ฮ่องสอน),Senna siamea (Lam.) Irwin & Barneby,LEGUMINOSAE-CAESALPINIOIDEAE (CAESALPINIACEAE),ไม้ต้น,ใบมีรสขมใช้แกงรับประทานได้,พื้นที่ศึกษาที่ 11 สวนกาญจนาภิเษก
7-31170-001-040/25,ขี้เหล็กแก่น (ราชบุรี) ขี้เหล็กบ้าน (ลำปาง สุราษฏร์ธานี) ขี้เหล็กหลวง (ภาคเหนือ) ขี้เหล็กใหญ่ (ภาคกลาง) ผักจี้ลี้ (ฉาน-แม่ฮ่องสอน),Senna siamea (Lam.) Irwin & Barneby,LEGUMINOSAE-CAESALPINIOIDEAE (CAESALPINIACEAE),ไม้ต้น,ใบมีรสขมใช้แกงรับประทานได้,พื้นที่ศึกษาที่ 11 สวนกาญจนาภิเษก
7-31170-001-040/26,ขี้เหล็กแก่น (ราชบุรี) ขี้เหล็กบ้าน (ลำปาง สุราษฏร์ธานี) ขี้เหล็กหลวง (ภาคเหนือ) ขี้เหล็กใหญ่ (ภาคกลาง) ผักจี้ลี้ (ฉาน-แม่ฮ่องสอน),Senna siamea (Lam.) Irwin & Barneby,LEGUMINOSAE-CAESALPINIOIDEAE (CAESALPINIACEAE),ไม้ต้น,ใบมีรสขมใช้แกงรับประทานได้,พื้นที่ศึกษาที่ 11 สวนกาญจนาภิเษก
7-31170-001-040/27,ขี้เหล็กแก่น (ราชบุรี) ขี้เหล็กบ้าน (ลำปาง สุราษฏร์ธานี) ขี้เหล็กหลวง (ภาคเหนือ) ขี้เหล็กใหญ่ (ภาคกลาง) ผักจี้ลี้ (ฉาน-แม่ฮ่องสอน),Senna siamea (Lam.) Irwin & Barneby,LEGUMINOSAE-CAESALPINIOIDEAE (CAESALPINIACEAE),ไม้ต้น,ใบมีรสขมใช้แกงรับประทานได้,พื้นที่ศึกษาที่ 11 สวนกาญจนาภิเษก
7-31170-001-040/28,ขี้เหล็กแก่น (ราชบุรี) ขี้เหล็กบ้าน (ลำปาง สุราษฏร์ธานี) ขี้เหล็กหลวง (ภาคเหนือ) ขี้เหล็กใหญ่ (ภาคกลาง) ผักจี้ลี้ (ฉาน-แม่ฮ่องสอน),Senna siamea (Lam.) Irwin & Barneby,LEGUMINOSAE-CAESALPINIOIDEAE (CAESALPINIACEAE),ไม้ต้น,ใบมีรสขมใช้แกงรับประทานได้,พื้นที่ศึกษาที่ 12 แปลงเกษตร
7-31170-001-040/29,ขี้เหล็กแก่น (ราชบุรี) ขี้เหล็กบ้าน (ลำปาง สุราษฏร์ธานี) ขี้เหล็กหลวง (ภาคเหนือ) ขี้เหล็กใหญ่ (ภาคกลาง) ผักจี้ลี้ (ฉาน-แม่ฮ่องสอน),Senna siamea (Lam.) Irwin & Barneby,LEGUMINOSAE-CAESALPINIOIDEAE (CAESALPINIACEAE),ไม้ต้น,ใบมีรสขมใช้แกงรับประทานได้,พื้นที่ศึกษาที่ 12 แปลงเกษตร
7-31170-001-040/30,ขี้เหล็กแก่น (ราชบุรี) ขี้เหล็กบ้าน (ลำปาง สุราษฏร์ธานี) ขี้เหล็กหลวง (ภาคเหนือ) ขี้เหล็กใหญ่ (ภาคกลาง) ผักจี้ลี้ (ฉาน-แม่ฮ่องสอน),Senna siamea (Lam.) Irwin & Barneby,LEGUMINOSAE-CAESALPINIOIDEAE (CAESALPINIACEAE),ไม้ต้น,ใบมีรสขมใช้แกงรับประทานได้,พื้นที่ศึกษาที่ 12 แปลงเกษตร
7-31170-001-040/31,ขี้เหล็กแก่น (ราชบุรี) ขี้เหล็กบ้าน (ลำปาง สุราษฏร์ธานี) ขี้เหล็กหลวง (ภาคเหนือ) ขี้เหล็กใหญ่ (ภาคกลาง) ผักจี้ลี้ (ฉาน-แม่ฮ่องสอน),Senna siamea (Lam.) Irwin & Barneby,LEGUMINOSAE-CAESALPINIOIDEAE (CAESALPINIACEAE),ไม้ต้น,ใบมีรสขมใช้แกงรับประทานได้,พื้นที่ศึกษาที่ 12 แปลงเกษตร
7-31170-001-040/32,ขี้เหล็กแก่น (ราชบุรี) ขี้เหล็กบ้าน (ลำปาง สุราษฏร์ธานี) ขี้เหล็กหลวง (ภาคเหนือ) ขี้เหล็กใหญ่ (ภาคกลาง) ผักจี้ลี้ (ฉาน-แม่ฮ่องสอน),Senna siamea (Lam.) Irwin & Barneby,LEGUMINOSAE-CAESALPINIOIDEAE (CAESALPINIACEAE),ไม้ต้น,ใบมีรสขมใช้แกงรับประทานได้,พื้นที่ศึกษาที่ 12 แปลงเกษตร
7-31170-001-040/33,ขี้เหล็กแก่น (ราชบุรี) ขี้เหล็กบ้าน (ลำปาง สุราษฏร์ธานี) ขี้เหล็กหลวง (ภาคเหนือ) ขี้เหล็กใหญ่ (ภาคกลาง) ผักจี้ลี้ (ฉาน-แม่ฮ่องสอน),Senna siamea (Lam.) Irwin & Barneby,LEGUMINOSAE-CAESALPINIOIDEAE (CAESALPINIACEAE),ไม้ต้น,ใบมีรสขมใช้แกงรับประทานได้,พื้นที่ศึกษาที่ 15 เตาเผาถ่าน
7-31170-001-040/34,ขี้เหล็กแก่น (ราชบุรี) ขี้เหล็กบ้าน (ลำปาง สุราษฏร์ธานี) ขี้เหล็กหลวง (ภาคเหนือ) ขี้เหล็กใหญ่ (ภาคกลาง) ผักจี้ลี้ (ฉาน-แม่ฮ่องสอน),Senna siamea (Lam.) Irwin & Barneby,LEGUMINOSAE-CAESALPINIOIDEAE (CAESALPINIACEAE),ไม้ต้น,ใบมีรสขมใช้แกงรับประทานได้,พื้นที่ศึกษาที่ 15 เตาเผาถ่าน
7-31170-001-040/35,ขี้เหล็กแก่น (ราชบุรี) ขี้เหล็กบ้าน (ลำปาง สุราษฏร์ธานี) ขี้เหล็กหลวง (ภาคเหนือ) ขี้เหล็กใหญ่ (ภาคกลาง) ผักจี้ลี้ (ฉาน-แม่ฮ่องสอน),Senna siamea (Lam.) Irwin & Barneby,LEGUMINOSAE-CAESALPINIOIDEAE (CAESALPINIACEAE),ไม้ต้น,ใบมีรสขมใช้แกงรับประทานได้,พื้นที่ศึกษาที่ 15 เตาเผาถ่าน
7-31170-001-040/36,ขี้เหล็กแก่น (ราชบุรี) ขี้เหล็กบ้าน (ลำปาง สุราษฏร์ธานี) ขี้เหล็กหลวง (ภาคเหนือ) ขี้เหล็กใหญ่ (ภาคกลาง) ผักจี้ลี้ (ฉาน-แม่ฮ่องสอน),Senna siamea (Lam.) Irwin & Barneby,LEGUMINOSAE-CAESALPINIOIDEAE (CAESALPINIACEAE),ไม้ต้น,ใบมีรสขมใช้แกงรับประทานได้,พื้นที่ศึกษาที่ 15 เตาเผาถ่าน
7-31170-001-040/37,ขี้เหล็กแก่น (ราชบุรี) ขี้เหล็กบ้าน (ลำปาง สุราษฏร์ธานี) ขี้เหล็กหลวง (ภาคเหนือ) ขี้เหล็กใหญ่ (ภาคกลาง) ผักจี้ลี้ (ฉาน-แม่ฮ่องสอน),Senna siamea (Lam.) Irwin & Barneby,LEGUMINOSAE-CAESALPINIOIDEAE (CAESALPINIACEAE),ไม้ต้น,ใบมีรสขมใช้แกงรับประทานได้,พื้นที่ศึกษาที่ 15 เตาเผาถ่าน
7-31170-001-040/38,ขี้เหล็กแก่น (ราชบุรี) ขี้เหล็กบ้าน (ลำปาง สุราษฏร์ธานี) ขี้เหล็กหลวง (ภาคเหนือ) ขี้เหล็กใหญ่ (ภาคกลาง) ผักจี้ลี้ (ฉาน-แม่ฮ่องสอน),Senna siamea (Lam.) Irwin & Barneby,LEGUMINOSAE-CAESALPINIOIDEAE (CAESALPINIACEAE),ไม้ต้น,ใบมีรสขมใช้แกงรับประทานได้,พื้นที่ศึกษาที่ 15 เตาเผาถ่าน
7-31170-001-040/39,ขี้เหล็กแก่น (ราชบุรี) ขี้เหล็กบ้าน (ลำปาง สุราษฏร์ธานี) ขี้เหล็กหลวง (ภาคเหนือ) ขี้เหล็กใหญ่ (ภาคกลาง) ผักจี้ลี้ (ฉาน-แม่ฮ่องสอน),Senna siamea (Lam.) Irwin & Barneby,LEGUMINOSAE-CAESALPINIOIDEAE (CAESALPINIACEAE),ไม้ต้น,ใบมีรสขมใช้แกงรับประทานได้,พื้นที่ศึกษาที่ 15 เตาเผาถ่าน
7-31170-001-040/40,ขี้เหล็กแก่น (ราชบุรี) ขี้เหล็กบ้าน (ลำปาง สุราษฏร์ธานี) ขี้เหล็กหลวง (ภาคเหนือ) ขี้เหล็กใหญ่ (ภาคกลาง) ผักจี้ลี้ (ฉาน-แม่ฮ่องสอน),Senna siamea (Lam.) Irwin & Barneby,LEGUMINOSAE-CAESALPINIOIDEAE (CAESALPINIACEAE),ไม้ต้น,ใบมีรสขมใช้แกงรับประทานได้,พื้นที่ศึกษาที่ 15 เตาเผาถ่าน
7-31170-001-040/41,ขี้เหล็กแก่น (ราชบุรี) ขี้เหล็กบ้าน (ลำปาง สุราษฏร์ธานี) ขี้เหล็กหลวง (ภาคเหนือ) ขี้เหล็กใหญ่ (ภาคกลาง) ผักจี้ลี้ (ฉาน-แม่ฮ่องสอน),Senna siamea (Lam.) Irwin & Barneby,LEGUMINOSAE-CAESALPINIOIDEAE (CAESALPINIACEAE),ไม้ต้น,ใบมีรสขมใช้แกงรับประทานได้,พื้นที่ศึกษาที่ 15 เตาเผาถ่าน
7-31170-001-040/42,ขี้เหล็กแก่น (ราชบุรี) ขี้เหล็กบ้าน (ลำปาง สุราษฏร์ธานี) ขี้เหล็กหลวง (ภาคเหนือ) ขี้เหล็กใหญ่ (ภาคกลาง) ผักจี้ลี้ (ฉาน-แม่ฮ่องสอน),Senna siamea (Lam.) Irwin & Barneby,LEGUMINOSAE-CAESALPINIOIDEAE (CAESALPINIACEAE),ไม้ต้น,ใบมีรสขมใช้แกงรับประทานได้,พื้นที่ศึกษาที่ 15 เตาเผาถ่าน
7-31170-001-040/43,ขี้เหล็กแก่น (ราชบุรี) ขี้เหล็กบ้าน (ลำปาง สุราษฏร์ธานี) ขี้เหล็กหลวง (ภาคเหนือ) ขี้เหล็กใหญ่ (ภาคกลาง) ผักจี้ลี้ (ฉาน-แม่ฮ่องสอน),Senna siamea (Lam.) Irwin & Barneby,LEGUMINOSAE-CAESALPINIOIDEAE (CAESALPINIACEAE),ไม้ต้น,ใบมีรสขมใช้แกงรับประทานได้,พื้นที่ศึกษาที่ 15 เตาเผาถ่าน
7-31170-001-040/44,ขี้เหล็กแก่น (ราชบุรี) ขี้เหล็กบ้าน (ลำปาง สุราษฏร์ธานี) ขี้เหล็กหลวง (ภาคเหนือ) ขี้เหล็กใหญ่ (ภาคกลาง) ผักจี้ลี้ (ฉาน-แม่ฮ่องสอน),Senna siamea (Lam.) Irwin & Barneby,LEGUMINOSAE-CAESALPINIOIDEAE (CAESALPINIACEAE),ไม้ต้น,ใบมีรสขมใช้แกงรับประทานได้,พื้นที่ศึกษาที่ 15 เตาเผาถ่าน
7-31170-001-040/45,ขี้เหล็กแก่น (ราชบุรี) ขี้เหล็กบ้าน (ลำปาง สุราษฏร์ธานี) ขี้เหล็กหลวง (ภาคเหนือ) ขี้เหล็กใหญ่ (ภาคกลาง) ผักจี้ลี้ (ฉาน-แม่ฮ่องสอน),Senna siamea (Lam.) Irwin & Barneby,LEGUMINOSAE-CAESALPINIOIDEAE (CAESALPINIACEAE),ไม้ต้น,ใบมีรสขมใช้แกงรับประทานได้,พื้นที่ศึกษาที่ 15 เตาเผาถ่าน
7-31170-001-040/46,ขี้เหล็กแก่น (ราชบุรี) ขี้เหล็กบ้าน (ลำปาง สุราษฏร์ธานี) ขี้เหล็กหลวง (ภาคเหนือ) ขี้เหล็กใหญ่ (ภาคกลาง) ผักจี้ลี้ (ฉาน-แม่ฮ่องสอน),Senna siamea (Lam.) Irwin & Barneby,LEGUMINOSAE-CAESALPINIOIDEAE (CAESALPINIACEAE),ไม้ต้น,ใบมีรสขมใช้แกงรับประทานได้,พื้นที่ศึกษาที่ 15 เตาเผาถ่าน
7-31170-001-040/47,ขี้เหล็กแก่น (ราชบุรี) ขี้เหล็กบ้าน (ลำปาง สุราษฏร์ธานี) ขี้เหล็กหลวง (ภาคเหนือ) ขี้เหล็กใหญ่ (ภาคกลาง) ผักจี้ลี้ (ฉาน-แม่ฮ่องสอน),Senna siamea (Lam.) Irwin & Barneby,LEGUMINOSAE-CAESALPINIOIDEAE (CAESALPINIACEAE),ไม้ต้น,ใบมีรสขมใช้แกงรับประทานได้,พื้นที่ศึกษาที่ 15 เตาเผาถ่าน
7-31170-001-040/48,ขี้เหล็กแก่น (ราชบุรี) ขี้เหล็กบ้าน (ลำปาง สุราษฏร์ธานี) ขี้เหล็กหลวง (ภาคเหนือ) ขี้เหล็กใหญ่ (ภาคกลาง) ผักจี้ลี้ (ฉาน-แม่ฮ่องสอน),Senna siamea (Lam.) Irwin & Barneby,LEGUMINOSAE-CAESALPINIOIDEAE (CAESALPINIACEAE),ไม้ต้น,ใบมีรสขมใช้แกงรับประทานได้,พื้นที่ศึกษาที่ 15 เตาเผาถ่าน
7-31170-001-040/49,ขี้เหล็กแก่น (ราชบุรี) ขี้เหล็กบ้าน (ลำปาง สุราษฏร์ธานี) ขี้เหล็กหลวง (ภาคเหนือ) ขี้เหล็กใหญ่ (ภาคกลาง) ผักจี้ลี้ (ฉาน-แม่ฮ่องสอน),Senna siamea (Lam.) Irwin & Barneby,LEGUMINOSAE-CAESALPINIOIDEAE (CAESALPINIACEAE),ไม้ต้น,ใบมีรสขมใช้แกงรับประทานได้,พื้นที่ศึกษาที่ 15 เตาเผาถ่าน
7-31170-001-040/50,ขี้เหล็กแก่น (ราชบุรี) ขี้เหล็กบ้าน (ลำปาง สุราษฏร์ธานี) ขี้เหล็กหลวง (ภาคเหนือ) ขี้เหล็กใหญ่ (ภาคกลาง) ผักจี้ลี้ (ฉาน-แม่ฮ่องสอน),Senna siamea (Lam.) Irwin & Barneby,LEGUMINOSAE-CAESALPINIOIDEAE (CAESALPINIACEAE),ไม้ต้น,ใบมีรสขมใช้แกงรับประทานได้,พื้นที่ศึกษาที่ 15 เตาเผาถ่าน
7-31170-001-040/51,ขี้เหล็กแก่น (ราชบุรี) ขี้เหล็กบ้าน (ลำปาง สุราษฏร์ธานี) ขี้เหล็กหลวง (ภาคเหนือ) ขี้เหล็กใหญ่ (ภาคกลาง) ผักจี้ลี้ (ฉาน-แม่ฮ่องสอน),Senna siamea (Lam.) Irwin & Barneby,LEGUMINOSAE-CAESALPINIOIDEAE (CAESALPINIACEAE),ไม้ต้น,ใบมีรสขมใช้แกงรับประทานได้,พื้นที่ศึกษาที่ 15 เตาเผาถ่าน
7-31170-001-040/52,ขี้เหล็กแก่น (ราชบุรี) ขี้เหล็กบ้าน (ลำปาง สุราษฏร์ธานี) ขี้เหล็กหลวง (ภาคเหนือ) ขี้เหล็กใหญ่ (ภาคกลาง) ผักจี้ลี้ (ฉาน-แม่ฮ่องสอน),Senna siamea (Lam.) Irwin & Barneby,LEGUMINOSAE-CAESALPINIOIDEAE (CAESALPINIACEAE),ไม้ต้น,ใบมีรสขมใช้แกงรับประทานได้,พื้นที่ศึกษาที่ 15 เตาเผาถ่าน
7-31170-001-040/53,ขี้เหล็กแก่น (ราชบุรี) ขี้เหล็กบ้าน (ลำปาง สุราษฏร์ธานี) ขี้เหล็กหลวง (ภาคเหนือ) ขี้เหล็กใหญ่ (ภาคกลาง) ผักจี้ลี้ (ฉาน-แม่ฮ่องสอน),Senna siamea (Lam.) Irwin & Barneby,LEGUMINOSAE-CAESALPINIOIDEAE (CAESALPINIACEAE),ไม้ต้น,ใบมีรสขมใช้แกงรับประทานได้,พื้นที่ศึกษาที่ 15 เตาเผาถ่าน
7-31170-001-040/54,ขี้เหล็กแก่น (ราชบุรี) ขี้เหล็กบ้าน (ลำปาง สุราษฏร์ธานี) ขี้เหล็กหลวง (ภาคเหนือ) ขี้เหล็กใหญ่ (ภาคกลาง) ผักจี้ลี้ (ฉาน-แม่ฮ่องสอน),Senna siamea (Lam.) Irwin & Barneby,LEGUMINOSAE-CAESALPINIOIDEAE (CAESALPINIACEAE),ไม้ต้น,ใบมีรสขมใช้แกงรับประทานได้,พื้นที่ศึกษาที่ 15 เตาเผาถ่าน
7-31170-001-040/55,ขี้เหล็กแก่น (ราชบุรี) ขี้เหล็กบ้าน (ลำปาง สุราษฏร์ธานี) ขี้เหล็กหลวง (ภาคเหนือ) ขี้เหล็กใหญ่ (ภาคกลาง) ผักจี้ลี้ (ฉาน-แม่ฮ่องสอน),Senna siamea (Lam.) Irwin & Barneby,LEGUMINOSAE-CAESALPINIOIDEAE (CAESALPINIACEAE),ไม้ต้น,ใบมีรสขมใช้แกงรับประทานได้,พื้นที่ศึกษาที่ 15 เตาเผาถ่าน
7-31170-001-040/56,ขี้เหล็กแก่น (ราชบุรี) ขี้เหล็กบ้าน (ลำปาง สุราษฏร์ธานี) ขี้เหล็กหลวง (ภาคเหนือ) ขี้เหล็กใหญ่ (ภาคกลาง) ผักจี้ลี้ (ฉาน-แม่ฮ่องสอน),Senna siamea (Lam.) Irwin & Barneby,LEGUMINOSAE-CAESALPINIOIDEAE (CAESALPINIACEAE),ไม้ต้น,ใบมีรสขมใช้แกงรับประทานได้,พื้นที่ศึกษาที่ 15 เตาเผาถ่าน
7-31170-001-040/57,ขี้เหล็กแก่น (ราชบุรี) ขี้เหล็กบ้าน (ลำปาง สุราษฏร์ธานี) ขี้เหล็กหลวง (ภาคเหนือ) ขี้เหล็กใหญ่ (ภาคกลาง) ผักจี้ลี้ (ฉาน-แม่ฮ่องสอน),Senna siamea (Lam.) Irwin & Barneby,LEGUMINOSAE-CAESALPINIOIDEAE (CAESALPINIACEAE),ไม้ต้น,ใบมีรสขมใช้แกงรับประทานได้,พื้นที่ศึกษาที่ 15 เตาเผาถ่าน
7-31170-001-040/58,ขี้เหล็กแก่น (ราชบุรี) ขี้เหล็กบ้าน (ลำปาง สุราษฏร์ธานี) ขี้เหล็กหลวง (ภาคเหนือ) ขี้เหล็กใหญ่ (ภาคกลาง) ผักจี้ลี้ (ฉาน-แม่ฮ่องสอน),Senna siamea (Lam.) Irwin & Barneby,LEGUMINOSAE-CAESALPINIOIDEAE (CAESALPINIACEAE),ไม้ต้น,ใบมีรสขมใช้แกงรับประทานได้,พื้นที่ศึกษาที่ 15 เตาเผาถ่าน
7-31170-001-040/59,ขี้เหล็กแก่น (ราชบุรี) ขี้เหล็กบ้าน (ลำปาง สุราษฏร์ธานี) ขี้เหล็กหลวง (ภาคเหนือ) ขี้เหล็กใหญ่ (ภาคกลาง) ผักจี้ลี้ (ฉาน-แม่ฮ่องสอน),Senna siamea (Lam.) Irwin & Barneby,LEGUMINOSAE-CAESALPINIOIDEAE (CAESALPINIACEAE),ไม้ต้น,ใบมีรสขมใช้แกงรับประทานได้,พื้นที่ศึกษาที่ 15 เตาเผาถ่าน
7-31170-001-040/60,ขี้เหล็กแก่น (ราชบุรี) ขี้เหล็กบ้าน (ลำปาง สุราษฏร์ธานี) ขี้เหล็กหลวง (ภาคเหนือ) ขี้เหล็กใหญ่ (ภาคกลาง) ผักจี้ลี้ (ฉาน-แม่ฮ่องสอน),Senna siamea (Lam.) Irwin & Barneby,LEGUMINOSAE-CAESALPINIOIDEAE (CAESALPINIACEAE),ไม้ต้น,ใบมีรสขมใช้แกงรับประทานได้,พื้นที่ศึกษาที่ 16 หอประชุม
7-31170-001-040/61,ขี้เหล็กแก่น (ราชบุรี) ขี้เหล็กบ้าน (ลำปาง สุราษฏร์ธานี) ขี้เหล็กหลวง (ภาคเหนือ) ขี้เหล็กใหญ่ (ภาคกลาง) ผักจี้ลี้ (ฉาน-แม่ฮ่องสอน),Senna siamea (Lam.) Irwin & Barneby,LEGUMINOSAE-CAESALPINIOIDEAE (CAESALPINIACEAE),ไม้ต้น,ใบมีรสขมใช้แกงรับประทานได้,พื้นที่ศึกษาที่ 16 หอประชุม
7-31170-001-040/62,ขี้เหล็กแก่น (ราชบุรี) ขี้เหล็กบ้าน (ลำปาง สุราษฏร์ธานี) ขี้เหล็กหลวง (ภาคเหนือ) ขี้เหล็กใหญ่ (ภาคกลาง) ผักจี้ลี้ (ฉาน-แม่ฮ่องสอน),Senna siamea (Lam.) Irwin & Barneby,LEGUMINOSAE-CAESALPINIOIDEAE (CAESALPINIACEAE),ไม้ต้น,ใบมีรสขมใช้แกงรับประทานได้,พื้นที่ศึกษาที่ 16 หอประชุม
7-31170-001-040/63,ขี้เหล็กแก่น (ราชบุรี) ขี้เหล็กบ้าน (ลำปาง สุราษฏร์ธานี) ขี้เหล็กหลวง (ภาคเหนือ) ขี้เหล็กใหญ่ (ภาคกลาง) ผักจี้ลี้ (ฉาน-แม่ฮ่องสอน),Senna siamea (Lam.) Irwin & Barneby,LEGUMINOSAE-CAESALPINIOIDEAE (CAESALPINIACEAE),ไม้ต้น,ใบมีรสขมใช้แกงรับประทานได้,พื้นที่ศึกษาที่ 16 หอประชุม
7-31170-001-040/64,ขี้เหล็กแก่น (ราชบุรี) ขี้เหล็กบ้าน (ลำปาง สุราษฏร์ธานี) ขี้เหล็กหลวง (ภาคเหนือ) ขี้เหล็กใหญ่ (ภาคกลาง) ผักจี้ลี้ (ฉาน-แม่ฮ่องสอน),Senna siamea (Lam.) Irwin & Barneby,LEGUMINOSAE-CAESALPINIOIDEAE (CAESALPINIACEAE),ไม้ต้น,ใบมีรสขมใช้แกงรับประทานได้,พื้นที่ศึกษาที่ 16 หอประชุม
7-31170-001-040/65,ขี้เหล็กแก่น (ราชบุรี) ขี้เหล็กบ้าน (ลำปาง สุราษฏร์ธานี) ขี้เหล็กหลวง (ภาคเหนือ) ขี้เหล็กใหญ่ (ภาคกลาง) ผักจี้ลี้ (ฉาน-แม่ฮ่องสอน),Senna siamea (Lam.) Irwin & Barneby,LEGUMINOSAE-CAESALPINIOIDEAE (CAESALPINIACEAE),ไม้ต้น,ใบมีรสขมใช้แกงรับประทานได้,พื้นที่ศึกษาที่ 16 หอประชุม
7-31170-001-040/66,ขี้เหล็กแก่น (ราชบุรี) ขี้เหล็กบ้าน (ลำปาง สุราษฏร์ธานี) ขี้เหล็กหลวง (ภาคเหนือ) ขี้เหล็กใหญ่ (ภาคกลาง) ผักจี้ลี้ (ฉาน-แม่ฮ่องสอน),Senna siamea (Lam.) Irwin & Barneby,LEGUMINOSAE-CAESALPINIOIDEAE (CAESALPINIACEAE),ไม้ต้น,ใบมีรสขมใช้แกงรับประทานได้,พื้นที่ศึกษาที่ 16 หอประชุม
7-31170-001-040/67,ขี้เหล็กแก่น (ราชบุรี) ขี้เหล็กบ้าน (ลำปาง สุราษฏร์ธานี) ขี้เหล็กหลวง (ภาคเหนือ) ขี้เหล็กใหญ่ (ภาคกลาง) ผักจี้ลี้ (ฉาน-แม่ฮ่องสอน),Senna siamea (Lam.) Irwin & Barneby,LEGUMINOSAE-CAESALPINIOIDEAE (CAESALPINIACEAE),ไม้ต้น,ใบมีรสขมใช้แกงรับประทานได้,พื้นที่ศึกษาที่ 16 หอประชุม
7-31170-001-040/68,ขี้เหล็กแก่น (ราชบุรี) ขี้เหล็กบ้าน (ลำปาง สุราษฏร์ธานี) ขี้เหล็กหลวง (ภาคเหนือ) ขี้เหล็กใหญ่ (ภาคกลาง) ผักจี้ลี้ (ฉาน-แม่ฮ่องสอน),Senna siamea (Lam.) Irwin & Barneby,LEGUMINOSAE-CAESALPINIOIDEAE (CAESALPINIACEAE),ไม้ต้น,ใบมีรสขมใช้แกงรับประทานได้,พื้นที่ศึกษาที่ 16 หอประชุม
7-31170-001-040/69,ขี้เหล็กแก่น (ราชบุรี) ขี้เหล็กบ้าน (ลำปาง สุราษฏร์ธานี) ขี้เหล็กหลวง (ภาคเหนือ) ขี้เหล็กใหญ่ (ภาคกลาง) ผักจี้ลี้ (ฉาน-แม่ฮ่องสอน),Senna siamea (Lam.) Irwin & Barneby,LEGUMINOSAE-CAESALPINIOIDEAE (CAESALPINIACEAE),ไม้ต้น,ใบมีรสขมใช้แกงรับประทานได้,พื้นที่ศึกษาที่ 16 หอประชุม
7-31170-001-040/70,ขี้เหล็กแก่น (ราชบุรี) ขี้เหล็กบ้าน (ลำปาง สุราษฏร์ธานี) ขี้เหล็กหลวง (ภาคเหนือ) ขี้เหล็กใหญ่ (ภาคกลาง) ผักจี้ลี้ (ฉาน-แม่ฮ่องสอน),Senna siamea (Lam.) Irwin & Barneby,LEGUMINOSAE-CAESALPINIOIDEAE (CAESALPINIACEAE),ไม้ต้น,ใบมีรสขมใช้แกงรับประทานได้,พื้นที่ศึกษาที่ 16 หอประชุม
7-31170-001-040/71,ขี้เหล็กแก่น (ราชบุรี) ขี้เหล็กบ้าน (ลำปาง สุราษฏร์ธานี) ขี้เหล็กหลวง (ภาคเหนือ) ขี้เหล็กใหญ่ (ภาคกลาง) ผักจี้ลี้ (ฉาน-แม่ฮ่องสอน),Senna siamea (Lam.) Irwin & Barneby,LEGUMINOSAE-CAESALPINIOIDEAE (CAESALPINIACEAE),ไม้ต้น,ใบมีรสขมใช้แกงรับประทานได้,พื้นที่ศึกษาที่ 16 หอประชุม
7-31170-001-040/72,ขี้เหล็กแก่น (ราชบุรี) ขี้เหล็กบ้าน (ลำปาง สุราษฏร์ธานี) ขี้เหล็กหลวง (ภาคเหนือ) ขี้เหล็กใหญ่ (ภาคกลาง) ผักจี้ลี้ (ฉาน-แม่ฮ่องสอน),Senna siamea (Lam.) Irwin & Barneby,LEGUMINOSAE-CAESALPINIOIDEAE (CAESALPINIACEAE),ไม้ต้น,ใบมีรสขมใช้แกงรับประทานได้,พื้นที่ศึกษาที่ 16 หอประชุม
7-31170-001-040/73,ขี้เหล็กแก่น (ราชบุรี) ขี้เหล็กบ้าน (ลำปาง สุราษฏร์ธานี) ขี้เหล็กหลวง (ภาคเหนือ) ขี้เหล็กใหญ่ (ภาคกลาง) ผักจี้ลี้ (ฉาน-แม่ฮ่องสอน),Senna siamea (Lam.) Irwin & Barneby,LEGUMINOSAE-CAESALPINIOIDEAE (CAESALPINIACEAE),ไม้ต้น,ใบมีรสขมใช้แกงรับประทานได้,พื้นที่ศึกษาที่ 16 หอประชุม
7-31170-001-040/74,ขี้เหล็กแก่น (ราชบุรี) ขี้เหล็กบ้าน (ลำปาง สุราษฏร์ธานี) ขี้เหล็กหลวง (ภาคเหนือ) ขี้เหล็กใหญ่ (ภาคกลาง) ผักจี้ลี้ (ฉาน-แม่ฮ่องสอน),Senna siamea (Lam.) Irwin & Barneby,LEGUMINOSAE-CAESALPINIOIDEAE (CAESALPINIACEAE),ไม้ต้น,ใบมีรสขมใช้แกงรับประทานได้,พื้นที่ศึกษาที่ 16 หอประชุม
7-31170-001-040/75,ขี้เหล็กแก่น (ราชบุรี) ขี้เหล็กบ้าน (ลำปาง สุราษฏร์ธานี) ขี้เหล็กหลวง (ภาคเหนือ) ขี้เหล็กใหญ่ (ภาคกลาง) ผักจี้ลี้ (ฉาน-แม่ฮ่องสอน),Senna siamea (Lam.) Irwin & Barneby,LEGUMINOSAE-CAESALPINIOIDEAE (CAESALPINIACEAE),ไม้ต้น,ใบมีรสขมใช้แกงรับประทานได้,พื้นที่ศึกษาที่ 16 หอประชุม
7-31170-001-040/76,ขี้เหล็กแก่น (ราชบุรี) ขี้เหล็กบ้าน (ลำปาง สุราษฏร์ธานี) ขี้เหล็กหลวง (ภาคเหนือ) ขี้เหล็กใหญ่ (ภาคกลาง) ผักจี้ลี้ (ฉาน-แม่ฮ่องสอน),Senna siamea (Lam.) Irwin & Barneby,LEGUMINOSAE-CAESALPINIOIDEAE (CAESALPINIACEAE),ไม้ต้น,ใบมีรสขมใช้แกงรับประทานได้,พื้นที่ศึกษาที่ 16 หอประชุม
7-31170-001-040/77,ขี้เหล็กแก่น (ราชบุรี) ขี้เหล็กบ้าน (ลำปาง สุราษฏร์ธานี) ขี้เหล็กหลวง (ภาคเหนือ) ขี้เหล็กใหญ่ (ภาคกลาง) ผักจี้ลี้ (ฉาน-แม่ฮ่องสอน),Senna siamea (Lam.) Irwin & Barneby,LEGUMINOSAE-CAESALPINIOIDEAE (CAESALPINIACEAE),ไม้ต้น,ใบมีรสขมใช้แกงรับประทานได้,พื้นที่ศึกษาที่ 16 หอประชุม
7-31170-001-040/78,ขี้เหล็กแก่น (ราชบุรี) ขี้เหล็กบ้าน (ลำปาง สุราษฏร์ธานี) ขี้เหล็กหลวง (ภาคเหนือ) ขี้เหล็กใหญ่ (ภาคกลาง) ผักจี้ลี้ (ฉาน-แม่ฮ่องสอน),Senna siamea (Lam.) Irwin & Barneby,LEGUMINOSAE-CAESALPINIOIDEAE (CAESALPINIACEAE),ไม้ต้น,ใบมีรสขมใช้แกงรับประทานได้,พื้นที่ศึกษาที่ 16 หอประชุม
7-31170-001-040/79,ขี้เหล็กแก่น (ราชบุรี) ขี้เหล็กบ้าน (ลำปาง สุราษฏร์ธานี) ขี้เหล็กหลวง (ภาคเหนือ) ขี้เหล็กใหญ่ (ภาคกลาง) ผักจี้ลี้ (ฉาน-แม่ฮ่องสอน),Senna siamea (Lam.) Irwin & Barneby,LEGUMINOSAE-CAESALPINIOIDEAE (CAESALPINIACEAE),ไม้ต้น,ใบมีรสขมใช้แกงรับประทานได้,พื้นที่ศึกษาที่ 16 หอประชุม
7-31170-001-040/80,ขี้เหล็กแก่น (ราชบุรี) ขี้เหล็กบ้าน (ลำปาง สุราษฏร์ธานี) ขี้เหล็กหลวง (ภาคเหนือ) ขี้เหล็กใหญ่ (ภาคกลาง) ผักจี้ลี้ (ฉาน-แม่ฮ่องสอน),Senna siamea (Lam.) Irwin & Barneby,LEGUMINOSAE-CAESALPINIOIDEAE (CAESALPINIACEAE),ไม้ต้น,ใบมีรสขมใช้แกงรับประทานได้,พื้นที่ศึกษาที่ 16 หอประชุม
7-31170-001-040/81,ขี้เหล็กแก่น (ราชบุรี) ขี้เหล็กบ้าน (ลำปาง สุราษฏร์ธานี) ขี้เหล็กหลวง (ภาคเหนือ) ขี้เหล็กใหญ่ (ภาคกลาง) ผักจี้ลี้ (ฉาน-แม่ฮ่องสอน),Senna siamea (Lam.) Irwin & Barneby,LEGUMINOSAE-CAESALPINIOIDEAE (CAESALPINIACEAE),ไม้ต้น,ใบมีรสขมใช้แกงรับประทานได้,พื้นที่ศึกษาที่ 16 หอประชุม
7-31170-001-040/82,ขี้เหล็กแก่น (ราชบุรี) ขี้เหล็กบ้าน (ลำปาง สุราษฏร์ธานี) ขี้เหล็กหลวง (ภาคเหนือ) ขี้เหล็กใหญ่ (ภาคกลาง) ผักจี้ลี้ (ฉาน-แม่ฮ่องสอน),Senna siamea (Lam.) Irwin & Barneby,LEGUMINOSAE-CAESALPINIOIDEAE (CAESALPINIACEAE),ไม้ต้น,ใบมีรสขมใช้แกงรับประทานได้,พื้นที่ศึกษาที่ 16 หอประชุม
7-31170-001-040/83,ขี้เหล็กแก่น (ราชบุรี) ขี้เหล็กบ้าน (ลำปาง สุราษฏร์ธานี) ขี้เหล็กหลวง (ภาคเหนือ) ขี้เหล็กใหญ่ (ภาคกลาง) ผักจี้ลี้ (ฉาน-แม่ฮ่องสอน),Senna siamea (Lam.) Irwin & Barneby,LEGUMINOSAE-CAESALPINIOIDEAE (CAESALPINIACEAE),ไม้ต้น,ใบมีรสขมใช้แกงรับประทานได้,พื้นที่ศึกษาที่ 16 หอประชุม
7-31170-001-040/84,ขี้เหล็กแก่น (ราชบุรี) ขี้เหล็กบ้าน (ลำปาง สุราษฏร์ธานี) ขี้เหล็กหลวง (ภาคเหนือ) ขี้เหล็กใหญ่ (ภาคกลาง) ผักจี้ลี้ (ฉาน-แม่ฮ่องสอน),Senna siamea (Lam.) Irwin & Barneby,LEGUMINOSAE-CAESALPINIOIDEAE (CAESALPINIACEAE),ไม้ต้น,ใบมีรสขมใช้แกงรับประทานได้,พื้นที่ศึกษาที่ 16 หอประชุม
7-31170-001-040/85,ขี้เหล็กแก่น (ราชบุรี) ขี้เหล็กบ้าน (ลำปาง สุราษฏร์ธานี) ขี้เหล็กหลวง (ภาคเหนือ) ขี้เหล็กใหญ่ (ภาคกลาง) ผักจี้ลี้ (ฉาน-แม่ฮ่องสอน),Senna siamea (Lam.) Irwin & Barneby,LEGUMINOSAE-CAESALPINIOIDEAE (CAESALPINIACEAE),ไม้ต้น,ใบมีรสขมใช้แกงรับประทานได้,พื้นที่ศึกษาที่ 16 หอประชุม
7-31170-001-040/86,ขี้เหล็กแก่น (ราชบุรี) ขี้เหล็กบ้าน (ลำปาง สุราษฏร์ธานี) ขี้เหล็กหลวง (ภาคเหนือ) ขี้เหล็กใหญ่ (ภาคกลาง) ผักจี้ลี้ (ฉาน-แม่ฮ่องสอน),Senna siamea (Lam.) Irwin & Barneby,LEGUMINOSAE-CAESALPINIOIDEAE (CAESALPINIACEAE),ไม้ต้น,ใบมีรสขมใช้แกงรับประทานได้,พื้นที่ศึกษาที่ 16 หอประชุม
7-31170-001-040/87,ขี้เหล็กแก่น (ราชบุรี) ขี้เหล็กบ้าน (ลำปาง สุราษฏร์ธานี) ขี้เหล็กหลวง (ภาคเหนือ) ขี้เหล็กใหญ่ (ภาคกลาง) ผักจี้ลี้ (ฉาน-แม่ฮ่องสอน),Senna siamea (Lam.) Irwin & Barneby,LEGUMINOSAE-CAESALPINIOIDEAE (CAESALPINIACEAE),ไม้ต้น,ใบมีรสขมใช้แกงรับประทานได้,พื้นที่ศึกษาที่ 16 หอประชุม
7-31170-001-040/88,ขี้เหล็กแก่น (ราชบุรี) ขี้เหล็กบ้าน (ลำปาง สุราษฏร์ธานี) ขี้เหล็กหลวง (ภาคเหนือ) ขี้เหล็กใหญ่ (ภาคกลาง) ผักจี้ลี้ (ฉาน-แม่ฮ่องสอน),Senna siamea (Lam.) Irwin & Barneby,LEGUMINOSAE-CAESALPINIOIDEAE (CAESALPINIACEAE),ไม้ต้น,ใบมีรสขมใช้แกงรับประทานได้,พื้นที่ศึกษาที่ 16 หอประชุม
7-31170-001-040/89,ขี้เหล็กแก่น (ราชบุรี) ขี้เหล็กบ้าน (ลำปาง สุราษฏร์ธานี) ขี้เหล็กหลวง (ภาคเหนือ) ขี้เหล็กใหญ่ (ภาคกลาง) ผักจี้ลี้ (ฉาน-แม่ฮ่องสอน),Senna siamea (Lam.) Irwin & Barneby,LEGUMINOSAE-CAESALPINIOIDEAE (CAESALPINIACEAE),ไม้ต้น,ใบมีรสขมใช้แกงรับประทานได้,พื้นที่ศึกษาที่ 16 หอประชุม
7-31170-001-040/90,ขี้เหล็กแก่น (ราชบุรี) ขี้เหล็กบ้าน (ลำปาง สุราษฏร์ธานี) ขี้เหล็กหลวง (ภาคเหนือ) ขี้เหล็กใหญ่ (ภาคกลาง) ผักจี้ลี้ (ฉาน-แม่ฮ่องสอน),Senna siamea (Lam.) Irwin & Barneby,LEGUMINOSAE-CAESALPINIOIDEAE (CAESALPINIACEAE),ไม้ต้น,ใบมีรสขมใช้แกงรับประทานได้,พื้นที่ศึกษาที่ 16 หอประชุม
7-31170-001-040/91,ขี้เหล็กแก่น (ราชบุรี) ขี้เหล็กบ้าน (ลำปาง สุราษฏร์ธานี) ขี้เหล็กหลวง (ภาคเหนือ) ขี้เหล็กใหญ่ (ภาคกลาง) ผักจี้ลี้ (ฉาน-แม่ฮ่องสอน),Senna siamea (Lam.) Irwin & Barneby,LEGUMINOSAE-CAESALPINIOIDEAE (CAESALPINIACEAE),ไม้ต้น,ใบมีรสขมใช้แกงรับประทานได้,พื้นที่ศึกษาที่ 16 หอประชุม
7-31170-001-040/92,ขี้เหล็กแก่น (ราชบุรี) ขี้เหล็กบ้าน (ลำปาง สุราษฏร์ธานี) ขี้เหล็กหลวง (ภาคเหนือ) ขี้เหล็กใหญ่ (ภาคกลาง) ผักจี้ลี้ (ฉาน-แม่ฮ่องสอน),Senna siamea (Lam.) Irwin & Barneby,LEGUMINOSAE-CAESALPINIOIDEAE (CAESALPINIACEAE),ไม้ต้น,ใบมีรสขมใช้แกงรับประทานได้,พื้นที่ศึกษาที่ 16 หอประชุม
7-31170-001-040/93,ขี้เหล็กแก่น (ราชบุรี) ขี้เหล็กบ้าน (ลำปาง สุราษฏร์ธานี) ขี้เหล็กหลวง (ภาคเหนือ) ขี้เหล็กใหญ่ (ภาคกลาง) ผักจี้ลี้ (ฉาน-แม่ฮ่องสอน),Senna siamea (Lam.) Irwin & Barneby,LEGUMINOSAE-CAESALPINIOIDEAE (CAESALPINIACEAE),ไม้ต้น,ใบมีรสขมใช้แกงรับประทานได้,พื้นที่ศึกษาที่ 16 หอประชุม
7-31170-001-040/94,ขี้เหล็กแก่น (ราชบุรี) ขี้เหล็กบ้าน (ลำปาง สุราษฏร์ธานี) ขี้เหล็กหลวง (ภาคเหนือ) ขี้เหล็กใหญ่ (ภาคกลาง) ผักจี้ลี้ (ฉาน-แม่ฮ่องสอน),Senna siamea (Lam.) Irwin & Barneby,LEGUMINOSAE-CAESALPINIOIDEAE (CAESALPINIACEAE),ไม้ต้น,ใบมีรสขมใช้แกงรับประทานได้,พื้นที่ศึกษาที่ 16 หอประชุม
7-31170-001-040/95,ขี้เหล็กแก่น (ราชบุรี) ขี้เหล็กบ้าน (ลำปาง สุราษฏร์ธานี) ขี้เหล็กหลวง (ภาคเหนือ) ขี้เหล็กใหญ่ (ภาคกลาง) ผักจี้ลี้ (ฉาน-แม่ฮ่องสอน),Senna siamea (Lam.) Irwin & Barneby,LEGUMINOSAE-CAESALPINIOIDEAE (CAESALPINIACEAE),ไม้ต้น,ใบมีรสขมใช้แกงรับประทานได้,พื้นที่ศึกษาที่ 16 หอประชุม
7-31170-001-040/96,ขี้เหล็กแก่น (ราชบุรี) ขี้เหล็กบ้าน (ลำปาง สุราษฏร์ธานี) ขี้เหล็กหลวง (ภาคเหนือ) ขี้เหล็กใหญ่ (ภาคกลาง) ผักจี้ลี้ (ฉาน-แม่ฮ่องสอน),Senna siamea (Lam.) Irwin & Barneby,LEGUMINOSAE-CAESALPINIOIDEAE (CAESALPINIACEAE),ไม้ต้น,ใบมีรสขมใช้แกงรับประทานได้,พื้นที่ศึกษาที่ 16 หอประชุม
7-31170-001-040/97,ขี้เหล็กแก่น (ราชบุรี) ขี้เหล็กบ้าน (ลำปาง สุราษฏร์ธานี) ขี้เหล็กหลวง (ภาคเหนือ) ขี้เหล็กใหญ่ (ภาคกลาง) ผักจี้ลี้ (ฉาน-แม่ฮ่องสอน),Senna siamea (Lam.) Irwin & Barneby,LEGUMINOSAE-CAESALPINIOIDEAE (CAESALPINIACEAE),ไม้ต้น,ใบมีรสขมใช้แกงรับประทานได้,พื้นที่ศึกษาที่ 16 หอประชุม
7-31170-001-040/98,ขี้เหล็กแก่น (ราชบุรี) ขี้เหล็กบ้าน (ลำปาง สุราษฏร์ธานี) ขี้เหล็กหลวง (ภาคเหนือ) ขี้เหล็กใหญ่ (ภาคกลาง) ผักจี้ลี้ (ฉาน-แม่ฮ่องสอน),Senna siamea (Lam.) Irwin & Barneby,LEGUMINOSAE-CAESALPINIOIDEAE (CAESALPINIACEAE),ไม้ต้น,ใบมีรสขมใช้แกงรับประทานได้,พื้นที่ศึกษาที่ 16 หอประชุม
7-31170-001-040/99,ขี้เหล็กแก่น (ราชบุรี) ขี้เหล็กบ้าน (ลำปาง สุราษฏร์ธานี) ขี้เหล็กหลวง (ภาคเหนือ) ขี้เหล็กใหญ่ (ภาคกลาง) ผักจี้ลี้ (ฉาน-แม่ฮ่องสอน),Senna siamea (Lam.) Irwin & Barneby,LEGUMINOSAE-CAESALPINIOIDEAE (CAESALPINIACEAE),ไม้ต้น,ใบมีรสขมใช้แกงรับประทานได้,พื้นที่ศึกษาที่ 16 หอประชุม
7-31170-001-040/100,ขี้เหล็กแก่น (ราชบุรี) ขี้เหล็กบ้าน (ลำปาง สุราษฏร์ธานี) ขี้เหล็กหลวง (ภาคเหนือ) ขี้เหล็กใหญ่ (ภาคกลาง) ผักจี้ลี้ (ฉาน-แม่ฮ่องสอน),Senna siamea (Lam.) Irwin & Barneby,LEGUMINOSAE-CAESALPINIOIDEAE (CAESALPINIACEAE),ไม้ต้น,ใบมีรสขมใช้แกงรับประทานได้,พื้นที่ศึกษาที่ 16 หอประชุม
7-31170-001-040/101,ขี้เหล็กแก่น (ราชบุรี) ขี้เหล็กบ้าน (ลำปาง สุราษฏร์ธานี) ขี้เหล็กหลวง (ภาคเหนือ) ขี้เหล็กใหญ่ (ภาคกลาง) ผักจี้ลี้ (ฉาน-แม่ฮ่องสอน),Senna siamea (Lam.) Irwin & Barneby,LEGUMINOSAE-CAESALPINIOIDEAE (CAESALPINIACEAE),ไม้ต้น,ใบมีรสขมใช้แกงรับประทานได้,พื้นที่ศึกษาที่ 16 หอประชุม
7-31170-001-040/102,ขี้เหล็กแก่น (ราชบุรี) ขี้เหล็กบ้าน (ลำปาง สุราษฏร์ธานี) ขี้เหล็กหลวง (ภาคเหนือ) ขี้เหล็กใหญ่ (ภาคกลาง) ผักจี้ลี้ (ฉาน-แม่ฮ่องสอน),Senna siamea (Lam.) Irwin & Barneby,LEGUMINOSAE-CAESALPINIOIDEAE (CAESALPINIACEAE),ไม้ต้น,ใบมีรสขมใช้แกงรับประทานได้,พื้นที่ศึกษาที่ 16 หอประชุม
7-31170-001-040/103,ขี้เหล็กแก่น (ราชบุรี) ขี้เหล็กบ้าน (ลำปาง สุราษฏร์ธานี) ขี้เหล็กหลวง (ภาคเหนือ) ขี้เหล็กใหญ่ (ภาคกลาง) ผักจี้ลี้ (ฉาน-แม่ฮ่องสอน),Senna siamea (Lam.) Irwin & Barneby,LEGUMINOSAE-CAESALPINIOIDEAE (CAESALPINIACEAE),ไม้ต้น,ใบมีรสขมใช้แกงรับประทานได้,พื้นที่ศึกษาที่ 16 หอประชุม
7-31170-001-040/104,ขี้เหล็กแก่น (ราชบุรี) ขี้เหล็กบ้าน (ลำปาง สุราษฏร์ธานี) ขี้เหล็กหลวง (ภาคเหนือ) ขี้เหล็กใหญ่ (ภาคกลาง) ผักจี้ลี้ (ฉาน-แม่ฮ่องสอน),Senna siamea (Lam.) Irwin & Barneby,LEGUMINOSAE-CAESALPINIOIDEAE (CAESALPINIACEAE),ไม้ต้น,ใบมีรสขมใช้แกงรับประทานได้,พื้นที่ศึกษาที่ 16 หอประชุม
7-31170-001-040/105,ขี้เหล็กแก่น (ราชบุรี) ขี้เหล็กบ้าน (ลำปาง สุราษฏร์ธานี) ขี้เหล็กหลวง (ภาคเหนือ) ขี้เหล็กใหญ่ (ภาคกลาง) ผักจี้ลี้ (ฉาน-แม่ฮ่องสอน),Senna siamea (Lam.) Irwin & Barneby,LEGUMINOSAE-CAESALPINIOIDEAE (CAESALPINIACEAE),ไม้ต้น,ใบมีรสขมใช้แกงรับประทานได้,พื้นที่ศึกษาที่ 16 หอประชุม
7-31170-001-040/106,ขี้เหล็กแก่น (ราชบุรี) ขี้เหล็กบ้าน (ลำปาง สุราษฏร์ธานี) ขี้เหล็กหลวง (ภาคเหนือ) ขี้เหล็กใหญ่ (ภาคกลาง) ผักจี้ลี้ (ฉาน-แม่ฮ่องสอน),Senna siamea (Lam.) Irwin & Barneby,LEGUMINOSAE-CAESALPINIOIDEAE (CAESALPINIACEAE),ไม้ต้น,ใบมีรสขมใช้แกงรับประทานได้,พื้นที่ศึกษาที่ 16 หอประชุม
7-31170-001-040/107,ขี้เหล็กแก่น (ราชบุรี) ขี้เหล็กบ้าน (ลำปาง สุราษฏร์ธานี) ขี้เหล็กหลวง (ภาคเหนือ) ขี้เหล็กใหญ่ (ภาคกลาง) ผักจี้ลี้ (ฉาน-แม่ฮ่องสอน),Senna siamea (Lam.) Irwin & Barneby,LEGUMINOSAE-CAESALPINIOIDEAE (CAESALPINIACEAE),ไม้ต้น,ใบมีรสขมใช้แกงรับประทานได้,พื้นที่ศึกษาที่ 16 หอประชุม
7-31170-001-040/108,ขี้เหล็กแก่น (ราชบุรี) ขี้เหล็กบ้าน (ลำปาง สุราษฏร์ธานี) ขี้เหล็กหลวง (ภาคเหนือ) ขี้เหล็กใหญ่ (ภาคกลาง) ผักจี้ลี้ (ฉาน-แม่ฮ่องสอน),Senna siamea (Lam.) Irwin & Barneby,LEGUMINOSAE-CAESALPINIOIDEAE (CAESALPINIACEAE),ไม้ต้น,ใบมีรสขมใช้แกงรับประทานได้,พื้นที่ศึกษาที่ 16 หอประชุม
7-31170-001-040/109,ขี้เหล็กแก่น (ราชบุรี) ขี้เหล็กบ้าน (ลำปาง สุราษฏร์ธานี) ขี้เหล็กหลวง (ภาคเหนือ) ขี้เหล็กใหญ่ (ภาคกลาง) ผักจี้ลี้ (ฉาน-แม่ฮ่องสอน),Senna siamea (Lam.) Irwin & Barneby,LEGUMINOSAE-CAESALPINIOIDEAE (CAESALPINIACEAE),ไม้ต้น,ใบมีรสขมใช้แกงรับประทานได้,พื้นที่ศึกษาที่ 16 หอประชุม
7-31170-001-040/110,ขี้เหล็กแก่น (ราชบุรี) ขี้เหล็กบ้าน (ลำปาง สุราษฏร์ธานี) ขี้เหล็กหลวง (ภาคเหนือ) ขี้เหล็กใหญ่ (ภาคกลาง) ผักจี้ลี้ (ฉาน-แม่ฮ่องสอน),Senna siamea (Lam.) Irwin & Barneby,LEGUMINOSAE-CAESALPINIOIDEAE (CAESALPINIACEAE),ไม้ต้น,ใบมีรสขมใช้แกงรับประทานได้,พื้นที่ศึกษาที่ 16 หอประชุม
7-31170-001-040/111,ขี้เหล็กแก่น (ราชบุรี) ขี้เหล็กบ้าน (ลำปาง สุราษฏร์ธานี) ขี้เหล็กหลวง (ภาคเหนือ) ขี้เหล็กใหญ่ (ภาคกลาง) ผักจี้ลี้ (ฉาน-แม่ฮ่องสอน),Senna siamea (Lam.) Irwin & Barneby,LEGUMINOSAE-CAESALPINIOIDEAE (CAESALPINIACEAE),ไม้ต้น,ใบมีรสขมใช้แกงรับประทานได้,พื้นที่ศึกษาที่ 16 หอประชุม
7-31170-001-040/112,ขี้เหล็กแก่น (ราชบุรี) ขี้เหล็กบ้าน (ลำปาง สุราษฏร์ธานี) ขี้เหล็กหลวง (ภาคเหนือ) ขี้เหล็กใหญ่ (ภาคกลาง) ผักจี้ลี้ (ฉาน-แม่ฮ่องสอน),Senna siamea (Lam.) Irwin & Barneby,LEGUMINOSAE-CAESALPINIOIDEAE (CAESALPINIACEAE),ไม้ต้น,ใบมีรสขมใช้แกงรับประทานได้,พื้นที่ศึกษาที่ 16 หอประชุม
7-31170-001-040/113,ขี้เหล็กแก่น (ราชบุรี) ขี้เหล็กบ้าน (ลำปาง สุราษฏร์ธานี) ขี้เหล็กหลวง (ภาคเหนือ) ขี้เหล็กใหญ่ (ภาคกลาง) ผักจี้ลี้ (ฉาน-แม่ฮ่องสอน),Senna siamea (Lam.) Irwin & Barneby,LEGUMINOSAE-CAESALPINIOIDEAE (CAESALPINIACEAE),ไม้ต้น,ใบมีรสขมใช้แกงรับประทานได้,พื้นที่ศึกษาที่ 16 หอประชุม
7-31170-001-040/114,ขี้เหล็กแก่น (ราชบุรี) ขี้เหล็กบ้าน (ลำปาง สุราษฏร์ธานี) ขี้เหล็กหลวง (ภาคเหนือ) ขี้เหล็กใหญ่ (ภาคกลาง) ผักจี้ลี้ (ฉาน-แม่ฮ่องสอน),Senna siamea (Lam.) Irwin & Barneby,LEGUMINOSAE-CAESALPINIOIDEAE (CAESALPINIACEAE),ไม้ต้น,ใบมีรสขมใช้แกงรับประทานได้,พื้นที่ศึกษาที่ 16 หอประชุม
7-31170-001-040/115,ขี้เหล็กแก่น (ราชบุรี) ขี้เหล็กบ้าน (ลำปาง สุราษฏร์ธานี) ขี้เหล็กหลวง (ภาคเหนือ) ขี้เหล็กใหญ่ (ภาคกลาง) ผักจี้ลี้ (ฉาน-แม่ฮ่องสอน),Senna siamea (Lam.) Irwin & Barneby,LEGUMINOSAE-CAESALPINIOIDEAE (CAESALPINIACEAE),ไม้ต้น,ใบมีรสขมใช้แกงรับประทานได้,พื้นที่ศึกษาที่ 16 หอประชุม
7-31170-001-040/116,ขี้เหล็กแก่น (ราชบุรี) ขี้เหล็กบ้าน (ลำปาง สุราษฏร์ธานี) ขี้เหล็กหลวง (ภาคเหนือ) ขี้เหล็กใหญ่ (ภาคกลาง) ผักจี้ลี้ (ฉาน-แม่ฮ่องสอน),Senna siamea (Lam.) Irwin & Barneby,LEGUMINOSAE-CAESALPINIOIDEAE (CAESALPINIACEAE),ไม้ต้น,ใบมีรสขมใช้แกงรับประทานได้,พื้นที่ศึกษาที่ 16 หอประชุม
7-31170-001-040/117,ขี้เหล็กแก่น (ราชบุรี) ขี้เหล็กบ้าน (ลำปาง สุราษฏร์ธานี) ขี้เหล็กหลวง (ภาคเหนือ) ขี้เหล็กใหญ่ (ภาคกลาง) ผักจี้ลี้ (ฉาน-แม่ฮ่องสอน),Senna siamea (Lam.) Irwin & Barneby,LEGUMINOSAE-CAESALPINIOIDEAE (CAESALPINIACEAE),ไม้ต้น,ใบมีรสขมใช้แกงรับประทานได้,พื้นที่ศึกษาที่ 16 หอประชุม
7-31170-001-040/118,ขี้เหล็กแก่น (ราชบุรี) ขี้เหล็กบ้าน (ลำปาง สุราษฏร์ธานี) ขี้เหล็กหลวง (ภาคเหนือ) ขี้เหล็กใหญ่ (ภาคกลาง) ผักจี้ลี้ (ฉาน-แม่ฮ่องสอน),Senna siamea (Lam.) Irwin & Barneby,LEGUMINOSAE-CAESALPINIOIDEAE (CAESALPINIACEAE),ไม้ต้น,ใบมีรสขมใช้แกงรับประทานได้,พื้นที่ศึกษาที่ 16 หอประชุม
7-31170-001-040/119,ขี้เหล็กแก่น (ราชบุรี) ขี้เหล็กบ้าน (ลำปาง สุราษฏร์ธานี) ขี้เหล็กหลวง (ภาคเหนือ) ขี้เหล็กใหญ่ (ภาคกลาง) ผักจี้ลี้ (ฉาน-แม่ฮ่องสอน),Senna siamea (Lam.) Irwin & Barneby,LEGUMINOSAE-CAESALPINIOIDEAE (CAESALPINIACEAE),ไม้ต้น,ใบมีรสขมใช้แกงรับประทานได้,พื้นที่ศึกษาที่ 16 หอประชุม
7-31170-001-040/120,ขี้เหล็กแก่น (ราชบุรี) ขี้เหล็กบ้าน (ลำปาง สุราษฏร์ธานี) ขี้เหล็กหลวง (ภาคเหนือ) ขี้เหล็กใหญ่ (ภาคกลาง) ผักจี้ลี้ (ฉาน-แม่ฮ่องสอน),Senna siamea (Lam.) Irwin & Barneby,LEGUMINOSAE-CAESALPINIOIDEAE (CAESALPINIACEAE),ไม้ต้น,ใบมีรสขมใช้แกงรับประทานได้,พื้นที่ศึกษาที่ 16 หอประชุม
7-31170-001-040/121,ขี้เหล็กแก่น (ราชบุรี) ขี้เหล็กบ้าน (ลำปาง สุราษฏร์ธานี) ขี้เหล็กหลวง (ภาคเหนือ) ขี้เหล็กใหญ่ (ภาคกลาง) ผักจี้ลี้ (ฉาน-แม่ฮ่องสอน),Senna siamea (Lam.) Irwin & Barneby,LEGUMINOSAE-CAESALPINIOIDEAE (CAESALPINIACEAE),ไม้ต้น,ใบมีรสขมใช้แกงรับประทานได้,พื้นที่ศึกษาที่ 16 หอประชุม
7-31170-001-040/122,ขี้เหล็กแก่น (ราชบุรี) ขี้เหล็กบ้าน (ลำปาง สุราษฏร์ธานี) ขี้เหล็กหลวง (ภาคเหนือ) ขี้เหล็กใหญ่ (ภาคกลาง) ผักจี้ลี้ (ฉาน-แม่ฮ่องสอน),Senna siamea (Lam.) Irwin & Barneby,LEGUMINOSAE-CAESALPINIOIDEAE (CAESALPINIACEAE),ไม้ต้น,ใบมีรสขมใช้แกงรับประทานได้,พื้นที่ศึกษาที่ 16 หอประชุม
7-31170-001-040/123,ขี้เหล็กแก่น (ราชบุรี) ขี้เหล็กบ้าน (ลำปาง สุราษฏร์ธานี) ขี้เหล็กหลวง (ภาคเหนือ) ขี้เหล็กใหญ่ (ภาคกลาง) ผักจี้ลี้ (ฉาน-แม่ฮ่องสอน),Senna siamea (Lam.) Irwin & Barneby,LEGUMINOSAE-CAESALPINIOIDEAE (CAESALPINIACEAE),ไม้ต้น,ใบมีรสขมใช้แกงรับประทานได้,พื้นที่ศึกษาที่ 16 หอประชุม
7-31170-001-040/124,ขี้เหล็กแก่น (ราชบุรี) ขี้เหล็กบ้าน (ลำปาง สุราษฏร์ธานี) ขี้เหล็กหลวง (ภาคเหนือ) ขี้เหล็กใหญ่ (ภาคกลาง) ผักจี้ลี้ (ฉาน-แม่ฮ่องสอน),Senna siamea (Lam.) Irwin & Barneby,LEGUMINOSAE-CAESALPINIOIDEAE (CAESALPINIACEAE),ไม้ต้น,ใบมีรสขมใช้แกงรับประทานได้,พื้นที่ศึกษาที่ 16 หอประชุม
7-31170-001-040/125,ขี้เหล็กแก่น (ราชบุรี) ขี้เหล็กบ้าน (ลำปาง สุราษฏร์ธานี) ขี้เหล็กหลวง (ภาคเหนือ) ขี้เหล็กใหญ่ (ภาคกลาง) ผักจี้ลี้ (ฉาน-แม่ฮ่องสอน),Senna siamea (Lam.) Irwin & Barneby,LEGUMINOSAE-CAESALPINIOIDEAE (CAESALPINIACEAE),ไม้ต้น,ใบมีรสขมใช้แกงรับประทานได้,พื้นที่ศึกษาที่ 16 หอประชุม
7-31170-001-040/126,ขี้เหล็กแก่น (ราชบุรี) ขี้เหล็กบ้าน (ลำปาง สุราษฏร์ธานี) ขี้เหล็กหลวง (ภาคเหนือ) ขี้เหล็กใหญ่ (ภาคกลาง) ผักจี้ลี้ (ฉาน-แม่ฮ่องสอน),Senna siamea (Lam.) Irwin & Barneby,LEGUMINOSAE-CAESALPINIOIDEAE (CAESALPINIACEAE),ไม้ต้น,ใบมีรสขมใช้แกงรับประทานได้,พื้นที่ศึกษาที่ 16 หอประชุม
7-31170-001-040/127,ขี้เหล็กแก่น (ราชบุรี) ขี้เหล็กบ้าน (ลำปาง สุราษฏร์ธานี) ขี้เหล็กหลวง (ภาคเหนือ) ขี้เหล็กใหญ่ (ภาคกลาง) ผักจี้ลี้ (ฉาน-แม่ฮ่องสอน),Senna siamea (Lam.) Irwin & Barneby,LEGUMINOSAE-CAESALPINIOIDEAE (CAESALPINIACEAE),ไม้ต้น,ใบมีรสขมใช้แกงรับประทานได้,พื้นที่ศึกษาที่ 16 หอประชุม
7-31170-001-040/128,ขี้เหล็กแก่น (ราชบุรี) ขี้เหล็กบ้าน (ลำปาง สุราษฏร์ธานี) ขี้เหล็กหลวง (ภาคเหนือ) ขี้เหล็กใหญ่ (ภาคกลาง) ผักจี้ลี้ (ฉาน-แม่ฮ่องสอน),Senna siamea (Lam.) Irwin & Barneby,LEGUMINOSAE-CAESALPINIOIDEAE (CAESALPINIACEAE),ไม้ต้น,ใบมีรสขมใช้แกงรับประทานได้,พื้นที่ศึกษาที่ 16 หอประชุม
7-31170-001-040/129,ขี้เหล็กแก่น (ราชบุรี) ขี้เหล็กบ้าน (ลำปาง สุราษฏร์ธานี) ขี้เหล็กหลวง (ภาคเหนือ) ขี้เหล็กใหญ่ (ภาคกลาง) ผักจี้ลี้ (ฉาน-แม่ฮ่องสอน),Senna siamea (Lam.) Irwin & Barneby,LEGUMINOSAE-CAESALPINIOIDEAE (CAESALPINIACEAE),ไม้ต้น,ใบมีรสขมใช้แกงรับประทานได้,พื้นที่ศึกษาที่ 16 หอประชุม
7-31170-001-040/130,ขี้เหล็กแก่น (ราชบุรี) ขี้เหล็กบ้าน (ลำปาง สุราษฏร์ธานี) ขี้เหล็กหลวง (ภาคเหนือ) ขี้เหล็กใหญ่ (ภาคกลาง) ผักจี้ลี้ (ฉาน-แม่ฮ่องสอน),Senna siamea (Lam.) Irwin & Barneby,LEGUMINOSAE-CAESALPINIOIDEAE (CAESALPINIACEAE),ไม้ต้น,ใบมีรสขมใช้แกงรับประทานได้,พื้นที่ศึกษาที่ 16 หอประชุม
7-31170-001-040/131,ขี้เหล็กแก่น (ราชบุรี) ขี้เหล็กบ้าน (ลำปาง สุราษฏร์ธานี) ขี้เหล็กหลวง (ภาคเหนือ) ขี้เหล็กใหญ่ (ภาคกลาง) ผักจี้ลี้ (ฉาน-แม่ฮ่องสอน),Senna siamea (Lam.) Irwin & Barneby,LEGUMINOSAE-CAESALPINIOIDEAE (CAESALPINIACEAE),ไม้ต้น,ใบมีรสขมใช้แกงรับประทานได้,พื้นที่ศึกษาที่ 16 หอประชุม
7-31170-001-040/132,ขี้เหล็กแก่น (ราชบุรี) ขี้เหล็กบ้าน (ลำปาง สุราษฏร์ธานี) ขี้เหล็กหลวง (ภาคเหนือ) ขี้เหล็กใหญ่ (ภาคกลาง) ผักจี้ลี้ (ฉาน-แม่ฮ่องสอน),Senna siamea (Lam.) Irwin & Barneby,LEGUMINOSAE-CAESALPINIOIDEAE (CAESALPINIACEAE),ไม้ต้น,ใบมีรสขมใช้แกงรับประทานได้,พื้นที่ศึกษาที่ 16 หอประชุม
7-31170-001-040/133,ขี้เหล็กแก่น (ราชบุรี) ขี้เหล็กบ้าน (ลำปาง สุราษฏร์ธานี) ขี้เหล็กหลวง (ภาคเหนือ) ขี้เหล็กใหญ่ (ภาคกลาง) ผักจี้ลี้ (ฉาน-แม่ฮ่องสอน),Senna siamea (Lam.) Irwin & Barneby,LEGUMINOSAE-CAESALPINIOIDEAE (CAESALPINIACEAE),ไม้ต้น,ใบมีรสขมใช้แกงรับประทานได้,พื้นที่ศึกษาที่ 16 หอประชุม
7-31170-001-040/134,ขี้เหล็กแก่น (ราชบุรี) ขี้เหล็กบ้าน (ลำปาง สุราษฏร์ธานี) ขี้เหล็กหลวง (ภาคเหนือ) ขี้เหล็กใหญ่ (ภาคกลาง) ผักจี้ลี้ (ฉาน-แม่ฮ่องสอน),Senna siamea (Lam.) Irwin & Barneby,LEGUMINOSAE-CAESALPINIOIDEAE (CAESALPINIACEAE),ไม้ต้น,ใบมีรสขมใช้แกงรับประทานได้,พื้นที่ศึกษาที่ 16 หอประชุม
7-31170-001-040/135,ขี้เหล็กแก่น (ราชบุรี) ขี้เหล็กบ้าน (ลำปาง สุราษฏร์ธานี) ขี้เหล็กหลวง (ภาคเหนือ) ขี้เหล็กใหญ่ (ภาคกลาง) ผักจี้ลี้ (ฉาน-แม่ฮ่องสอน),Senna siamea (Lam.) Irwin & Barneby,LEGUMINOSAE-CAESALPINIOIDEAE (CAESALPINIACEAE),ไม้ต้น,ใบมีรสขมใช้แกงรับประทานได้,พื้นที่ศึกษาที่ 16 หอประชุม
7-31170-001-040/136,ขี้เหล็กแก่น (ราชบุรี) ขี้เหล็กบ้าน (ลำปาง สุราษฏร์ธานี) ขี้เหล็กหลวง (ภาคเหนือ) ขี้เหล็กใหญ่ (ภาคกลาง) ผักจี้ลี้ (ฉาน-แม่ฮ่องสอน),Senna siamea (Lam.) Irwin & Barneby,LEGUMINOSAE-CAESALPINIOIDEAE (CAESALPINIACEAE),ไม้ต้น,ใบมีรสขมใช้แกงรับประทานได้,พื้นที่ศึกษาที่ 16 หอประชุม
7-31170-001-040/137,ขี้เหล็กแก่น (ราชบุรี) ขี้เหล็กบ้าน (ลำปาง สุราษฏร์ธานี) ขี้เหล็กหลวง (ภาคเหนือ) ขี้เหล็กใหญ่ (ภาคกลาง) ผักจี้ลี้ (ฉาน-แม่ฮ่องสอน),Senna siamea (Lam.) Irwin & Barneby,LEGUMINOSAE-CAESALPINIOIDEAE (CAESALPINIACEAE),ไม้ต้น,ใบมีรสขมใช้แกงรับประทานได้,พื้นที่ศึกษาที่ 16 หอประชุม
7-31170-001-040/138,ขี้เหล็กแก่น (ราชบุรี) ขี้เหล็กบ้าน (ลำปาง สุราษฏร์ธานี) ขี้เหล็กหลวง (ภาคเหนือ) ขี้เหล็กใหญ่ (ภาคกลาง) ผักจี้ลี้ (ฉาน-แม่ฮ่องสอน),Senna siamea (Lam.) Irwin & Barneby,LEGUMINOSAE-CAESALPINIOIDEAE (CAESALPINIACEAE),ไม้ต้น,ใบมีรสขมใช้แกงรับประทานได้,พื้นที่ศึกษาที่ 16 หอประชุม
7-31170-001-040/139,ขี้เหล็กแก่น (ราชบุรี) ขี้เหล็กบ้าน (ลำปาง สุราษฏร์ธานี) ขี้เหล็กหลวง (ภาคเหนือ) ขี้เหล็กใหญ่ (ภาคกลาง) ผักจี้ลี้ (ฉาน-แม่ฮ่องสอน),Senna siamea (Lam.) Irwin & Barneby,LEGUMINOSAE-CAESALPINIOIDEAE (CAESALPINIACEAE),ไม้ต้น,ใบมีรสขมใช้แกงรับประทานได้,พื้นที่ศึกษาที่ 16 หอประชุม
7-31170-001-040/141,ขี้เหล็กแก่น (ราชบุรี) ขี้เหล็กบ้าน (ลำปาง สุราษฏร์ธานี) ขี้เหล็กหลวง (ภาคเหนือ) ขี้เหล็กใหญ่ (ภาคกลาง) ผักจี้ลี้ (ฉาน-แม่ฮ่องสอน),Senna siamea (Lam.) Irwin & Barneby,LEGUMINOSAE-CAESALPINIOIDEAE (CAESALPINIACEAE),ไม้ต้น,ใบมีรสขมใช้แกงรับประทานได้,พื้นที่ศึกษาที่ 16 หอประชุม
7-31170-001-040/142,ขี้เหล็กแก่น (ราชบุรี) ขี้เหล็กบ้าน (ลำปาง สุราษฏร์ธานี) ขี้เหล็กหลวง (ภาคเหนือ) ขี้เหล็กใหญ่ (ภาคกลาง) ผักจี้ลี้ (ฉาน-แม่ฮ่องสอน),Senna siamea (Lam.) Irwin & Barneby,LEGUMINOSAE-CAESALPINIOIDEAE (CAESALPINIACEAE),ไม้ต้น,ใบมีรสขมใช้แกงรับประทานได้,พื้นที่ศึกษาที่ 16 หอประชุม
7-31170-001-040/143,ขี้เหล็กแก่น (ราชบุรี) ขี้เหล็กบ้าน (ลำปาง สุราษฏร์ธานี) ขี้เหล็กหลวง (ภาคเหนือ) ขี้เหล็กใหญ่ (ภาคกลาง) ผักจี้ลี้ (ฉาน-แม่ฮ่องสอน),Senna siamea (Lam.) Irwin & Barneby,LEGUMINOSAE-CAESALPINIOIDEAE (CAESALPINIACEAE),ไม้ต้น,ใบมีรสขมใช้แกงรับประทานได้,พื้นที่ศึกษาที่ 16 หอประชุม
7-31170-001-040/144,ขี้เหล็กแก่น (ราชบุรี) ขี้เหล็กบ้าน (ลำปาง สุราษฏร์ธานี) ขี้เหล็กหลวง (ภาคเหนือ) ขี้เหล็กใหญ่ (ภาคกลาง) ผักจี้ลี้ (ฉาน-แม่ฮ่องสอน),Senna siamea (Lam.) Irwin & Barneby,LEGUMINOSAE-CAESALPINIOIDEAE (CAESALPINIACEAE),ไม้ต้น,ใบมีรสขมใช้แกงรับประทานได้,พื้นที่ศึกษาที่ 16 หอประชุม
7-31170-001-040/145,ขี้เหล็กแก่น (ราชบุรี) ขี้เหล็กบ้าน (ลำปาง สุราษฏร์ธานี) ขี้เหล็กหลวง (ภาคเหนือ) ขี้เหล็กใหญ่ (ภาคกลาง) ผักจี้ลี้ (ฉาน-แม่ฮ่องสอน),Senna siamea (Lam.) Irwin & Barneby,LEGUMINOSAE-CAESALPINIOIDEAE (CAESALPINIACEAE),ไม้ต้น,ใบมีรสขมใช้แกงรับประทานได้,พื้นที่ศึกษาที่ 16 หอประชุม
7-31170-001-040/146,ขี้เหล็กแก่น (ราชบุรี) ขี้เหล็กบ้าน (ลำปาง สุราษฏร์ธานี) ขี้เหล็กหลวง (ภาคเหนือ) ขี้เหล็กใหญ่ (ภาคกลาง) ผักจี้ลี้ (ฉาน-แม่ฮ่องสอน),Senna siamea (Lam.) Irwin & Barneby,LEGUMINOSAE-CAESALPINIOIDEAE (CAESALPINIACEAE),ไม้ต้น,ใบมีรสขมใช้แกงรับประทานได้,พื้นที่ศึกษาที่ 16 หอประชุม
7-31170-001-040/147,ขี้เหล็กแก่น (ราชบุรี) ขี้เหล็กบ้าน (ลำปาง สุราษฏร์ธานี) ขี้เหล็กหลวง (ภาคเหนือ) ขี้เหล็กใหญ่ (ภาคกลาง) ผักจี้ลี้ (ฉาน-แม่ฮ่องสอน),Senna siamea (Lam.) Irwin & Barneby,LEGUMINOSAE-CAESALPINIOIDEAE (CAESALPINIACEAE),ไม้ต้น,ใบมีรสขมใช้แกงรับประทานได้,พื้นที่ศึกษาที่ 16 หอประชุม
7-31170-001-040/148,ขี้เหล็กแก่น (ราชบุรี) ขี้เหล็กบ้าน (ลำปาง สุราษฏร์ธานี) ขี้เหล็กหลวง (ภาคเหนือ) ขี้เหล็กใหญ่ (ภาคกลาง) ผักจี้ลี้ (ฉาน-แม่ฮ่องสอน),Senna siamea (Lam.) Irwin & Barneby,LEGUMINOSAE-CAESALPINIOIDEAE (CAESALPINIACEAE),ไม้ต้น,ใบมีรสขมใช้แกงรับประทานได้,พื้นที่ศึกษาที่ 16 หอประชุม
7-31170-001-041/1,มะขาม ขาม (ภาคใต้) ตะลูบ (ชาวบน-นครราชสีมา) ม่องโคล้ง (กะเหรี่ยง-กาญจนบุรี) มอดเล ส่ามอเกล (กะเหรี่ยง-แม่ฮ่องสอน) หมากแกง (ฉาน-แม่ฮ่องสอน) ซึงกัก ทงฮ้วยเฮียง (จีน),Tamarindus indica L.,LEGUMINOSAE-CAESALPINIOIDEAE (CAESALPINIACEAE),ไม้ต้น,ผลมีรสเปรี้ยวรับประทานได้,พื้นที่ศึกษาที่ 2 ทิศเหนือศูนย์สิ่งแวดล้อม
7-31170-001-041/2,มะขาม ขาม (ภาคใต้) ตะลูบ (ชาวบน-นครราชสีมา) ม่องโคล้ง (กะเหรี่ยง-กาญจนบุรี) มอดเล ส่ามอเกล (กะเหรี่ยง-แม่ฮ่องสอน) หมากแกง (ฉาน-แม่ฮ่องสอน) ซึงกัก ทงฮ้วยเฮียง (จีน),Tamarindus indica L.,LEGUMINOSAE-CAESALPINIOIDEAE (CAESALPINIACEAE),ไม้ต้น,ผลมีรสเปรี้ยวรับประทานได้,พื้นที่ศึกษาที่ 2 ทิศเหนือศูนย์สิ่งแวดล้อม
7-31170-001-041/3,มะขาม ขาม (ภาคใต้) ตะลูบ (ชาวบน-นครราชสีมา) ม่องโคล้ง (กะเหรี่ยง-กาญจนบุรี) มอดเล ส่ามอเกล (กะเหรี่ยง-แม่ฮ่องสอน) หมากแกง (ฉาน-แม่ฮ่องสอน) ซึงกัก ทงฮ้วยเฮียง (จีน),Tamarindus indica L.,LEGUMINOSAE-CAESALPINIOIDEAE (CAESALPINIACEAE),ไม้ต้น,ผลมีรสเปรี้ยวรับประทานได้,พื้นที่ศึกษาที่ 4 ทิศตะวันตกอาคารเกษตร
7-31170-001-041/4,มะขาม ขาม (ภาคใต้) ตะลูบ (ชาวบน-นครราชสีมา) ม่องโคล้ง (กะเหรี่ยง-กาญจนบุรี) มอดเล ส่ามอเกล (กะเหรี่ยง-แม่ฮ่องสอน) หมากแกง (ฉาน-แม่ฮ่องสอน) ซึงกัก ทงฮ้วยเฮียง (จีน),Tamarindus indica L.,LEGUMINOSAE-CAESALPINIOIDEAE (CAESALPINIACEAE),ไม้ต้น,ผลมีรสเปรี้ยวรับประทานได้,พื้นที่ศึกษาที่ 5 พื้นที่หลังอาคาร 1
7-31170-001-041/5,มะขาม ขาม (ภาคใต้) ตะลูบ (ชาวบน-นครราชสีมา) ม่องโคล้ง (กะเหรี่ยง-กาญจนบุรี) มอดเล ส่ามอเกล (กะเหรี่ยง-แม่ฮ่องสอน) หมากแกง (ฉาน-แม่ฮ่องสอน) ซึงกัก ทงฮ้วยเฮียง (จีน),Tamarindus indica L.,LEGUMINOSAE-CAESALPINIOIDEAE (CAESALPINIACEAE),ไม้ต้น,ผลมีรสเปรี้ยวรับประทานได้,พื้นที่ศึกษาที่ 5 พื้นที่หลังอาคาร 1
7-31170-001-041/6,มะขาม ขาม (ภาคใต้) ตะลูบ (ชาวบน-นครราชสีมา) ม่องโคล้ง (กะเหรี่ยง-กาญจนบุรี) มอดเล ส่ามอเกล (กะเหรี่ยง-แม่ฮ่องสอน) หมากแกง (ฉาน-แม่ฮ่องสอน) ซึงกัก ทงฮ้วยเฮียง (จีน),Tamarindus indica L.,LEGUMINOSAE-CAESALPINIOIDEAE (CAESALPINIACEAE),ไม้ต้น,ผลมีรสเปรี้ยวรับประทานได้,พื้นที่ศึกษาที่ 5 พื้นที่หลังอาคาร 1
7-31170-001-041/7,มะขาม ขาม (ภาคใต้) ตะลูบ (ชาวบน-นครราชสีมา) ม่องโคล้ง (กะเหรี่ยง-กาญจนบุรี) มอดเล ส่ามอเกล (กะเหรี่ยง-แม่ฮ่องสอน) หมากแกง (ฉาน-แม่ฮ่องสอน) ซึงกัก ทงฮ้วยเฮียง (จีน),Tamarindus indica L.,LEGUMINOSAE-CAESALPINIOIDEAE (CAESALPINIACEAE),ไม้ต้น,ผลมีรสเปรี้ยวรับประทานได้,พื้นที่ศึกษาที่ 5 พื้นที่หลังอาคาร 1
7-31170-001-041/8,มะขาม ขาม (ภาคใต้) ตะลูบ (ชาวบน-นครราชสีมา) ม่องโคล้ง (กะเหรี่ยง-กาญจนบุรี) มอดเล ส่ามอเกล (กะเหรี่ยง-แม่ฮ่องสอน) หมากแกง (ฉาน-แม่ฮ่องสอน) ซึงกัก ทงฮ้วยเฮียง (จีน),Tamarindus indica L.,LEGUMINOSAE-CAESALPINIOIDEAE (CAESALPINIACEAE),ไม้ต้น,ผลมีรสเปรี้ยวรับประทานได้,พื้นที่ศึกษาที่ 5 พื้นที่หลังอาคาร 1
7-31170-001-041/9,มะขาม ขาม (ภาคใต้) ตะลูบ (ชาวบน-นครราชสีมา) ม่องโคล้ง (กะเหรี่ยง-กาญจนบุรี) มอดเล ส่ามอเกล (กะเหรี่ยง-แม่ฮ่องสอน) หมากแกง (ฉาน-แม่ฮ่องสอน) ซึงกัก ทงฮ้วยเฮียง (จีน),Tamarindus indica L.,LEGUMINOSAE-CAESALPINIOIDEAE (CAESALPINIACEAE),ไม้ต้น,ผลมีรสเปรี้ยวรับประทานได้,พื้นที่ศึกษาที่ 5 พื้นที่หลังอาคาร 1
7-31170-001-041/10,มะขาม ขาม (ภาคใต้) ตะลูบ (ชาวบน-นครราชสีมา) ม่องโคล้ง (กะเหรี่ยง-กาญจนบุรี) มอดเล ส่ามอเกล (กะเหรี่ยง-แม่ฮ่องสอน) หมากแกง (ฉาน-แม่ฮ่องสอน) ซึงกัก ทงฮ้วยเฮียง (จีน),Tamarindus indica L.,LEGUMINOSAE-CAESALPINIOIDEAE (CAESALPINIACEAE),ไม้ต้น,ผลมีรสเปรี้ยวรับประทานได้,พื้นที่ศึกษาที่ 7 หลังอาคาร 3
7-31170-001-041/11,มะขาม ขาม (ภาคใต้) ตะลูบ (ชาวบน-นครราชสีมา) ม่องโคล้ง (กะเหรี่ยง-กาญจนบุรี) มอดเล ส่ามอเกล (กะเหรี่ยง-แม่ฮ่องสอน) หมากแกง (ฉาน-แม่ฮ่องสอน) ซึงกัก ทงฮ้วยเฮียง (จีน),Tamarindus indica L.,LEGUMINOSAE-CAESALPINIOIDEAE (CAESALPINIACEAE),ไม้ต้น,ผลมีรสเปรี้ยวรับประทานได้,พื้นที่ศึกษาที่ 7 หลังอาคาร 3
7-31170-001-041/12,มะขาม ขาม (ภาคใต้) ตะลูบ (ชาวบน-นครราชสีมา) ม่องโคล้ง (กะเหรี่ยง-กาญจนบุรี) มอดเล ส่ามอเกล (กะเหรี่ยง-แม่ฮ่องสอน) หมากแกง (ฉาน-แม่ฮ่องสอน) ซึงกัก ทงฮ้วยเฮียง (จีน),Tamarindus indica L.,LEGUMINOSAE-CAESALPINIOIDEAE (CAESALPINIACEAE),ไม้ต้น,ผลมีรสเปรี้ยวรับประทานได้,พื้นที่ศึกษาที่ 7 หลังอาคาร 3
7-31170-001-041/13,มะขาม ขาม (ภาคใต้) ตะลูบ (ชาวบน-นครราชสีมา) ม่องโคล้ง (กะเหรี่ยง-กาญจนบุรี) มอดเล ส่ามอเกล (กะเหรี่ยง-แม่ฮ่องสอน) หมากแกง (ฉาน-แม่ฮ่องสอน) ซึงกัก ทงฮ้วยเฮียง (จีน),Tamarindus indica L.,LEGUMINOSAE-CAESALPINIOIDEAE (CAESALPINIACEAE),ไม้ต้น,ผลมีรสเปรี้ยวรับประทานได้,พื้นที่ศึกษาที่ 8 บริเวณอาคาร 4
7-31170-001-041/14,มะขาม ขาม (ภาคใต้) ตะลูบ (ชาวบน-นครราชสีมา) ม่องโคล้ง (กะเหรี่ยง-กาญจนบุรี) มอดเล ส่ามอเกล (กะเหรี่ยง-แม่ฮ่องสอน) หมากแกง (ฉาน-แม่ฮ่องสอน) ซึงกัก ทงฮ้วยเฮียง (จีน),Tamarindus indica L.,LEGUMINOSAE-CAESALPINIOIDEAE (CAESALPINIACEAE),ไม้ต้น,ผลมีรสเปรี้ยวรับประทานได้,พื้นที่ศึกษาที่ 8 บริเวณอาคาร 4
7-31170-001-041/15,มะขาม ขาม (ภาคใต้) ตะลูบ (ชาวบน-นครราชสีมา) ม่องโคล้ง (กะเหรี่ยง-กาญจนบุรี) มอดเล ส่ามอเกล (กะเหรี่ยง-แม่ฮ่องสอน) หมากแกง (ฉาน-แม่ฮ่องสอน) ซึงกัก ทงฮ้วยเฮียง (จีน),Tamarindus indica L.,LEGUMINOSAE-CAESALPINIOIDEAE (CAESALPINIACEAE),ไม้ต้น,ผลมีรสเปรี้ยวรับประทานได้,พื้นที่ศึกษาที่ 8 บริเวณอาคาร 4
7-31170-001-041/16,มะขาม ขาม (ภาคใต้) ตะลูบ (ชาวบน-นครราชสีมา) ม่องโคล้ง (กะเหรี่ยง-กาญจนบุรี) มอดเล ส่ามอเกล (กะเหรี่ยง-แม่ฮ่องสอน) หมากแกง (ฉาน-แม่ฮ่องสอน) ซึงกัก ทงฮ้วยเฮียง (จีน),Tamarindus indica L.,LEGUMINOSAE-CAESALPINIOIDEAE (CAESALPINIACEAE),ไม้ต้น,ผลมีรสเปรี้ยวรับประทานได้,พื้นที่ศึกษาที่ 8 บริเวณอาคาร 4
7-31170-001-041/17,มะขาม ขาม (ภาคใต้) ตะลูบ (ชาวบน-นครราชสีมา) ม่องโคล้ง (กะเหรี่ยง-กาญจนบุรี) มอดเล ส่ามอเกล (กะเหรี่ยง-แม่ฮ่องสอน) หมากแกง (ฉาน-แม่ฮ่องสอน) ซึงกัก ทงฮ้วยเฮียง (จีน),Tamarindus indica L.,LEGUMINOSAE-CAESALPINIOIDEAE (CAESALPINIACEAE),ไม้ต้น,ผลมีรสเปรี้ยวรับประทานได้,พื้นที่ศึกษาที่ 8 บริเวณอาคาร 4
7-31170-001-041/18,มะขาม ขาม (ภาคใต้) ตะลูบ (ชาวบน-นครราชสีมา) ม่องโคล้ง (กะเหรี่ยง-กาญจนบุรี) มอดเล ส่ามอเกล (กะเหรี่ยง-แม่ฮ่องสอน) หมากแกง (ฉาน-แม่ฮ่องสอน) ซึงกัก ทงฮ้วยเฮียง (จีน),Tamarindus indica L.,LEGUMINOSAE-CAESALPINIOIDEAE (CAESALPINIACEAE),ไม้ต้น,ผลมีรสเปรี้ยวรับประทานได้,พื้นที่ศึกษาที่ 8 บริเวณอาคาร 4
7-31170-001-041/19,มะขาม ขาม (ภาคใต้) ตะลูบ (ชาวบน-นครราชสีมา) ม่องโคล้ง (กะเหรี่ยง-กาญจนบุรี) มอดเล ส่ามอเกล (กะเหรี่ยง-แม่ฮ่องสอน) หมากแกง (ฉาน-แม่ฮ่องสอน) ซึงกัก ทงฮ้วยเฮียง (จีน),Tamarindus indica L.,LEGUMINOSAE-CAESALPINIOIDEAE (CAESALPINIACEAE),ไม้ต้น,ผลมีรสเปรี้ยวรับประทานได้,พื้นที่ศึกษาที่ 9 สระน้ำข้างศาลาธรรม
7-31170-001-041/20,มะขาม ขาม (ภาคใต้) ตะลูบ (ชาวบน-นครราชสีมา) ม่องโคล้ง (กะเหรี่ยง-กาญจนบุรี) มอดเล ส่ามอเกล (กะเหรี่ยง-แม่ฮ่องสอน) หมากแกง (ฉาน-แม่ฮ่องสอน) ซึงกัก ทงฮ้วยเฮียง (จีน),Tamarindus indica L.,LEGUMINOSAE-CAESALPINIOIDEAE (CAESALPINIACEAE),ไม้ต้น,ผลมีรสเปรี้ยวรับประทานได้,พื้นที่ศึกษาที่ 9 สระน้ำข้างศาลาธรรม
7-31170-001-041/21,มะขาม ขาม (ภาคใต้) ตะลูบ (ชาวบน-นครราชสีมา) ม่องโคล้ง (กะเหรี่ยง-กาญจนบุรี) มอดเล ส่ามอเกล (กะเหรี่ยง-แม่ฮ่องสอน) หมากแกง (ฉาน-แม่ฮ่องสอน) ซึงกัก ทงฮ้วยเฮียง (จีน),Tamarindus indica L.,LEGUMINOSAE-CAESALPINIOIDEAE (CAESALPINIACEAE),ไม้ต้น,ผลมีรสเปรี้ยวรับประทานได้,พื้นที่ศึกษาที่ 11 สวนกาญจนาภิเษก
7-31170-001-041/22,มะขาม ขาม (ภาคใต้) ตะลูบ (ชาวบน-นครราชสีมา) ม่องโคล้ง (กะเหรี่ยง-กาญจนบุรี) มอดเล ส่ามอเกล (กะเหรี่ยง-แม่ฮ่องสอน) หมากแกง (ฉาน-แม่ฮ่องสอน) ซึงกัก ทงฮ้วยเฮียง (จีน),Tamarindus indica L.,LEGUMINOSAE-CAESALPINIOIDEAE (CAESALPINIACEAE),ไม้ต้น,ผลมีรสเปรี้ยวรับประทานได้,พื้นที่ศึกษาที่ 11 สวนกาญจนาภิเษก
7-31170-001-041/23,มะขาม ขาม (ภาคใต้) ตะลูบ (ชาวบน-นครราชสีมา) ม่องโคล้ง (กะเหรี่ยง-กาญจนบุรี) มอดเล ส่ามอเกล (กะเหรี่ยง-แม่ฮ่องสอน) หมากแกง (ฉาน-แม่ฮ่องสอน) ซึงกัก ทงฮ้วยเฮียง (จีน),Tamarindus indica L.,LEGUMINOSAE-CAESALPINIOIDEAE (CAESALPINIACEAE),ไม้ต้น,ผลมีรสเปรี้ยวรับประทานได้,พื้นที่ศึกษาที่ 11 สวนกาญจนาภิเษก
7-31170-001-041/24,มะขาม ขาม (ภาคใต้) ตะลูบ (ชาวบน-นครราชสีมา) ม่องโคล้ง (กะเหรี่ยง-กาญจนบุรี) มอดเล ส่ามอเกล (กะเหรี่ยง-แม่ฮ่องสอน) หมากแกง (ฉาน-แม่ฮ่องสอน) ซึงกัก ทงฮ้วยเฮียง (จีน),Tamarindus indica L.,LEGUMINOSAE-CAESALPINIOIDEAE (CAESALPINIACEAE),ไม้ต้น,ผลมีรสเปรี้ยวรับประทานได้,พื้นที่ศึกษาที่ 14 บ้านพักครูทิศตะวันตก
7-31170-001-041/25,มะขาม ขาม (ภาคใต้) ตะลูบ (ชาวบน-นครราชสีมา) ม่องโคล้ง (กะเหรี่ยง-กาญจนบุรี) มอดเล ส่ามอเกล (กะเหรี่ยง-แม่ฮ่องสอน) หมากแกง (ฉาน-แม่ฮ่องสอน) ซึงกัก ทงฮ้วยเฮียง (จีน),Tamarindus indica L.,LEGUMINOSAE-CAESALPINIOIDEAE (CAESALPINIACEAE),ไม้ต้น,ผลมีรสเปรี้ยวรับประทานได้,พื้นที่ศึกษาที่ 14 บ้านพักครูทิศตะวันตก
7-31170-001-041/26,มะขาม ขาม (ภาคใต้) ตะลูบ (ชาวบน-นครราชสีมา) ม่องโคล้ง (กะเหรี่ยง-กาญจนบุรี) มอดเล ส่ามอเกล (กะเหรี่ยง-แม่ฮ่องสอน) หมากแกง (ฉาน-แม่ฮ่องสอน) ซึงกัก ทงฮ้วยเฮียง (จีน),Tamarindus indica L.,LEGUMINOSAE-CAESALPINIOIDEAE (CAESALPINIACEAE),ไม้ต้น,ผลมีรสเปรี้ยวรับประทานได้,พื้นที่ศึกษาที่ 14 บ้านพักครูทิศตะวันตก
7-31170-001-041/27,มะขาม ขาม (ภาคใต้) ตะลูบ (ชาวบน-นครราชสีมา) ม่องโคล้ง (กะเหรี่ยง-กาญจนบุรี) มอดเล ส่ามอเกล (กะเหรี่ยง-แม่ฮ่องสอน) หมากแกง (ฉาน-แม่ฮ่องสอน) ซึงกัก ทงฮ้วยเฮียง (จีน),Tamarindus indica L.,LEGUMINOSAE-CAESALPINIOIDEAE (CAESALPINIACEAE),ไม้ต้น,ผลมีรสเปรี้ยวรับประทานได้,พื้นที่ศึกษาที่ 14 บ้านพักครูทิศตะวันตก
7-31170-001-041/28,มะขาม ขาม (ภาคใต้) ตะลูบ (ชาวบน-นครราชสีมา) ม่องโคล้ง (กะเหรี่ยง-กาญจนบุรี) มอดเล ส่ามอเกล (กะเหรี่ยง-แม่ฮ่องสอน) หมากแกง (ฉาน-แม่ฮ่องสอน) ซึงกัก ทงฮ้วยเฮียง (จีน),Tamarindus indica L.,LEGUMINOSAE-CAESALPINIOIDEAE (CAESALPINIACEAE),ไม้ต้น,ผลมีรสเปรี้ยวรับประทานได้,พื้นที่ศึกษาที่ 14 บ้านพักครูทิศตะวันตก
7-31170-001-041/29,มะขาม ขาม (ภาคใต้) ตะลูบ (ชาวบน-นครราชสีมา) ม่องโคล้ง (กะเหรี่ยง-กาญจนบุรี) มอดเล ส่ามอเกล (กะเหรี่ยง-แม่ฮ่องสอน) หมากแกง (ฉาน-แม่ฮ่องสอน) ซึงกัก ทงฮ้วยเฮียง (จีน),Tamarindus indica L.,LEGUMINOSAE-CAESALPINIOIDEAE (CAESALPINIACEAE),ไม้ต้น,ผลมีรสเปรี้ยวรับประทานได้,พื้นที่ศึกษาที่ 14 บ้านพักครูทิศตะวันตก
7-31170-001-041/30,มะขาม ขาม (ภาคใต้) ตะลูบ (ชาวบน-นครราชสีมา) ม่องโคล้ง (กะเหรี่ยง-กาญจนบุรี) มอดเล ส่ามอเกล (กะเหรี่ยง-แม่ฮ่องสอน) หมากแกง (ฉาน-แม่ฮ่องสอน) ซึงกัก ทงฮ้วยเฮียง (จีน),Tamarindus indica L.,LEGUMINOSAE-CAESALPINIOIDEAE (CAESALPINIACEAE),ไม้ต้น,ผลมีรสเปรี้ยวรับประทานได้,พื้นที่ศึกษาที่ 14 บ้านพักครูทิศตะวันตก
7-31170-001-041/31,มะขาม ขาม (ภาคใต้) ตะลูบ (ชาวบน-นครราชสีมา) ม่องโคล้ง (กะเหรี่ยง-กาญจนบุรี) มอดเล ส่ามอเกล (กะเหรี่ยง-แม่ฮ่องสอน) หมากแกง (ฉาน-แม่ฮ่องสอน) ซึงกัก ทงฮ้วยเฮียง (จีน),Tamarindus indica L.,LEGUMINOSAE-CAESALPINIOIDEAE (CAESALPINIACEAE),ไม้ต้น,ผลมีรสเปรี้ยวรับประทานได้,พื้นที่ศึกษาที่ 14 บ้านพักครูทิศตะวันตก
7-31170-001-041/32,มะขาม ขาม (ภาคใต้) ตะลูบ (ชาวบน-นครราชสีมา) ม่องโคล้ง (กะเหรี่ยง-กาญจนบุรี) มอดเล ส่ามอเกล (กะเหรี่ยง-แม่ฮ่องสอน) หมากแกง (ฉาน-แม่ฮ่องสอน) ซึงกัก ทงฮ้วยเฮียง (จีน),Tamarindus indica L.,LEGUMINOSAE-CAESALPINIOIDEAE (CAESALPINIACEAE),ไม้ต้น,ผลมีรสเปรี้ยวรับประทานได้,พื้นที่ศึกษาที่ 15 เตาเผาถ่าน
7-31170-001-041/33,มะขาม ขาม (ภาคใต้) ตะลูบ (ชาวบน-นครราชสีมา) ม่องโคล้ง (กะเหรี่ยง-กาญจนบุรี) มอดเล ส่ามอเกล (กะเหรี่ยง-แม่ฮ่องสอน) หมากแกง (ฉาน-แม่ฮ่องสอน) ซึงกัก ทงฮ้วยเฮียง (จีน),Tamarindus indica L.,LEGUMINOSAE-CAESALPINIOIDEAE (CAESALPINIACEAE),ไม้ต้น,ผลมีรสเปรี้ยวรับประทานได้,พื้นที่ศึกษาที่ 15 เตาเผาถ่าน
7-31170-001-041/34,มะขาม ขาม (ภาคใต้) ตะลูบ (ชาวบน-นครราชสีมา) ม่องโคล้ง (กะเหรี่ยง-กาญจนบุรี) มอดเล ส่ามอเกล (กะเหรี่ยง-แม่ฮ่องสอน) หมากแกง (ฉาน-แม่ฮ่องสอน) ซึงกัก ทงฮ้วยเฮียง (จีน),Tamarindus indica L.,LEGUMINOSAE-CAESALPINIOIDEAE (CAESALPINIACEAE),ไม้ต้น,ผลมีรสเปรี้ยวรับประทานได้,พื้นที่ศึกษาที่ 15 เตาเผาถ่าน
7-31170-001-041/35,มะขาม ขาม (ภาคใต้) ตะลูบ (ชาวบน-นครราชสีมา) ม่องโคล้ง (กะเหรี่ยง-กาญจนบุรี) มอดเล ส่ามอเกล (กะเหรี่ยง-แม่ฮ่องสอน) หมากแกง (ฉาน-แม่ฮ่องสอน) ซึงกัก ทงฮ้วยเฮียง (จีน),Tamarindus indica L.,LEGUMINOSAE-CAESALPINIOIDEAE (CAESALPINIACEAE),ไม้ต้น,ผลมีรสเปรี้ยวรับประทานได้,พื้นที่ศึกษาที่ 15 เตาเผาถ่าน
7-31170-001-041/36,มะขาม ขาม (ภาคใต้) ตะลูบ (ชาวบน-นครราชสีมา) ม่องโคล้ง (กะเหรี่ยง-กาญจนบุรี) มอดเล ส่ามอเกล (กะเหรี่ยง-แม่ฮ่องสอน) หมากแกง (ฉาน-แม่ฮ่องสอน) ซึงกัก ทงฮ้วยเฮียง (จีน),Tamarindus indica L.,LEGUMINOSAE-CAESALPINIOIDEAE (CAESALPINIACEAE),ไม้ต้น,ผลมีรสเปรี้ยวรับประทานได้,พื้นที่ศึกษาที่ 15 เตาเผาถ่าน
7-31170-001-041/37,มะขาม ขาม (ภาคใต้) ตะลูบ (ชาวบน-นครราชสีมา) ม่องโคล้ง (กะเหรี่ยง-กาญจนบุรี) มอดเล ส่ามอเกล (กะเหรี่ยง-แม่ฮ่องสอน) หมากแกง (ฉาน-แม่ฮ่องสอน) ซึงกัก ทงฮ้วยเฮียง (จีน),Tamarindus indica L.,LEGUMINOSAE-CAESALPINIOIDEAE (CAESALPINIACEAE),ไม้ต้น,ผลมีรสเปรี้ยวรับประทานได้,พื้นที่ศึกษาที่ 15 เตาเผาถ่าน
7-31170-001-041/38,มะขาม ขาม (ภาคใต้) ตะลูบ (ชาวบน-นครราชสีมา) ม่องโคล้ง (กะเหรี่ยง-กาญจนบุรี) มอดเล ส่ามอเกล (กะเหรี่ยง-แม่ฮ่องสอน) หมากแกง (ฉาน-แม่ฮ่องสอน) ซึงกัก ทงฮ้วยเฮียง (จีน),Tamarindus indica L.,LEGUMINOSAE-CAESALPINIOIDEAE (CAESALPINIACEAE),ไม้ต้น,ผลมีรสเปรี้ยวรับประทานได้,พื้นที่ศึกษาที่ 16 หอประชุม
7-31170-001-041/39,มะขาม ขาม (ภาคใต้) ตะลูบ (ชาวบน-นครราชสีมา) ม่องโคล้ง (กะเหรี่ยง-กาญจนบุรี) มอดเล ส่ามอเกล (กะเหรี่ยง-แม่ฮ่องสอน) หมากแกง (ฉาน-แม่ฮ่องสอน) ซึงกัก ทงฮ้วยเฮียง (จีน),Tamarindus indica L.,LEGUMINOSAE-CAESALPINIOIDEAE (CAESALPINIACEAE),ไม้ต้น,ผลมีรสเปรี้ยวรับประทานได้,พื้นที่ศึกษาที่ 16 หอประชุม
7-31170-001-041/40,มะขาม ขาม (ภาคใต้) ตะลูบ (ชาวบน-นครราชสีมา) ม่องโคล้ง (กะเหรี่ยง-กาญจนบุรี) มอดเล ส่ามอเกล (กะเหรี่ยง-แม่ฮ่องสอน) หมากแกง (ฉาน-แม่ฮ่องสอน) ซึงกัก ทงฮ้วยเฮียง (จีน),Tamarindus indica L.,LEGUMINOSAE-CAESALPINIOIDEAE (CAESALPINIACEAE),ไม้ต้น,ผลมีรสเปรี้ยวรับประทานได้,พื้นที่ศึกษาที่ 16 หอประชุม
7-31170-001-041/41,มะขาม ขาม (ภาคใต้) ตะลูบ (ชาวบน-นครราชสีมา) ม่องโคล้ง (กะเหรี่ยง-กาญจนบุรี) มอดเล ส่ามอเกล (กะเหรี่ยง-แม่ฮ่องสอน) หมากแกง (ฉาน-แม่ฮ่องสอน) ซึงกัก ทงฮ้วยเฮียง (จีน),Tamarindus indica L.,LEGUMINOSAE-CAESALPINIOIDEAE (CAESALPINIACEAE),ไม้ต้น,ผลมีรสเปรี้ยวรับประทานได้,พื้นที่ศึกษาที่ 16 หอประชุม
7-31170-001-041/42,มะขาม ขาม (ภาคใต้) ตะลูบ (ชาวบน-นครราชสีมา) ม่องโคล้ง (กะเหรี่ยง-กาญจนบุรี) มอดเล ส่ามอเกล (กะเหรี่ยง-แม่ฮ่องสอน) หมากแกง (ฉาน-แม่ฮ่องสอน) ซึงกัก ทงฮ้วยเฮียง (จีน),Tamarindus indica L.,LEGUMINOSAE-CAESALPINIOIDEAE (CAESALPINIACEAE),ไม้ต้น,ผลมีรสเปรี้ยวรับประทานได้,พื้นที่ศึกษาที่ 16 หอประชุม
7-31170-001-041/43,มะขาม ขาม (ภาคใต้) ตะลูบ (ชาวบน-นครราชสีมา) ม่องโคล้ง (กะเหรี่ยง-กาญจนบุรี) มอดเล ส่ามอเกล (กะเหรี่ยง-แม่ฮ่องสอน) หมากแกง (ฉาน-แม่ฮ่องสอน) ซึงกัก ทงฮ้วยเฮียง (จีน),Tamarindus indica L.,LEGUMINOSAE-CAESALPINIOIDEAE (CAESALPINIACEAE),ไม้ต้น,ผลมีรสเปรี้ยวรับประทานได้,พื้นที่ศึกษาที่ 16 หอประชุม
7-31170-001-041/44,มะขาม ขาม (ภาคใต้) ตะลูบ (ชาวบน-นครราชสีมา) ม่องโคล้ง (กะเหรี่ยง-กาญจนบุรี) มอดเล ส่ามอเกล (กะเหรี่ยง-แม่ฮ่องสอน) หมากแกง (ฉาน-แม่ฮ่องสอน) ซึงกัก ทงฮ้วยเฮียง (จีน),Tamarindus indica L.,LEGUMINOSAE-CAESALPINIOIDEAE (CAESALPINIACEAE),ไม้ต้น,ผลมีรสเปรี้ยวรับประทานได้,พื้นที่ศึกษาที่ 16 หอประชุม
7-31170-001-041/45,มะขาม ขาม (ภาคใต้) ตะลูบ (ชาวบน-นครราชสีมา) ม่องโคล้ง (กะเหรี่ยง-กาญจนบุรี) มอดเล ส่ามอเกล (กะเหรี่ยง-แม่ฮ่องสอน) หมากแกง (ฉาน-แม่ฮ่องสอน) ซึงกัก ทงฮ้วยเฮียง (จีน),Tamarindus indica L.,LEGUMINOSAE-CAESALPINIOIDEAE (CAESALPINIACEAE),ไม้ต้น,ผลมีรสเปรี้ยวรับประทานได้,พื้นที่ศึกษาที่ 16 หอประชุม
7-31170-001-041/46,มะขาม ขาม (ภาคใต้) ตะลูบ (ชาวบน-นครราชสีมา) ม่องโคล้ง (กะเหรี่ยง-กาญจนบุรี) มอดเล ส่ามอเกล (กะเหรี่ยง-แม่ฮ่องสอน) หมากแกง (ฉาน-แม่ฮ่องสอน) ซึงกัก ทงฮ้วยเฮียง (จีน),Tamarindus indica L.,LEGUMINOSAE-CAESALPINIOIDEAE (CAESALPINIACEAE),ไม้ต้น,ผลมีรสเปรี้ยวรับประทานได้,พื้นที่ศึกษาที่ 16 หอประชุม
7-31170-001-041/47,มะขาม ขาม (ภาคใต้) ตะลูบ (ชาวบน-นครราชสีมา) ม่องโคล้ง (กะเหรี่ยง-กาญจนบุรี) มอดเล ส่ามอเกล (กะเหรี่ยง-แม่ฮ่องสอน) หมากแกง (ฉาน-แม่ฮ่องสอน) ซึงกัก ทงฮ้วยเฮียง (จีน),Tamarindus indica L.,LEGUMINOSAE-CAESALPINIOIDEAE (CAESALPINIACEAE),ไม้ต้น,ผลมีรสเปรี้ยวรับประทานได้,พื้นที่ศึกษาที่ 16 หอประชุม
7-31170-001-041/48,มะขาม ขาม (ภาคใต้) ตะลูบ (ชาวบน-นครราชสีมา) ม่องโคล้ง (กะเหรี่ยง-กาญจนบุรี) มอดเล ส่ามอเกล (กะเหรี่ยง-แม่ฮ่องสอน) หมากแกง (ฉาน-แม่ฮ่องสอน) ซึงกัก ทงฮ้วยเฮียง (จีน),Tamarindus indica L.,LEGUMINOSAE-CAESALPINIOIDEAE (CAESALPINIACEAE),ไม้ต้น,ผลมีรสเปรี้ยวรับประทานได้,พื้นที่ศึกษาที่ 16 หอประชุม
7-31170-001-041/49,มะขาม ขาม (ภาคใต้) ตะลูบ (ชาวบน-นครราชสีมา) ม่องโคล้ง (กะเหรี่ยง-กาญจนบุรี) มอดเล ส่ามอเกล (กะเหรี่ยง-แม่ฮ่องสอน) หมากแกง (ฉาน-แม่ฮ่องสอน) ซึงกัก ทงฮ้วยเฮียง (จีน),Tamarindus indica L.,LEGUMINOSAE-CAESALPINIOIDEAE (CAESALPINIACEAE),ไม้ต้น,ผลมีรสเปรี้ยวรับประทานได้,พื้นที่ศึกษาที่ 16 หอประชุม
7-31170-001-041/50,มะขาม ขาม (ภาคใต้) ตะลูบ (ชาวบน-นครราชสีมา) ม่องโคล้ง (กะเหรี่ยง-กาญจนบุรี) มอดเล ส่ามอเกล (กะเหรี่ยง-แม่ฮ่องสอน) หมากแกง (ฉาน-แม่ฮ่องสอน) ซึงกัก ทงฮ้วยเฮียง (จีน),Tamarindus indica L.,LEGUMINOSAE-CAESALPINIOIDEAE (CAESALPINIACEAE),ไม้ต้น,ผลมีรสเปรี้ยวรับประทานได้,พื้นที่ศึกษาที่ 16 หอประชุม
7-31170-001-041/51,มะขาม ขาม (ภาคใต้) ตะลูบ (ชาวบน-นครราชสีมา) ม่องโคล้ง (กะเหรี่ยง-กาญจนบุรี) มอดเล ส่ามอเกล (กะเหรี่ยง-แม่ฮ่องสอน) หมากแกง (ฉาน-แม่ฮ่องสอน) ซึงกัก ทงฮ้วยเฮียง (จีน),Tamarindus indica L.,LEGUMINOSAE-CAESALPINIOIDEAE (CAESALPINIACEAE),ไม้ต้น,ผลมีรสเปรี้ยวรับประทานได้,พื้นที่ศึกษาที่ 16 หอประชุม
7-31170-001-041/52,มะขาม ขาม (ภาคใต้) ตะลูบ (ชาวบน-นครราชสีมา) ม่องโคล้ง (กะเหรี่ยง-กาญจนบุรี) มอดเล ส่ามอเกล (กะเหรี่ยง-แม่ฮ่องสอน) หมากแกง (ฉาน-แม่ฮ่องสอน) ซึงกัก ทงฮ้วยเฮียง (จีน),Tamarindus indica L.,LEGUMINOSAE-CAESALPINIOIDEAE (CAESALPINIACEAE),ไม้ต้น,ผลมีรสเปรี้ยวรับประทานได้,พื้นที่ศึกษาที่ 16 หอประชุม
7-31170-001-041/53,มะขาม ขาม (ภาคใต้) ตะลูบ (ชาวบน-นครราชสีมา) ม่องโคล้ง (กะเหรี่ยง-กาญจนบุรี) มอดเล ส่ามอเกล (กะเหรี่ยง-แม่ฮ่องสอน) หมากแกง (ฉาน-แม่ฮ่องสอน) ซึงกัก ทงฮ้วยเฮียง (จีน),Tamarindus indica L.,LEGUMINOSAE-CAESALPINIOIDEAE (CAESALPINIACEAE),ไม้ต้น,ผลมีรสเปรี้ยวรับประทานได้,พื้นที่ศึกษาที่ 16 หอประชุม
7-31170-001-041/54,มะขาม ขาม (ภาคใต้) ตะลูบ (ชาวบน-นครราชสีมา) ม่องโคล้ง (กะเหรี่ยง-กาญจนบุรี) มอดเล ส่ามอเกล (กะเหรี่ยง-แม่ฮ่องสอน) หมากแกง (ฉาน-แม่ฮ่องสอน) ซึงกัก ทงฮ้วยเฮียง (จีน),Tamarindus indica L.,LEGUMINOSAE-CAESALPINIOIDEAE (CAESALPINIACEAE),ไม้ต้น,ผลมีรสเปรี้ยวรับประทานได้,พื้นที่ศึกษาที่ 16 หอประชุม
7-31170-001-041/55,มะขาม ขาม (ภาคใต้) ตะลูบ (ชาวบน-นครราชสีมา) ม่องโคล้ง (กะเหรี่ยง-กาญจนบุรี) มอดเล ส่ามอเกล (กะเหรี่ยง-แม่ฮ่องสอน) หมากแกง (ฉาน-แม่ฮ่องสอน) ซึงกัก ทงฮ้วยเฮียง (จีน),Tamarindus indica L.,LEGUMINOSAE-CAESALPINIOIDEAE (CAESALPINIACEAE),ไม้ต้น,ผลมีรสเปรี้ยวรับประทานได้,พื้นที่ศึกษาที่ 16 หอประชุม
7-31170-001-041/56,มะขาม ขาม (ภาคใต้) ตะลูบ (ชาวบน-นครราชสีมา) ม่องโคล้ง (กะเหรี่ยง-กาญจนบุรี) มอดเล ส่ามอเกล (กะเหรี่ยง-แม่ฮ่องสอน) หมากแกง (ฉาน-แม่ฮ่องสอน) ซึงกัก ทงฮ้วยเฮียง (จีน),Tamarindus indica L.,LEGUMINOSAE-CAESALPINIOIDEAE (CAESALPINIACEAE),ไม้ต้น,ผลมีรสเปรี้ยวรับประทานได้,พื้นที่ศึกษาที่ 16 หอประชุม
7-31170-001-041/57,มะขาม ขาม (ภาคใต้) ตะลูบ (ชาวบน-นครราชสีมา) ม่องโคล้ง (กะเหรี่ยง-กาญจนบุรี) มอดเล ส่ามอเกล (กะเหรี่ยง-แม่ฮ่องสอน) หมากแกง (ฉาน-แม่ฮ่องสอน) ซึงกัก ทงฮ้วยเฮียง (จีน),Tamarindus indica L.,LEGUMINOSAE-CAESALPINIOIDEAE (CAESALPINIACEAE),ไม้ต้น,ผลมีรสเปรี้ยวรับประทานได้,พื้นที่ศึกษาที่ 16 หอประชุม
7-31170-001-041/58,มะขาม ขาม (ภาคใต้) ตะลูบ (ชาวบน-นครราชสีมา) ม่องโคล้ง (กะเหรี่ยง-กาญจนบุรี) มอดเล ส่ามอเกล (กะเหรี่ยง-แม่ฮ่องสอน) หมากแกง (ฉาน-แม่ฮ่องสอน) ซึงกัก ทงฮ้วยเฮียง (จีน),Tamarindus indica L.,LEGUMINOSAE-CAESALPINIOIDEAE (CAESALPINIACEAE),ไม้ต้น,ผลมีรสเปรี้ยวรับประทานได้,พื้นที่ศึกษาที่ 16 หอประชุม
7-31170-001-041/59,มะขาม ขาม (ภาคใต้) ตะลูบ (ชาวบน-นครราชสีมา) ม่องโคล้ง (กะเหรี่ยง-กาญจนบุรี) มอดเล ส่ามอเกล (กะเหรี่ยง-แม่ฮ่องสอน) หมากแกง (ฉาน-แม่ฮ่องสอน) ซึงกัก ทงฮ้วยเฮียง (จีน),Tamarindus indica L.,LEGUMINOSAE-CAESALPINIOIDEAE (CAESALPINIACEAE),ไม้ต้น,ผลมีรสเปรี้ยวรับประทานได้,พื้นที่ศึกษาที่ 16 หอประชุม
7-31170-001-041/60,มะขาม ขาม (ภาคใต้) ตะลูบ (ชาวบน-นครราชสีมา) ม่องโคล้ง (กะเหรี่ยง-กาญจนบุรี) มอดเล ส่ามอเกล (กะเหรี่ยง-แม่ฮ่องสอน) หมากแกง (ฉาน-แม่ฮ่องสอน) ซึงกัก ทงฮ้วยเฮียง (จีน),Tamarindus indica L.,LEGUMINOSAE-CAESALPINIOIDEAE (CAESALPINIACEAE),ไม้ต้น,ผลมีรสเปรี้ยวรับประทานได้,พื้นที่ศึกษาที่ 16 หอประชุม
7-31170-001-041/61,มะขาม ขาม (ภาคใต้) ตะลูบ (ชาวบน-นครราชสีมา) ม่องโคล้ง (กะเหรี่ยง-กาญจนบุรี) มอดเล ส่ามอเกล (กะเหรี่ยง-แม่ฮ่องสอน) หมากแกง (ฉาน-แม่ฮ่องสอน) ซึงกัก ทงฮ้วยเฮียง (จีน),Tamarindus indica L.,LEGUMINOSAE-CAESALPINIOIDEAE (CAESALPINIACEAE),ไม้ต้น,ผลมีรสเปรี้ยวรับประทานได้,พื้นที่ศึกษาที่ 16 หอประชุม
7-31170-001-041/62,มะขาม ขาม (ภาคใต้) ตะลูบ (ชาวบน-นครราชสีมา) ม่องโคล้ง (กะเหรี่ยง-กาญจนบุรี) มอดเล ส่ามอเกล (กะเหรี่ยง-แม่ฮ่องสอน) หมากแกง (ฉาน-แม่ฮ่องสอน) ซึงกัก ทงฮ้วยเฮียง (จีน),Tamarindus indica L.,LEGUMINOSAE-CAESALPINIOIDEAE (CAESALPINIACEAE),ไม้ต้น,ผลมีรสเปรี้ยวรับประทานได้,พื้นที่ศึกษาที่ 16 หอประชุม
7-31170-001-041/63,มะขาม ขาม (ภาคใต้) ตะลูบ (ชาวบน-นครราชสีมา) ม่องโคล้ง (กะเหรี่ยง-กาญจนบุรี) มอดเล ส่ามอเกล (กะเหรี่ยง-แม่ฮ่องสอน) หมากแกง (ฉาน-แม่ฮ่องสอน) ซึงกัก ทงฮ้วยเฮียง (จีน),Tamarindus indica L.,LEGUMINOSAE-CAESALPINIOIDEAE (CAESALPINIACEAE),ไม้ต้น,ผลมีรสเปรี้ยวรับประทานได้,พื้นที่ศึกษาที่ 16 หอประชุม
7-31170-001-041/64,มะขาม ขาม (ภาคใต้) ตะลูบ (ชาวบน-นครราชสีมา) ม่องโคล้ง (กะเหรี่ยง-กาญจนบุรี) มอดเล ส่ามอเกล (กะเหรี่ยง-แม่ฮ่องสอน) หมากแกง (ฉาน-แม่ฮ่องสอน) ซึงกัก ทงฮ้วยเฮียง (จีน),Tamarindus indica L.,LEGUMINOSAE-CAESALPINIOIDEAE (CAESALPINIACEAE),ไม้ต้น,ผลมีรสเปรี้ยวรับประทานได้,พื้นที่ศึกษาที่ 16 หอประชุม
7-31170-001-041/65,มะขาม ขาม (ภาคใต้) ตะลูบ (ชาวบน-นครราชสีมา) ม่องโคล้ง (กะเหรี่ยง-กาญจนบุรี) มอดเล ส่ามอเกล (กะเหรี่ยง-แม่ฮ่องสอน) หมากแกง (ฉาน-แม่ฮ่องสอน) ซึงกัก ทงฮ้วยเฮียง (จีน),Tamarindus indica L.,LEGUMINOSAE-CAESALPINIOIDEAE (CAESALPINIACEAE),ไม้ต้น,ผลมีรสเปรี้ยวรับประทานได้,พื้นที่ศึกษาที่ 16 หอประชุม
7-31170-001-041/66,มะขาม ขาม (ภาคใต้) ตะลูบ (ชาวบน-นครราชสีมา) ม่องโคล้ง (กะเหรี่ยง-กาญจนบุรี) มอดเล ส่ามอเกล (กะเหรี่ยง-แม่ฮ่องสอน) หมากแกง (ฉาน-แม่ฮ่องสอน) ซึงกัก ทงฮ้วยเฮียง (จีน),Tamarindus indica L.,LEGUMINOSAE-CAESALPINIOIDEAE (CAESALPINIACEAE),ไม้ต้น,ผลมีรสเปรี้ยวรับประทานได้,พื้นที่ศึกษาที่ 16 หอประชุม
7-31170-001-041/67,มะขาม ขาม (ภาคใต้) ตะลูบ (ชาวบน-นครราชสีมา) ม่องโคล้ง (กะเหรี่ยง-กาญจนบุรี) มอดเล ส่ามอเกล (กะเหรี่ยง-แม่ฮ่องสอน) หมากแกง (ฉาน-แม่ฮ่องสอน) ซึงกัก ทงฮ้วยเฮียง (จีน),Tamarindus indica L.,LEGUMINOSAE-CAESALPINIOIDEAE (CAESALPINIACEAE),ไม้ต้น,ผลมีรสเปรี้ยวรับประทานได้,พื้นที่ศึกษาที่ 16 หอประชุม
7-31170-001-041/68,มะขาม ขาม (ภาคใต้) ตะลูบ (ชาวบน-นครราชสีมา) ม่องโคล้ง (กะเหรี่ยง-กาญจนบุรี) มอดเล ส่ามอเกล (กะเหรี่ยง-แม่ฮ่องสอน) หมากแกง (ฉาน-แม่ฮ่องสอน) ซึงกัก ทงฮ้วยเฮียง (จีน),Tamarindus indica L.,LEGUMINOSAE-CAESALPINIOIDEAE (CAESALPINIACEAE),ไม้ต้น,ผลมีรสเปรี้ยวรับประทานได้,พื้นที่ศึกษาที่ 16 หอประชุม
7-31170-001-041/69,มะขาม ขาม (ภาคใต้) ตะลูบ (ชาวบน-นครราชสีมา) ม่องโคล้ง (กะเหรี่ยง-กาญจนบุรี) มอดเล ส่ามอเกล (กะเหรี่ยง-แม่ฮ่องสอน) หมากแกง (ฉาน-แม่ฮ่องสอน) ซึงกัก ทงฮ้วยเฮียง (จีน),Tamarindus indica L.,LEGUMINOSAE-CAESALPINIOIDEAE (CAESALPINIACEAE),ไม้ต้น,ผลมีรสเปรี้ยวรับประทานได้,พื้นที่ศึกษาที่ 16 หอประชุม
7-31170-001-041/70,มะขาม ขาม (ภาคใต้) ตะลูบ (ชาวบน-นครราชสีมา) ม่องโคล้ง (กะเหรี่ยง-กาญจนบุรี) มอดเล ส่ามอเกล (กะเหรี่ยง-แม่ฮ่องสอน) หมากแกง (ฉาน-แม่ฮ่องสอน) ซึงกัก ทงฮ้วยเฮียง (จีน),Tamarindus indica L.,LEGUMINOSAE-CAESALPINIOIDEAE (CAESALPINIACEAE),ไม้ต้น,ผลมีรสเปรี้ยวรับประทานได้,พื้นที่ศึกษาที่ 16 หอประชุม
7-31170-001-041/71,มะขาม ขาม (ภาคใต้) ตะลูบ (ชาวบน-นครราชสีมา) ม่องโคล้ง (กะเหรี่ยง-กาญจนบุรี) มอดเล ส่ามอเกล (กะเหรี่ยง-แม่ฮ่องสอน) หมากแกง (ฉาน-แม่ฮ่องสอน) ซึงกัก ทงฮ้วยเฮียง (จีน),Tamarindus indica L.,LEGUMINOSAE-CAESALPINIOIDEAE (CAESALPINIACEAE),ไม้ต้น,ผลมีรสเปรี้ยวรับประทานได้,พื้นที่ศึกษาที่ 16 หอประชุม
7-31170-001-041/72,มะขาม ขาม (ภาคใต้) ตะลูบ (ชาวบน-นครราชสีมา) ม่องโคล้ง (กะเหรี่ยง-กาญจนบุรี) มอดเล ส่ามอเกล (กะเหรี่ยง-แม่ฮ่องสอน) หมากแกง (ฉาน-แม่ฮ่องสอน) ซึงกัก ทงฮ้วยเฮียง (จีน),Tamarindus indica L.,LEGUMINOSAE-CAESALPINIOIDEAE (CAESALPINIACEAE),ไม้ต้น,ผลมีรสเปรี้ยวรับประทานได้,พื้นที่ศึกษาที่ 16 หอประชุม
7-31170-001-041/73,มะขาม ขาม (ภาคใต้) ตะลูบ (ชาวบน-นครราชสีมา) ม่องโคล้ง (กะเหรี่ยง-กาญจนบุรี) มอดเล ส่ามอเกล (กะเหรี่ยง-แม่ฮ่องสอน) หมากแกง (ฉาน-แม่ฮ่องสอน) ซึงกัก ทงฮ้วยเฮียง (จีน),Tamarindus indica L.,LEGUMINOSAE-CAESALPINIOIDEAE (CAESALPINIACEAE),ไม้ต้น,ผลมีรสเปรี้ยวรับประทานได้,พื้นที่ศึกษาที่ 16 หอประชุม
7-31170-001-041/74,มะขาม ขาม (ภาคใต้) ตะลูบ (ชาวบน-นครราชสีมา) ม่องโคล้ง (กะเหรี่ยง-กาญจนบุรี) มอดเล ส่ามอเกล (กะเหรี่ยง-แม่ฮ่องสอน) หมากแกง (ฉาน-แม่ฮ่องสอน) ซึงกัก ทงฮ้วยเฮียง (จีน),Tamarindus indica L.,LEGUMINOSAE-CAESALPINIOIDEAE (CAESALPINIACEAE),ไม้ต้น,ผลมีรสเปรี้ยวรับประทานได้,พื้นที่ศึกษาที่ 16 หอประชุม
7-31170-001-041/75,มะขาม ขาม (ภาคใต้) ตะลูบ (ชาวบน-นครราชสีมา) ม่องโคล้ง (กะเหรี่ยง-กาญจนบุรี) มอดเล ส่ามอเกล (กะเหรี่ยง-แม่ฮ่องสอน) หมากแกง (ฉาน-แม่ฮ่องสอน) ซึงกัก ทงฮ้วยเฮียง (จีน),Tamarindus indica L.,LEGUMINOSAE-CAESALPINIOIDEAE (CAESALPINIACEAE),ไม้ต้น,ผลมีรสเปรี้ยวรับประทานได้,พื้นที่ศึกษาที่ 16 หอประชุม
7-31170-001-041/76,มะขาม ขาม (ภาคใต้) ตะลูบ (ชาวบน-นครราชสีมา) ม่องโคล้ง (กะเหรี่ยง-กาญจนบุรี) มอดเล ส่ามอเกล (กะเหรี่ยง-แม่ฮ่องสอน) หมากแกง (ฉาน-แม่ฮ่องสอน) ซึงกัก ทงฮ้วยเฮียง (จีน),Tamarindus indica L.,LEGUMINOSAE-CAESALPINIOIDEAE (CAESALPINIACEAE),ไม้ต้น,ผลมีรสเปรี้ยวรับประทานได้,พื้นที่ศึกษาที่ 16 หอประชุม
7-31170-001-041/77,มะขาม ขาม (ภาคใต้) ตะลูบ (ชาวบน-นครราชสีมา) ม่องโคล้ง (กะเหรี่ยง-กาญจนบุรี) มอดเล ส่ามอเกล (กะเหรี่ยง-แม่ฮ่องสอน) หมากแกง (ฉาน-แม่ฮ่องสอน) ซึงกัก ทงฮ้วยเฮียง (จีน),Tamarindus indica L.,LEGUMINOSAE-CAESALPINIOIDEAE (CAESALPINIACEAE),ไม้ต้น,ผลมีรสเปรี้ยวรับประทานได้,พื้นที่ศึกษาที่ 16 หอประชุม
7-31170-001-041/78,มะขาม ขาม (ภาคใต้) ตะลูบ (ชาวบน-นครราชสีมา) ม่องโคล้ง (กะเหรี่ยง-กาญจนบุรี) มอดเล ส่ามอเกล (กะเหรี่ยง-แม่ฮ่องสอน) หมากแกง (ฉาน-แม่ฮ่องสอน) ซึงกัก ทงฮ้วยเฮียง (จีน),Tamarindus indica L.,LEGUMINOSAE-CAESALPINIOIDEAE (CAESALPINIACEAE),ไม้ต้น,ผลมีรสเปรี้ยวรับประทานได้,พื้นที่ศึกษาที่ 16 หอประชุม
7-31170-001-041/79,มะขาม ขาม (ภาคใต้) ตะลูบ (ชาวบน-นครราชสีมา) ม่องโคล้ง (กะเหรี่ยง-กาญจนบุรี) มอดเล ส่ามอเกล (กะเหรี่ยง-แม่ฮ่องสอน) หมากแกง (ฉาน-แม่ฮ่องสอน) ซึงกัก ทงฮ้วยเฮียง (จีน),Tamarindus indica L.,LEGUMINOSAE-CAESALPINIOIDEAE (CAESALPINIACEAE),ไม้ต้น,ผลมีรสเปรี้ยวรับประทานได้,พื้นที่ศึกษาที่ 16 หอประชุม
7-31170-001-041/80,มะขาม ขาม (ภาคใต้) ตะลูบ (ชาวบน-นครราชสีมา) ม่องโคล้ง (กะเหรี่ยง-กาญจนบุรี) มอดเล ส่ามอเกล (กะเหรี่ยง-แม่ฮ่องสอน) หมากแกง (ฉาน-แม่ฮ่องสอน) ซึงกัก ทงฮ้วยเฮียง (จีน),Tamarindus indica L.,LEGUMINOSAE-CAESALPINIOIDEAE (CAESALPINIACEAE),ไม้ต้น,ผลมีรสเปรี้ยวรับประทานได้,พื้นที่ศึกษาที่ 16 หอประชุม
7-31170-001-041/81,มะขาม ขาม (ภาคใต้) ตะลูบ (ชาวบน-นครราชสีมา) ม่องโคล้ง (กะเหรี่ยง-กาญจนบุรี) มอดเล ส่ามอเกล (กะเหรี่ยง-แม่ฮ่องสอน) หมากแกง (ฉาน-แม่ฮ่องสอน) ซึงกัก ทงฮ้วยเฮียง (จีน),Tamarindus indica L.,LEGUMINOSAE-CAESALPINIOIDEAE (CAESALPINIACEAE),ไม้ต้น,ผลมีรสเปรี้ยวรับประทานได้,พื้นที่ศึกษาที่ 16 หอประชุม
7-31170-001-041/82,มะขาม ขาม (ภาคใต้) ตะลูบ (ชาวบน-นครราชสีมา) ม่องโคล้ง (กะเหรี่ยง-กาญจนบุรี) มอดเล ส่ามอเกล (กะเหรี่ยง-แม่ฮ่องสอน) หมากแกง (ฉาน-แม่ฮ่องสอน) ซึงกัก ทงฮ้วยเฮียง (จีน),Tamarindus indica L.,LEGUMINOSAE-CAESALPINIOIDEAE (CAESALPINIACEAE),ไม้ต้น,ผลมีรสเปรี้ยวรับประทานได้,พื้นที่ศึกษาที่ 16 หอประชุม
7-31170-001-041/83,มะขาม ขาม (ภาคใต้) ตะลูบ (ชาวบน-นครราชสีมา) ม่องโคล้ง (กะเหรี่ยง-กาญจนบุรี) มอดเล ส่ามอเกล (กะเหรี่ยง-แม่ฮ่องสอน) หมากแกง (ฉาน-แม่ฮ่องสอน) ซึงกัก ทงฮ้วยเฮียง (จีน),Tamarindus indica L.,LEGUMINOSAE-CAESALPINIOIDEAE (CAESALPINIACEAE),ไม้ต้น,ผลมีรสเปรี้ยวรับประทานได้,พื้นที่ศึกษาที่ 16 หอประชุม
7-31170-001-041/84,มะขาม ขาม (ภาคใต้) ตะลูบ (ชาวบน-นครราชสีมา) ม่องโคล้ง (กะเหรี่ยง-กาญจนบุรี) มอดเล ส่ามอเกล (กะเหรี่ยง-แม่ฮ่องสอน) หมากแกง (ฉาน-แม่ฮ่องสอน) ซึงกัก ทงฮ้วยเฮียง (จีน),Tamarindus indica L.,LEGUMINOSAE-CAESALPINIOIDEAE (CAESALPINIACEAE),ไม้ต้น,ผลมีรสเปรี้ยวรับประทานได้,พื้นที่ศึกษาที่ 16 หอประชุม
7-31170-001-041/85,มะขาม ขาม (ภาคใต้) ตะลูบ (ชาวบน-นครราชสีมา) ม่องโคล้ง (กะเหรี่ยง-กาญจนบุรี) มอดเล ส่ามอเกล (กะเหรี่ยง-แม่ฮ่องสอน) หมากแกง (ฉาน-แม่ฮ่องสอน) ซึงกัก ทงฮ้วยเฮียง (จีน),Tamarindus indica L.,LEGUMINOSAE-CAESALPINIOIDEAE (CAESALPINIACEAE),ไม้ต้น,ผลมีรสเปรี้ยวรับประทานได้,พื้นที่ศึกษาที่ 16 หอประชุม
7-31170-001-041/86,มะขาม ขาม (ภาคใต้) ตะลูบ (ชาวบน-นครราชสีมา) ม่องโคล้ง (กะเหรี่ยง-กาญจนบุรี) มอดเล ส่ามอเกล (กะเหรี่ยง-แม่ฮ่องสอน) หมากแกง (ฉาน-แม่ฮ่องสอน) ซึงกัก ทงฮ้วยเฮียง (จีน),Tamarindus indica L.,LEGUMINOSAE-CAESALPINIOIDEAE (CAESALPINIACEAE),ไม้ต้น,ผลมีรสเปรี้ยวรับประทานได้,พื้นที่ศึกษาที่ 16 หอประชุม
7-31170-001-041/87,มะขาม ขาม (ภาคใต้) ตะลูบ (ชาวบน-นครราชสีมา) ม่องโคล้ง (กะเหรี่ยง-กาญจนบุรี) มอดเล ส่ามอเกล (กะเหรี่ยง-แม่ฮ่องสอน) หมากแกง (ฉาน-แม่ฮ่องสอน) ซึงกัก ทงฮ้วยเฮียง (จีน),Tamarindus indica L.,LEGUMINOSAE-CAESALPINIOIDEAE (CAESALPINIACEAE),ไม้ต้น,ผลมีรสเปรี้ยวรับประทานได้,พื้นที่ศึกษาที่ 16 หอประชุม
7-31170-001-041/88,มะขาม ขาม (ภาคใต้) ตะลูบ (ชาวบน-นครราชสีมา) ม่องโคล้ง (กะเหรี่ยง-กาญจนบุรี) มอดเล ส่ามอเกล (กะเหรี่ยง-แม่ฮ่องสอน) หมากแกง (ฉาน-แม่ฮ่องสอน) ซึงกัก ทงฮ้วยเฮียง (จีน),Tamarindus indica L.,LEGUMINOSAE-CAESALPINIOIDEAE (CAESALPINIACEAE),ไม้ต้น,ผลมีรสเปรี้ยวรับประทานได้,พื้นที่ศึกษาที่ 16 หอประชุม
7-31170-001-041/89,มะขาม ขาม (ภาคใต้) ตะลูบ (ชาวบน-นครราชสีมา) ม่องโคล้ง (กะเหรี่ยง-กาญจนบุรี) มอดเล ส่ามอเกล (กะเหรี่ยง-แม่ฮ่องสอน) หมากแกง (ฉาน-แม่ฮ่องสอน) ซึงกัก ทงฮ้วยเฮียง (จีน),Tamarindus indica L.,LEGUMINOSAE-CAESALPINIOIDEAE (CAESALPINIACEAE),ไม้ต้น,ผลมีรสเปรี้ยวรับประทานได้,พื้นที่ศึกษาที่ 16 หอประชุม
7-31170-001-041/90,มะขาม ขาม (ภาคใต้) ตะลูบ (ชาวบน-นครราชสีมา) ม่องโคล้ง (กะเหรี่ยง-กาญจนบุรี) มอดเล ส่ามอเกล (กะเหรี่ยง-แม่ฮ่องสอน) หมากแกง (ฉาน-แม่ฮ่องสอน) ซึงกัก ทงฮ้วยเฮียง (จีน),Tamarindus indica L.,LEGUMINOSAE-CAESALPINIOIDEAE (CAESALPINIACEAE),ไม้ต้น,ผลมีรสเปรี้ยวรับประทานได้,พื้นที่ศึกษาที่ 16 หอประชุม
7-31170-001-041/91,มะขาม ขาม (ภาคใต้) ตะลูบ (ชาวบน-นครราชสีมา) ม่องโคล้ง (กะเหรี่ยง-กาญจนบุรี) มอดเล ส่ามอเกล (กะเหรี่ยง-แม่ฮ่องสอน) หมากแกง (ฉาน-แม่ฮ่องสอน) ซึงกัก ทงฮ้วยเฮียง (จีน),Tamarindus indica L.,LEGUMINOSAE-CAESALPINIOIDEAE (CAESALPINIACEAE),ไม้ต้น,ผลมีรสเปรี้ยวรับประทานได้,พื้นที่ศึกษาที่ 16 หอประชุม
7-31170-001-041/92,มะขาม ขาม (ภาคใต้) ตะลูบ (ชาวบน-นครราชสีมา) ม่องโคล้ง (กะเหรี่ยง-กาญจนบุรี) มอดเล ส่ามอเกล (กะเหรี่ยง-แม่ฮ่องสอน) หมากแกง (ฉาน-แม่ฮ่องสอน) ซึงกัก ทงฮ้วยเฮียง (จีน),Tamarindus indica L.,LEGUMINOSAE-CAESALPINIOIDEAE (CAESALPINIACEAE),ไม้ต้น,ผลมีรสเปรี้ยวรับประทานได้,พื้นที่ศึกษาที่ 16 หอประชุม
7-31170-001-042/1,เอื้องทอง,Sanchezia speciosa Leonard,ACANTHACEAE,ไม้พุ่ม,ใบมีลายเป็นเส้นยาวไปทางปลายใบ ดอกสีส้มดอกที่ปลายยอดปลายกิ่ง,พื้นที่ศึกษาที่ 2 ทิศเหนือศูนย์สิ่งแวดล้อม
7-31170-001-042/2,เอื้องทอง,Sanchezia speciosa Leonard,ACANTHACEAE,ไม้พุ่ม,ใบมีลายเป็นเส้นยาวไปทางปลายใบ ดอกสีส้มดอกที่ปลายยอดปลายกิ่ง,พื้นที่ศึกษาที่ 2 ทิศเหนือศูนย์สิ่งแวดล้อม
7-31170-001-042/3,เอื้องทอง,Sanchezia speciosa Leonard,ACANTHACEAE,ไม้พุ่ม,ใบมีลายเป็นเส้นยาวไปทางปลายใบ ดอกสีส้มดอกที่ปลายยอดปลายกิ่ง,พื้นที่ศึกษาที่ 15 เตาเผาถ่าน
7-31170-001-043/1,มะยม หมากยม(อีสาน),Phyllanthus acidus (L.) Skeels,EUPHORBIACEAE,ไม้ต้น,ผลกลมแป้นมีลักษณะเป็นพู รสเปรี้ยว,พื้นที่ศึกษาที่ 2 ทิศเหนือศูนย์สิ่งแวดล้อม
7-31170-001-043/2,มะยม หมากยม(อีสาน),Phyllanthus acidus (L.) Skeels,EUPHORBIACEAE,ไม้ต้น,ผลกลมแป้นมีลักษณะเป็นพู รสเปรี้ยว,พื้นที่ศึกษาที่ 5 พื้นที่หลังอาคาร 1
7-31170-001-043/3,มะยม หมากยม(อีสาน),Phyllanthus acidus (L.) Skeels,EUPHORBIACEAE,ไม้ต้น,ผลกลมแป้นมีลักษณะเป็นพู รสเปรี้ยว,พื้นที่ศึกษาที่ 15 เตาเผาถ่าน
7-31170-001-044/1,วาสนา ประเดหวี มังกรหยก (กรุงเทพฯ),Dracaena fragrans (L.) Ker Gawl.,DRACAENACEAE,ไม้พุ่ม,ดอกเป็นช่อยาวมีกลิ่นหอม,พื้นที่ศึกษาที่ 2 ทิศเหนือศูนย์สิ่งแวดล้อม
7-31170-001-044/2,วาสนา ประเดหวี มังกรหยก (กรุงเทพฯ),Dracaena fragrans (L.) Ker Gawl.,DRACAENACEAE,ไม้พุ่ม,ดอกเป็นช่อยาวมีกลิ่นหอม,พื้นที่ศึกษาที่ 2 ทิศเหนือศูนย์สิ่งแวดล้อม
7-31170-001-044/3,วาสนา ประเดหวี มังกรหยก (กรุงเทพฯ),Dracaena fragrans (L.) Ker Gawl.,DRACAENACEAE,ไม้พุ่ม,ดอกเป็นช่อยาวมีกลิ่นหอม,พื้นที่ศึกษาที่ 2 ทิศเหนือศูนย์สิ่งแวดล้อม
7-31170-001-045/1,สาวน้อยประแป้ง,Dieffenbachia seguine (Jacq.) Schott var. seguine,ARACEAE,ไม้พุ่มขนาดเล็ก,ลำต้นอวบน้ำ ใบใหญ่มีประสีขาว,พื้นที่ศึกษาที่ 2 ทิศเหนือศูนย์สิ่งแวดล้อม
7-31170-001-045/2,สาวน้อยประแป้ง,Dieffenbachia seguine (Jacq.) Schott var. seguine,ARACEAE,ไม้พุ่มขนาดเล็ก,ลำต้นอวบน้ำ ใบใหญ่มีประสีขาว,พื้นที่ศึกษาที่ 8 บริเวณอาคาร 4
7-31170-001-045/3,สาวน้อยประแป้ง,Dieffenbachia seguine (Jacq.) Schott var. seguine,ARACEAE,ไม้พุ่มขนาดเล็ก,ลำต้นอวบน้ำ ใบใหญ่มีประสีขาว,พื้นที่ศึกษาที่ 16 หอประชุม
7-31170-001-046/1,หนวดปลาหมึก,Schefflera actinophylla (Endl.) Harms,ARALIACEAE,ไม้ต้น,ใบคล้ายนิ้วมือ,พื้นที่ศึกษาที่ 2 ทิศเหนือศูนย์สิ่งแวดล้อม
7-31170-001-046/2,หนวดปลาหมึก,Schefflera actinophylla (Endl.) Harms,ARALIACEAE,ไม้ต้น,ใบคล้ายนิ้วมือ,พื้นที่ศึกษาที่ 15 เตาเผาถ่าน
7-31170-001-046/3,หนวดปลาหมึก,Schefflera actinophylla (Endl.) Harms,ARALIACEAE,ไม้ต้น,ใบคล้ายนิ้วมือ,พื้นที่ศึกษาที่ 16 หอประชุม
7-31170-001-046/4,หนวดปลาหมึก,Schefflera actinophylla (Endl.) Harms,ARALIACEAE,ไม้ต้น,ใบคล้ายนิ้วมือ,พื้นที่ศึกษาที่ 16 หอประชุม
7-31170-001-046/5,หนวดปลาหมึก,Schefflera actinophylla (Endl.) Harms,ARALIACEAE,ไม้ต้น,ใบคล้ายนิ้วมือ,พื้นที่ศึกษาที่ 16 หอประชุม
7-31170-001-047,ไผ่ฟิลิปปินส์ด่าง,Dracaena surculosa Lindl. cv. Florida Beauty,DRACAENACEAE,ไม้พุ่ม,ใบมีจุดด่างสีขาว,พื้นที่ศึกษาที่ 2 ทิศเหนือศูนย์สิ่งแวดล้อม
7-31170-001-048/1,พลูด่าง พลูช้าง(เหนือ) พลูด่าง พลูฝรั่ง ราชินีหินอ่อน (กรุงเทพ),Epipremnum aureum Engl.,ARACEAE,ไม้เลื้อย,หน้าใบสีเขียวเป็นมัน รากออกตามข้อ,พื้นที่ศึกษาที่ 2 ทิศเหนือศูนย์สิ่งแวดล้อม
7-31170-001-048/2,พลูด่าง พลูช้าง(เหนือ) พลูด่าง พลูฝรั่ง ราชินีหินอ่อน (กรุงเทพ),Epipremnum aureum Engl.,ARACEAE,ไม้เลื้อย,หน้าใบสีเขียวเป็นมัน รากออกตามข้อ,พื้นที่ศึกษาที่ 8 บริเวณอาคาร 4
7-31170-001-049/1,หมากผู้หมากเมีย,Cordyline fruticosa (L.) Gopp.,AGAVACEAE,ไม้พุ่ม,ใบสีม่วง,พื้นที่ศึกษาที่ 2 ทิศเหนือศูนย์สิ่งแวดล้อม
7-31170-001-049/2,หมากผู้หมากเมีย,Cordyline fruticosa (L.) Gopp.,AGAVACEAE,ไม้พุ่ม,ใบสีม่วง,พื้นที่ศึกษาที่ 10 หน้าอาคาร 3
7-31170-001-050,เฟิร์นก้ามปู,Nephrolepis biserrata (Sw.) Schott,NEPHROLEPIDACEAE,เฟิร์น,ปลายใบมีแฉกคล้ายก้ามปู,พื้นที่ศึกษาที่ 3 ทิศตะวันตกเฉียงเหนือ ข้างอาคารเกษตร
7-31170-001-051/1,ขนุน มะหนุน (ภาคใต้ ภาคเหนือ) หมักหมี้ (ภาคตะวันออกเฉียงเหนือ) หมากลาง (เงี้ยว-แม่ฮ่องสอน),Artocarpus heterophyllus Lam.,MORACEAE,ไม้ต้น,ทุกส่วนมีน้ำยางขาวขุ่น เหนียว,พื้นที่ศึกษาที่ 3 ทิศตะวันตกเฉียงเหนือ ข้างอาคารเกษตร
7-31170-001-051/2,ขนุน มะหนุน (ภาคใต้ ภาคเหนือ) หมักหมี้ (ภาคตะวันออกเฉียงเหนือ) หมากลาง (เงี้ยว-แม่ฮ่องสอน),Artocarpus heterophyllus Lam.,MORACEAE,ไม้ต้น,ทุกส่วนมีน้ำยางขาวขุ่น เหนียว,พื้นที่ศึกษาที่ 3 ทิศตะวันตกเฉียงเหนือ ข้างอาคารเกษตร
7-31170-001-051/3,ขนุน มะหนุน (ภาคใต้ ภาคเหนือ) หมักหมี้ (ภาคตะวันออกเฉียงเหนือ) หมากลาง (เงี้ยว-แม่ฮ่องสอน),Artocarpus heterophyllus Lam.,MORACEAE,ไม้ต้น,ทุกส่วนมีน้ำยางขาวขุ่น เหนียว,พื้นที่ศึกษาที่ 7 หลังอาคาร 3
7-31170-001-051/4,ขนุน มะหนุน (ภาคใต้ ภาคเหนือ) หมักหมี้ (ภาคตะวันออกเฉียงเหนือ) หมากลาง (เงี้ยว-แม่ฮ่องสอน),Artocarpus heterophyllus Lam.,MORACEAE,ไม้ต้น,ทุกส่วนมีน้ำยางขาวขุ่น เหนียว,พื้นที่ศึกษาที่ 7 หลังอาคาร 3
7-31170-001-051/5,ขนุน มะหนุน (ภาคใต้ ภาคเหนือ) หมักหมี้ (ภาคตะวันออกเฉียงเหนือ) หมากลาง (เงี้ยว-แม่ฮ่องสอน),Artocarpus heterophyllus Lam.,MORACEAE,ไม้ต้น,ทุกส่วนมีน้ำยางขาวขุ่น เหนียว,พื้นที่ศึกษาที่ 7 หลังอาคาร 3
7-31170-001-051/6,ขนุน มะหนุน (ภาคใต้ ภาคเหนือ) หมักหมี้ (ภาคตะวันออกเฉียงเหนือ) หมากลาง (เงี้ยว-แม่ฮ่องสอน),Artocarpus heterophyllus Lam.,MORACEAE,ไม้ต้น,ทุกส่วนมีน้ำยางขาวขุ่น เหนียว,พื้นที่ศึกษาที่ 7 หลังอาคาร 3
7-31170-001-051/7,ขนุน มะหนุน (ภาคใต้ ภาคเหนือ) หมักหมี้ (ภาคตะวันออกเฉียงเหนือ) หมากลาง (เงี้ยว-แม่ฮ่องสอน),Artocarpus heterophyllus Lam.,MORACEAE,ไม้ต้น,ทุกส่วนมีน้ำยางขาวขุ่น เหนียว,พื้นที่ศึกษาที่ 7 หลังอาคาร 3
7-31170-001-051/8,ขนุน มะหนุน (ภาคใต้ ภาคเหนือ) หมักหมี้ (ภาคตะวันออกเฉียงเหนือ) หมากลาง (เงี้ยว-แม่ฮ่องสอน),Artocarpus heterophyllus Lam.,MORACEAE,ไม้ต้น,ทุกส่วนมีน้ำยางขาวขุ่น เหนียว,พื้นที่ศึกษาที่ 7 หลังอาคาร 3
7-31170-001-051/9,ขนุน มะหนุน (ภาคใต้ ภาคเหนือ) หมักหมี้ (ภาคตะวันออกเฉียงเหนือ) หมากลาง (เงี้ยว-แม่ฮ่องสอน),Artocarpus heterophyllus Lam.,MORACEAE,ไม้ต้น,ทุกส่วนมีน้ำยางขาวขุ่น เหนียว,พื้นที่ศึกษาที่ 14 บ้านพักครูทิศตะวันตก
7-31170-001-051/10,ขนุน มะหนุน (ภาคใต้ ภาคเหนือ) หมักหมี้ (ภาคตะวันออกเฉียงเหนือ) หมากลาง (เงี้ยว-แม่ฮ่องสอน),Artocarpus heterophyllus Lam.,MORACEAE,ไม้ต้น,ทุกส่วนมีน้ำยางขาวขุ่น เหนียว,พื้นที่ศึกษาที่ 14 บ้านพักครูทิศตะวันตก
7-31170-001-052/1,มะขามเทศ มะขามข้อง (แพร่),Pithecellobium dulce (Roxb.) Benth.,LEGUMINOSAE-MIMOSOIDEAE (MIMOSACEAE),ไม้ต้น,ผลกลมบิดเกือบเป็นวงกลม เมล็ดสีดำ ผลมีกลิ่นฉุน,พื้นที่ศึกษาที่ 3 ทิศตะวันตกเฉียงเหนือ ข้างอาคารเกษตร
7-31170-001-052/2,มะขามเทศ มะขามข้อง (แพร่),Pithecellobium dulce (Roxb.) Benth.,LEGUMINOSAE-MIMOSOIDEAE (MIMOSACEAE),ไม้ต้น,ผลกลมบิดเกือบเป็นวงกลม เมล็ดสีดำ ผลมีกลิ่นฉุน,พื้นที่ศึกษาที่ 3 ทิศตะวันตกเฉียงเหนือ ข้างอาคารเกษตร
7-31170-001-052/3,มะขามเทศ มะขามข้อง (แพร่),Pithecellobium dulce (Roxb.) Benth.,LEGUMINOSAE-MIMOSOIDEAE (MIMOSACEAE),ไม้ต้น,ผลกลมบิดเกือบเป็นวงกลม เมล็ดสีดำ ผลมีกลิ่นฉุน,พื้นที่ศึกษาที่ 3 ทิศตะวันตกเฉียงเหนือ ข้างอาคารเกษตร
7-31170-001-052/4,มะขามเทศ มะขามข้อง (แพร่),Pithecellobium dulce (Roxb.) Benth.,LEGUMINOSAE-MIMOSOIDEAE (MIMOSACEAE),ไม้ต้น,ผลกลมบิดเกือบเป็นวงกลม เมล็ดสีดำ ผลมีกลิ่นฉุน,พื้นที่ศึกษาที่ 6 หน้าอาคาร 1
7-31170-001-052/5,มะขามเทศ มะขามข้อง (แพร่),Pithecellobium dulce (Roxb.) Benth.,LEGUMINOSAE-MIMOSOIDEAE (MIMOSACEAE),ไม้ต้น,ผลกลมบิดเกือบเป็นวงกลม เมล็ดสีดำ ผลมีกลิ่นฉุน,พื้นที่ศึกษาที่ 11 สวนกาญจนาภิเษก
7-31170-001-052/6,มะขามเทศ มะขามข้อง (แพร่),Pithecellobium dulce (Roxb.) Benth.,LEGUMINOSAE-MIMOSOIDEAE (MIMOSACEAE),ไม้ต้น,ผลกลมบิดเกือบเป็นวงกลม เมล็ดสีดำ ผลมีกลิ่นฉุน,พื้นที่ศึกษาที่ 17 สนามฟุตบอล
7-31170-001-053/1,มะค่าแต้ หมากแต้ (อีสาน),Sindora siamensis Teijsm. & Miq.,LEGUMINOSAE-CAESALPINIOIDEAE (CAESALPINIACEAE),ไม้ต้น,เปลือกผลมีหนาม,พื้นที่ศึกษาที่ 3 ทิศตะวันตกเฉียงเหนือ ข้างอาคารเกษตร
7-31170-001-053/2,มะค่าแต้ หมากแต้ (อีสาน),Sindora siamensis Teijsm. & Miq.,LEGUMINOSAE-CAESALPINIOIDEAE (CAESALPINIACEAE),ไม้ต้น,เปลือกผลมีหนาม,พื้นที่ศึกษาที่ 3 ทิศตะวันตกเฉียงเหนือ ข้างอาคารเกษตร
7-31170-001-053/3,มะค่าแต้ หมากแต้ (อีสาน),Sindora siamensis Teijsm. & Miq.,LEGUMINOSAE-CAESALPINIOIDEAE (CAESALPINIACEAE),ไม้ต้น,เปลือกผลมีหนาม,พื้นที่ศึกษาที่ 4 ทิศตะวันตกอาคารเกษตร
7-31170-001-053/4,มะค่าแต้ หมากแต้ (อีสาน),Sindora siamensis Teijsm. & Miq.,LEGUMINOSAE-CAESALPINIOIDEAE (CAESALPINIACEAE),ไม้ต้น,เปลือกผลมีหนาม,พื้นที่ศึกษาที่ 4 ทิศตะวันตกอาคารเกษตร
7-31170-001-053/5,มะค่าแต้ หมากแต้ (อีสาน),Sindora siamensis Teijsm. & Miq.,LEGUMINOSAE-CAESALPINIOIDEAE (CAESALPINIACEAE),ไม้ต้น,เปลือกผลมีหนาม,พื้นที่ศึกษาที่ 4 ทิศตะวันตกอาคารเกษตร
7-31170-001-053/6,มะค่าแต้ หมากแต้ (อีสาน),Sindora siamensis Teijsm. & Miq.,LEGUMINOSAE-CAESALPINIOIDEAE (CAESALPINIACEAE),ไม้ต้น,เปลือกผลมีหนาม,พื้นที่ศึกษาที่ 4 ทิศตะวันตกอาคารเกษตร
7-31170-001-053/7,มะค่าแต้ หมากแต้ (อีสาน),Sindora siamensis Teijsm. & Miq.,LEGUMINOSAE-CAESALPINIOIDEAE (CAESALPINIACEAE),ไม้ต้น,เปลือกผลมีหนาม,พื้นที่ศึกษาที่ 7 หลังอาคาร 3
7-31170-001-054/1,คัดเค้า คัดเค้าเครือ (นครราชสีมา) คัดเค้าหนาม (ชัยภูมิ) พญาเท้าเอว (กาญจนบุรี) เค็ดเค้า (ภาคเหนือ) หนามลิดเค้า (เชียงใหม่),Oxyceros horridus Lour.,RUBIACEAE,ไม้เลื้อย,ตามลำต้นและกิ่งมีหนาม ดอกหอม,พื้นที่ศึกษาที่ 3 ทิศตะวันตกเฉียงเหนือ ข้างอาคารเกษตร
7-31170-001-054/2,คัดเค้า คัดเค้าเครือ (นครราชสีมา) คัดเค้าหนาม (ชัยภูมิ) พญาเท้าเอว (กาญจนบุรี) เค็ดเค้า (ภาคเหนือ) หนามลิดเค้า (เชียงใหม่),Oxyceros horridus Lour.,RUBIACEAE,ไม้เลื้อย,ตามลำต้นและกิ่งมีหนาม ดอกหอม,พื้นที่ศึกษาที่ 4 ทิศตะวันตกอาคารเกษตร
7-31170-001-054/3,คัดเค้า คัดเค้าเครือ (นครราชสีมา) คัดเค้าหนาม (ชัยภูมิ) พญาเท้าเอว (กาญจนบุรี) เค็ดเค้า (ภาคเหนือ) หนามลิดเค้า (เชียงใหม่),Oxyceros horridus Lour.,RUBIACEAE,ไม้เลื้อย,ตามลำต้นและกิ่งมีหนาม ดอกหอม,พื้นที่ศึกษาที่ 14 บ้านพักครูทิศตะวันตก
7-31170-001-055/1,ชงโค เสี้ยวดอกแดง (ภาคเหนือ) เสี้ยวหวาน (แม่ฮ่องสอน),Bauhinia purpurea L.,LEGUMINOSAE-CAESALPINIOIDEAE (CAESALPINIACEAE),ไม้ต้น,ดอกสีชมพู ผลเป็นฝักแบน,พื้นที่ศึกษาที่ 3 ทิศตะวันตกเฉียงเหนือ ข้างอาคารเกษตร
7-31170-001-055/2,ชงโค เสี้ยวดอกแดง (ภาคเหนือ) เสี้ยวหวาน (แม่ฮ่องสอน),Bauhinia purpurea L.,LEGUMINOSAE-CAESALPINIOIDEAE (CAESALPINIACEAE),ไม้ต้น,ดอกสีชมพู ผลเป็นฝักแบน,พื้นที่ศึกษาที่ 16 หอประชุม
7-31170-001-056/1,มะนาวผี กรูดเปรย กรูดผี กะนาวผี,Atalantia monophylla (DC.) Correa,RUTACEAE,ไม้ต้น,ผลกลมคล้ายมะนาว แต่ขนาด เท่าหัวแม่มือ ลำต้นและกิ่งมีหนาม,พื้นที่ศึกษาที่ 3 ทิศตะวันตกเฉียงเหนือ ข้างอาคารเกษตร
7-31170-001-056/2,มะนาวผี กรูดเปรย กรูดผี กะนาวผี,Atalantia monophylla (DC.) Correa,RUTACEAE,ไม้ต้น,ผลกลมคล้ายมะนาว แต่ขนาด เท่าหัวแม่มือ ลำต้นและกิ่งมีหนาม,พื้นที่ศึกษาที่ 3 ทิศตะวันตกเฉียงเหนือ ข้างอาคารเกษตร
7-31170-001-056/3,มะนาวผี กรูดเปรย กรูดผี กะนาวผี,Atalantia monophylla (DC.) Correa,RUTACEAE,ไม้ต้น,ผลกลมคล้ายมะนาว แต่ขนาด เท่าหัวแม่มือ ลำต้นและกิ่งมีหนาม,พื้นที่ศึกษาที่ 3 ทิศตะวันตกเฉียงเหนือ ข้างอาคารเกษตร
7-31170-001-056/4,มะนาวผี กรูดเปรย กรูดผี กะนาวผี,Atalantia monophylla (DC.) Correa,RUTACEAE,ไม้ต้น,ผลกลมคล้ายมะนาว แต่ขนาด เท่าหัวแม่มือ ลำต้นและกิ่งมีหนาม,พื้นที่ศึกษาที่ 8 บริเวณอาคาร 4
7-31170-001-056/5,มะนาวผี กรูดเปรย กรูดผี กะนาวผี,Atalantia monophylla (DC.) Correa,RUTACEAE,ไม้ต้น,ผลกลมคล้ายมะนาว แต่ขนาด เท่าหัวแม่มือ ลำต้นและกิ่งมีหนาม,พื้นที่ศึกษาที่ 16 หอประชุม
7-31170-001-057/1,จามจุรี ก้ามกราม ก้ามกุ้ง ก้ามปู (ภาคกลาง) ฉำฉา ลัง สารสา สำสา ตุ๊ดตู่ (ภาคเหนือ),Samanea saman (Jacq.) Merr.,LEGUMINOSAE-MIMOSOIDEAE (MIMOSACEAE),ไม้ต้น,ทรงพุ่มใหญ่ เปลือกลำต้นแตก เป็นสะเก็ด ผลเป็นฝักสีดำ,พื้นที่ศึกษาที่ 3 ทิศตะวันตกเฉียงเหนือ ข้างอาคารเกษตร
7-31170-001-057/2,จามจุรี ก้ามกราม ก้ามกุ้ง ก้ามปู (ภาคกลาง) ฉำฉา ลัง สารสา สำสา ตุ๊ดตู่ (ภาคเหนือ),Samanea saman (Jacq.) Merr.,LEGUMINOSAE-MIMOSOIDEAE (MIMOSACEAE),ไม้ต้น,ทรงพุ่มใหญ่ เปลือกลำต้นแตก เป็นสะเก็ด ผลเป็นฝักสีดำ,พื้นที่ศึกษาที่ 3 ทิศตะวันตกเฉียงเหนือ ข้างอาคารเกษตร
7-31170-001-057/3,จามจุรี ก้ามกราม ก้ามกุ้ง ก้ามปู (ภาคกลาง) ฉำฉา ลัง สารสา สำสา ตุ๊ดตู่ (ภาคเหนือ),Samanea saman (Jacq.) Merr.,LEGUMINOSAE-MIMOSOIDEAE (MIMOSACEAE),ไม้ต้น,ทรงพุ่มใหญ่ เปลือกลำต้นแตก เป็นสะเก็ด ผลเป็นฝักสีดำ,พื้นที่ศึกษาที่ 5 พื้นที่หลังอาคาร 1
7-31170-001-057/4,จามจุรี ก้ามกราม ก้ามกุ้ง ก้ามปู (ภาคกลาง) ฉำฉา ลัง สารสา สำสา ตุ๊ดตู่ (ภาคเหนือ),Samanea saman (Jacq.) Merr.,LEGUMINOSAE-MIMOSOIDEAE (MIMOSACEAE),ไม้ต้น,ทรงพุ่มใหญ่ เปลือกลำต้นแตก เป็นสะเก็ด ผลเป็นฝักสีดำ,พื้นที่ศึกษาที่ 5 พื้นที่หลังอาคาร 1
7-31170-001-057/5,จามจุรี ก้ามกราม ก้ามกุ้ง ก้ามปู (ภาคกลาง) ฉำฉา ลัง สารสา สำสา ตุ๊ดตู่ (ภาคเหนือ),Samanea saman (Jacq.) Merr.,LEGUMINOSAE-MIMOSOIDEAE (MIMOSACEAE),ไม้ต้น,ทรงพุ่มใหญ่ เปลือกลำต้นแตก เป็นสะเก็ด ผลเป็นฝักสีดำ,พื้นที่ศึกษาที่ 8 บริเวณอาคาร 4
7-31170-001-057/6,จามจุรี ก้ามกราม ก้ามกุ้ง ก้ามปู (ภาคกลาง) ฉำฉา ลัง สารสา สำสา ตุ๊ดตู่ (ภาคเหนือ),Samanea saman (Jacq.) Merr.,LEGUMINOSAE-MIMOSOIDEAE (MIMOSACEAE),ไม้ต้น,ทรงพุ่มใหญ่ เปลือกลำต้นแตก เป็นสะเก็ด ผลเป็นฝักสีดำ,พื้นที่ศึกษาที่ 8 บริเวณอาคาร 4
7-31170-001-057/7,จามจุรี ก้ามกราม ก้ามกุ้ง ก้ามปู (ภาคกลาง) ฉำฉา ลัง สารสา สำสา ตุ๊ดตู่ (ภาคเหนือ),Samanea saman (Jacq.) Merr.,LEGUMINOSAE-MIMOSOIDEAE (MIMOSACEAE),ไม้ต้น,ทรงพุ่มใหญ่ เปลือกลำต้นแตก เป็นสะเก็ด ผลเป็นฝักสีดำ,พื้นที่ศึกษาที่ 8 บริเวณอาคาร 4
7-31170-001-057/8,จามจุรี ก้ามกราม ก้ามกุ้ง ก้ามปู (ภาคกลาง) ฉำฉา ลัง สารสา สำสา ตุ๊ดตู่ (ภาคเหนือ),Samanea saman (Jacq.) Merr.,LEGUMINOSAE-MIMOSOIDEAE (MIMOSACEAE),ไม้ต้น,ทรงพุ่มใหญ่ เปลือกลำต้นแตก เป็นสะเก็ด ผลเป็นฝักสีดำ,พื้นที่ศึกษาที่ 11 สวนกาญจนาภิเษก
7-31170-001-057/9,จามจุรี ก้ามกราม ก้ามกุ้ง ก้ามปู (ภาคกลาง) ฉำฉา ลัง สารสา สำสา ตุ๊ดตู่ (ภาคเหนือ),Samanea saman (Jacq.) Merr.,LEGUMINOSAE-MIMOSOIDEAE (MIMOSACEAE),ไม้ต้น,ทรงพุ่มใหญ่ เปลือกลำต้นแตก เป็นสะเก็ด ผลเป็นฝักสีดำ,พื้นที่ศึกษาที่ 14 บ้านพักครูทิศตะวันตก
7-31170-001-057/10,จามจุรี ก้ามกราม ก้ามกุ้ง ก้ามปู (ภาคกลาง) ฉำฉา ลัง สารสา สำสา ตุ๊ดตู่ (ภาคเหนือ),Samanea saman (Jacq.) Merr.,LEGUMINOSAE-MIMOSOIDEAE (MIMOSACEAE),ไม้ต้น,ทรงพุ่มใหญ่ เปลือกลำต้นแตก เป็นสะเก็ด ผลเป็นฝักสีดำ,พื้นที่ศึกษาที่ 16 หอประชุม
7-31170-001-057/11,จามจุรี ก้ามกราม ก้ามกุ้ง ก้ามปู (ภาคกลาง) ฉำฉา ลัง สารสา สำสา ตุ๊ดตู่ (ภาคเหนือ),Samanea saman (Jacq.) Merr.,LEGUMINOSAE-MIMOSOIDEAE (MIMOSACEAE),ไม้ต้น,ทรงพุ่มใหญ่ เปลือกลำต้นแตก เป็นสะเก็ด ผลเป็นฝักสีดำ,พื้นที่ศึกษาที่ 16 หอประชุม
7-31170-001-057/12,จามจุรี ก้ามกราม ก้ามกุ้ง ก้ามปู (ภาคกลาง) ฉำฉา ลัง สารสา สำสา ตุ๊ดตู่ (ภาคเหนือ),Samanea saman (Jacq.) Merr.,LEGUMINOSAE-MIMOSOIDEAE (MIMOSACEAE),ไม้ต้น,ทรงพุ่มใหญ่ เปลือกลำต้นแตก เป็นสะเก็ด ผลเป็นฝักสีดำ,พื้นที่ศึกษาที่ 16 หอประชุม
7-31170-001-057/13,จามจุรี ก้ามกราม ก้ามกุ้ง ก้ามปู (ภาคกลาง) ฉำฉา ลัง สารสา สำสา ตุ๊ดตู่ (ภาคเหนือ),Samanea saman (Jacq.) Merr.,LEGUMINOSAE-MIMOSOIDEAE (MIMOSACEAE),ไม้ต้น,ทรงพุ่มใหญ่ เปลือกลำต้นแตก เป็นสะเก็ด ผลเป็นฝักสีดำ,พื้นที่ศึกษาที่ 16 หอประชุม
7-31170-001-057/14,จามจุรี ก้ามกราม ก้ามกุ้ง ก้ามปู (ภาคกลาง) ฉำฉา ลัง สารสา สำสา ตุ๊ดตู่ (ภาคเหนือ),Samanea saman (Jacq.) Merr.,LEGUMINOSAE-MIMOSOIDEAE (MIMOSACEAE),ไม้ต้น,ทรงพุ่มใหญ่ เปลือกลำต้นแตก เป็นสะเก็ด ผลเป็นฝักสีดำ,พื้นที่ศึกษาที่ 16 หอประชุม
7-31170-001-057/15,จามจุรี ก้ามกราม ก้ามกุ้ง ก้ามปู (ภาคกลาง) ฉำฉา ลัง สารสา สำสา ตุ๊ดตู่ (ภาคเหนือ),Samanea saman (Jacq.) Merr.,LEGUMINOSAE-MIMOSOIDEAE (MIMOSACEAE),ไม้ต้น,ทรงพุ่มใหญ่ เปลือกลำต้นแตก เป็นสะเก็ด ผลเป็นฝักสีดำ,พื้นที่ศึกษาที่ 16 หอประชุม
7-31170-001-058/1,ทะลอก กระท้อนลอก (ตราด) จัดจั๊ด (ลำปาง) ตะเลาะ เหลอะ (ส่วย-สุรินทร์) ตะโลก (เขมร-สุรินทร์) ท่าลอก (พิษณุโลก นครราชสีมา ปราจีนบุรี),Parinari anamense Hance,CHRYSOBALANACEAE,ไม้ต้น,หน้าใบสีเขียว หลังใบสีขาวนวล ผลคล้ายลูกละมุดไทย,พื้นที่ศึกษาที่ 3 ทิศตะวันตกเฉียงเหนือ ข้างอาคารเกษตร
7-31170-001-058/2,ทะลอก กระท้อนลอก (ตราด) จัดจั๊ด (ลำปาง) ตะเลาะ เหลอะ (ส่วย-สุรินทร์) ตะโลก (เขมร-สุรินทร์) ท่าลอก (พิษณุโลก นครราชสีมา ปราจีนบุรี),Parinari anamense Hance,CHRYSOBALANACEAE,ไม้ต้น,หน้าใบสีเขียว หลังใบสีขาวนวล ผลคล้ายลูกละมุดไทย,พื้นที่ศึกษาที่ 3 ทิศตะวันตกเฉียงเหนือ ข้างอาคารเกษตร
7-31170-001-058/3,ทะลอก กระท้อนลอก (ตราด) จัดจั๊ด (ลำปาง) ตะเลาะ เหลอะ (ส่วย-สุรินทร์) ตะโลก (เขมร-สุรินทร์) ท่าลอก (พิษณุโลก นครราชสีมา ปราจีนบุรี),Parinari anamense Hance,CHRYSOBALANACEAE,ไม้ต้น,หน้าใบสีเขียว หลังใบสีขาวนวล ผลคล้ายลูกละมุดไทย,พื้นที่ศึกษาที่ 3 ทิศตะวันตกเฉียงเหนือ ข้างอาคารเกษตร
7-31170-001-058/4,ทะลอก กระท้อนลอก (ตราด) จัดจั๊ด (ลำปาง) ตะเลาะ เหลอะ (ส่วย-สุรินทร์) ตะโลก (เขมร-สุรินทร์) ท่าลอก (พิษณุโลก นครราชสีมา ปราจีนบุรี),Parinari anamense Hance,CHRYSOBALANACEAE,ไม้ต้น,หน้าใบสีเขียว หลังใบสีขาวนวล ผลคล้ายลูกละมุดไทย,พื้นที่ศึกษาที่ 3 ทิศตะวันตกเฉียงเหนือ ข้างอาคารเกษตร
7-31170-001-058/5,ทะลอก กระท้อนลอก (ตราด) จัดจั๊ด (ลำปาง) ตะเลาะ เหลอะ (ส่วย-สุรินทร์) ตะโลก (เขมร-สุรินทร์) ท่าลอก (พิษณุโลก นครราชสีมา ปราจีนบุรี),Parinari anamense Hance,CHRYSOBALANACEAE,ไม้ต้น,หน้าใบสีเขียว หลังใบสีขาวนวล ผลคล้ายลูกละมุดไทย,พื้นที่ศึกษาที่ 5 พื้นที่หลังอาคาร 1
7-31170-001-058/6,ทะลอก กระท้อนลอก (ตราด) จัดจั๊ด (ลำปาง) ตะเลาะ เหลอะ (ส่วย-สุรินทร์) ตะโลก (เขมร-สุรินทร์) ท่าลอก (พิษณุโลก นครราชสีมา ปราจีนบุรี),Parinari anamense Hance,CHRYSOBALANACEAE,ไม้ต้น,หน้าใบสีเขียว หลังใบสีขาวนวล ผลคล้ายลูกละมุดไทย,พื้นที่ศึกษาที่ 10 หน้าอาคาร 3
7-31170-001-058/7,ทะลอก กระท้อนลอก (ตราด) จัดจั๊ด (ลำปาง) ตะเลาะ เหลอะ (ส่วย-สุรินทร์) ตะโลก (เขมร-สุรินทร์) ท่าลอก (พิษณุโลก นครราชสีมา ปราจีนบุรี),Parinari anamense Hance,CHRYSOBALANACEAE,ไม้ต้น,หน้าใบสีเขียว หลังใบสีขาวนวล ผลคล้ายลูกละมุดไทย,พื้นที่ศึกษาที่ 17 สนามฟุตบอล
7-31170-001-058/8,ทะลอก กระท้อนลอก (ตราด) จัดจั๊ด (ลำปาง) ตะเลาะ เหลอะ (ส่วย-สุรินทร์) ตะโลก (เขมร-สุรินทร์) ท่าลอก (พิษณุโลก นครราชสีมา ปราจีนบุรี),Parinari anamense Hance,CHRYSOBALANACEAE,ไม้ต้น,หน้าใบสีเขียว หลังใบสีขาวนวล ผลคล้ายลูกละมุดไทย,พื้นที่ศึกษาที่ 17 สนามฟุตบอล
7-31170-001-058/9,ทะลอก กระท้อนลอก (ตราด) จัดจั๊ด (ลำปาง) ตะเลาะ เหลอะ (ส่วย-สุรินทร์) ตะโลก (เขมร-สุรินทร์) ท่าลอก (พิษณุโลก นครราชสีมา ปราจีนบุรี),Parinari anamense Hance,CHRYSOBALANACEAE,ไม้ต้น,หน้าใบสีเขียว หลังใบสีขาวนวล ผลคล้ายลูกละมุดไทย,พื้นที่ศึกษาที่ 17 สนามฟุตบอล
7-31170-001-058/10,ทะลอก กระท้อนลอก (ตราด) จัดจั๊ด (ลำปาง) ตะเลาะ เหลอะ (ส่วย-สุรินทร์) ตะโลก (เขมร-สุรินทร์) ท่าลอก (พิษณุโลก นครราชสีมา ปราจีนบุรี),Parinari anamense Hance,CHRYSOBALANACEAE,ไม้ต้น,หน้าใบสีเขียว หลังใบสีขาวนวล ผลคล้ายลูกละมุดไทย,พื้นที่ศึกษาที่ 17 สนามฟุตบอล
7-31170-001-059/1,การเวก กระดังงาจีน (ภาคกลาง) สะบันงาจีน (ภาคเหนือ),Artabotrys hexapetalus (L.f.) Bhandari,ANNONACEAE,ไม้เลื้อย,ตามลำต้นมีหนาม ดอกหอม,พื้นที่ศึกษาที่ 3 ทิศตะวันตกเฉียงเหนือ ข้างอาคารเกษตร
7-31170-001-059/2,การเวก กระดังงาจีน (ภาคกลาง) สะบันงาจีน (ภาคเหนือ),Artabotrys hexapetalus (L.f.) Bhandari,ANNONACEAE,ไม้เลื้อย,ตามลำต้นมีหนาม ดอกหอม,พื้นที่ศึกษาที่ 4 ทิศตะวันตกอาคารเกษตร
7-31170-001-059/3,การเวก กระดังงาจีน (ภาคกลาง) สะบันงาจีน (ภาคเหนือ),Artabotrys hexapetalus (L.f.) Bhandari,ANNONACEAE,ไม้เลื้อย,ตามลำต้นมีหนาม ดอกหอม,พื้นที่ศึกษาที่ 5 พื้นที่หลังอาคาร 1
7-31170-001-059/4,การเวก กระดังงาจีน (ภาคกลาง) สะบันงาจีน (ภาคเหนือ),Artabotrys hexapetalus (L.f.) Bhandari,ANNONACEAE,ไม้เลื้อย,ตามลำต้นมีหนาม ดอกหอม,พื้นที่ศึกษาที่ 5 พื้นที่หลังอาคาร 1
7-31170-001-059/5,การเวก กระดังงาจีน (ภาคกลาง) สะบันงาจีน (ภาคเหนือ),Artabotrys hexapetalus (L.f.) Bhandari,ANNONACEAE,ไม้เลื้อย,ตามลำต้นมีหนาม ดอกหอม,พื้นที่ศึกษาที่ 5 พื้นที่หลังอาคาร 1
7-31170-001-059/6,การเวก กระดังงาจีน (ภาคกลาง) สะบันงาจีน (ภาคเหนือ),Artabotrys hexapetalus (L.f.) Bhandari,ANNONACEAE,ไม้เลื้อย,ตามลำต้นมีหนาม ดอกหอม,พื้นที่ศึกษาที่ 5 พื้นที่หลังอาคาร 1
7-31170-001-059/7,การเวก กระดังงาจีน (ภาคกลาง) สะบันงาจีน (ภาคเหนือ),Artabotrys hexapetalus (L.f.) Bhandari,ANNONACEAE,ไม้เลื้อย,ตามลำต้นมีหนาม ดอกหอม,พื้นที่ศึกษาที่ 5 พื้นที่หลังอาคาร 1
7-31170-001-059/8,การเวก กระดังงาจีน (ภาคกลาง) สะบันงาจีน (ภาคเหนือ),Artabotrys hexapetalus (L.f.) Bhandari,ANNONACEAE,ไม้เลื้อย,ตามลำต้นมีหนาม ดอกหอม,พื้นที่ศึกษาที่ 11 สวนกาญจนาภิเษก
7-31170-001-059/9,การเวก กระดังงาจีน (ภาคกลาง) สะบันงาจีน (ภาคเหนือ),Artabotrys hexapetalus (L.f.) Bhandari,ANNONACEAE,ไม้เลื้อย,ตามลำต้นมีหนาม ดอกหอม,พื้นที่ศึกษาที่ 11 สวนกาญจนาภิเษก
7-31170-001-060/1,เฟิร์นใบทอง,Nephrolepis sp.,NEPHROLEPIDACEAE,เฟิร์น,ใบแก่สีเขียวอ่อน ใบอ่อนม้วนงอ,พื้นที่ศึกษาที่ 3 ทิศตะวันตกเฉียงเหนือ ข้างอาคารเกษตร
7-31170-001-060/2,เฟิร์นใบทอง,Nephrolepis sp.,NEPHROLEPIDACEAE,เฟิร์น,ใบแก่สีเขียวอ่อน ใบอ่อนม้วนงอ,พื้นที่ศึกษาที่ 8 บริเวณอาคาร 4
7-31170-001-061/1,สนวน กระพี้ (ลำปาง) กระพี้โพรง (ราชบุรี) สนวน (กลาง) ไฮปันชั้น (ลำปาง),Dalbergia nigrescens Kurz,LEGUMINOSAE-PAPILIONOIDEAE,ไม้ต้น,ดอกสีขาว ดอกแบบถั่ว ออกเป็นช่อ แบบช่อแยกแขนงที่ซอกใบ ใกล้ปลายกิ่งผลเป็นฝักแห้งแบน รูปขอบขนาน ปลายและ โคนมน แห้งดำไม่แตก,พื้นที่ศึกษาที่ 3 ทิศตะวันตกเฉียงเหนือ ข้างอาคารเกษตร
7-31170-001-061/2,สนวน กระพี้ (ลำปาง) กระพี้โพรง (ราชบุรี) สนวน (กลาง) ไฮปันชั้น (ลำปาง),Dalbergia nigrescens Kurz,LEGUMINOSAE-PAPILIONOIDEAE,ไม้ต้น,ดอกสีขาว ดอกแบบถั่ว ออกเป็นช่อ แบบช่อแยกแขนงที่ซอกใบ ใกล้ปลายกิ่งผลเป็นฝักแห้งแบน รูปขอบขนาน ปลายและ โคนมน แห้งดำไม่แตก,พื้นที่ศึกษาที่ 3 ทิศตะวันตกเฉียงเหนือ ข้างอาคารเกษตร
7-31170-001-061/3,สนวน กระพี้ (ลำปาง) กระพี้โพรง (ราชบุรี) สนวน (กลาง) ไฮปันชั้น (ลำปาง),Dalbergia nigrescens Kurz,LEGUMINOSAE-PAPILIONOIDEAE,ไม้ต้น,ดอกสีขาว ดอกแบบถั่ว ออกเป็นช่อ แบบช่อแยกแขนงที่ซอกใบ ใกล้ปลายกิ่งผลเป็นฝักแห้งแบน รูปขอบขนาน ปลายและ โคนมน แห้งดำไม่แตก,พื้นที่ศึกษาที่ 4 ทิศตะวันตกอาคารเกษตร
7-31170-001-061/4,สนวน กระพี้ (ลำปาง) กระพี้โพรง (ราชบุรี) สนวน (กลาง) ไฮปันชั้น (ลำปาง),Dalbergia nigrescens Kurz,LEGUMINOSAE-PAPILIONOIDEAE,ไม้ต้น,ดอกสีขาว ดอกแบบถั่ว ออกเป็นช่อ แบบช่อแยกแขนงที่ซอกใบ ใกล้ปลายกิ่งผลเป็นฝักแห้งแบน รูปขอบขนาน ปลายและ โคนมน แห้งดำไม่แตก,พื้นที่ศึกษาที่ 4 ทิศตะวันตกอาคารเกษตร
7-31170-001-061/5,สนวน กระพี้ (ลำปาง) กระพี้โพรง (ราชบุรี) สนวน (กลาง) ไฮปันชั้น (ลำปาง),Dalbergia nigrescens Kurz,LEGUMINOSAE-PAPILIONOIDEAE,ไม้ต้น,ดอกสีขาว ดอกแบบถั่ว ออกเป็นช่อ แบบช่อแยกแขนงที่ซอกใบ ใกล้ปลายกิ่งผลเป็นฝักแห้งแบน รูปขอบขนาน ปลายและ โคนมน แห้งดำไม่แตก,พื้นที่ศึกษาที่ 4 ทิศตะวันตกอาคารเกษตร
7-31170-001-061/6,สนวน กระพี้ (ลำปาง) กระพี้โพรง (ราชบุรี) สนวน (กลาง) ไฮปันชั้น (ลำปาง),Dalbergia nigrescens Kurz,LEGUMINOSAE-PAPILIONOIDEAE,ไม้ต้น,ดอกสีขาว ดอกแบบถั่ว ออกเป็นช่อ แบบช่อแยกแขนงที่ซอกใบ ใกล้ปลายกิ่งผลเป็นฝักแห้งแบน รูปขอบขนาน ปลายและ โคนมน แห้งดำไม่แตก,พื้นที่ศึกษาที่ 4 ทิศตะวันตกอาคารเกษตร
7-31170-001-061/7,สนวน กระพี้ (ลำปาง) กระพี้โพรง (ราชบุรี) สนวน (กลาง) ไฮปันชั้น (ลำปาง),Dalbergia nigrescens Kurz,LEGUMINOSAE-PAPILIONOIDEAE,ไม้ต้น,ดอกสีขาว ดอกแบบถั่ว ออกเป็นช่อ แบบช่อแยกแขนงที่ซอกใบ ใกล้ปลายกิ่งผลเป็นฝักแห้งแบน รูปขอบขนาน ปลายและ โคนมน แห้งดำไม่แตก,พื้นที่ศึกษาที่ 5 พื้นที่หลังอาคาร 1
7-31170-001-061/8,สนวน กระพี้ (ลำปาง) กระพี้โพรง (ราชบุรี) สนวน (กลาง) ไฮปันชั้น (ลำปาง),Dalbergia nigrescens Kurz,LEGUMINOSAE-PAPILIONOIDEAE,ไม้ต้น,ดอกสีขาว ดอกแบบถั่ว ออกเป็นช่อ แบบช่อแยกแขนงที่ซอกใบ ใกล้ปลายกิ่งผลเป็นฝักแห้งแบน รูปขอบขนาน ปลายและ โคนมน แห้งดำไม่แตก,พื้นที่ศึกษาที่ 5 พื้นที่หลังอาคาร 1
7-31170-001-061/9,สนวน กระพี้ (ลำปาง) กระพี้โพรง (ราชบุรี) สนวน (กลาง) ไฮปันชั้น (ลำปาง),Dalbergia nigrescens Kurz,LEGUMINOSAE-PAPILIONOIDEAE,ไม้ต้น,ดอกสีขาว ดอกแบบถั่ว ออกเป็นช่อ แบบช่อแยกแขนงที่ซอกใบ ใกล้ปลายกิ่งผลเป็นฝักแห้งแบน รูปขอบขนาน ปลายและ โคนมน แห้งดำไม่แตก,พื้นที่ศึกษาที่ 5 พื้นที่หลังอาคาร 1
7-31170-001-061/10,สนวน กระพี้ (ลำปาง) กระพี้โพรง (ราชบุรี) สนวน (กลาง) ไฮปันชั้น (ลำปาง),Dalbergia nigrescens Kurz,LEGUMINOSAE-PAPILIONOIDEAE,ไม้ต้น,ดอกสีขาว ดอกแบบถั่ว ออกเป็นช่อ แบบช่อแยกแขนงที่ซอกใบ ใกล้ปลายกิ่งผลเป็นฝักแห้งแบน รูปขอบขนาน ปลายและ โคนมน แห้งดำไม่แตก,พื้นที่ศึกษาที่ 5 พื้นที่หลังอาคาร 1
7-31170-001-061/11,สนวน กระพี้ (ลำปาง) กระพี้โพรง (ราชบุรี) สนวน (กลาง) ไฮปันชั้น (ลำปาง),Dalbergia nigrescens Kurz,LEGUMINOSAE-PAPILIONOIDEAE,ไม้ต้น,ดอกสีขาว ดอกแบบถั่ว ออกเป็นช่อ แบบช่อแยกแขนงที่ซอกใบ ใกล้ปลายกิ่งผลเป็นฝักแห้งแบน รูปขอบขนาน ปลายและ โคนมน แห้งดำไม่แตก,พื้นที่ศึกษาที่ 5 พื้นที่หลังอาคาร 1
7-31170-001-061/12,สนวน กระพี้ (ลำปาง) กระพี้โพรง (ราชบุรี) สนวน (กลาง) ไฮปันชั้น (ลำปาง),Dalbergia nigrescens Kurz,LEGUMINOSAE-PAPILIONOIDEAE,ไม้ต้น,ดอกสีขาว ดอกแบบถั่ว ออกเป็นช่อ แบบช่อแยกแขนงที่ซอกใบ ใกล้ปลายกิ่งผลเป็นฝักแห้งแบน รูปขอบขนาน ปลายและ โคนมน แห้งดำไม่แตก,พื้นที่ศึกษาที่ 5 พื้นที่หลังอาคาร 1
7-31170-001-061/13,สนวน กระพี้ (ลำปาง) กระพี้โพรง (ราชบุรี) สนวน (กลาง) ไฮปันชั้น (ลำปาง),Dalbergia nigrescens Kurz,LEGUMINOSAE-PAPILIONOIDEAE,ไม้ต้น,ดอกสีขาว ดอกแบบถั่ว ออกเป็นช่อ แบบช่อแยกแขนงที่ซอกใบ ใกล้ปลายกิ่งผลเป็นฝักแห้งแบน รูปขอบขนาน ปลายและ โคนมน แห้งดำไม่แตก,พื้นที่ศึกษาที่ 5 พื้นที่หลังอาคาร 1
7-31170-001-061/14,สนวน กระพี้ (ลำปาง) กระพี้โพรง (ราชบุรี) สนวน (กลาง) ไฮปันชั้น (ลำปาง),Dalbergia nigrescens Kurz,LEGUMINOSAE-PAPILIONOIDEAE,ไม้ต้น,ดอกสีขาว ดอกแบบถั่ว ออกเป็นช่อ แบบช่อแยกแขนงที่ซอกใบ ใกล้ปลายกิ่งผลเป็นฝักแห้งแบน รูปขอบขนาน ปลายและ โคนมน แห้งดำไม่แตก,พื้นที่ศึกษาที่ 9 สระน้ำข้างศาลาธรรม
7-31170-001-061/15,สนวน กระพี้ (ลำปาง) กระพี้โพรง (ราชบุรี) สนวน (กลาง) ไฮปันชั้น (ลำปาง),Dalbergia nigrescens Kurz,LEGUMINOSAE-PAPILIONOIDEAE,ไม้ต้น,ดอกสีขาว ดอกแบบถั่ว ออกเป็นช่อ แบบช่อแยกแขนงที่ซอกใบ ใกล้ปลายกิ่งผลเป็นฝักแห้งแบน รูปขอบขนาน ปลายและ โคนมน แห้งดำไม่แตก,พื้นที่ศึกษาที่ 9 สระน้ำข้างศาลาธรรม
7-31170-001-061/16,สนวน กระพี้ (ลำปาง) กระพี้โพรง (ราชบุรี) สนวน (กลาง) ไฮปันชั้น (ลำปาง),Dalbergia nigrescens Kurz,LEGUMINOSAE-PAPILIONOIDEAE,ไม้ต้น,ดอกสีขาว ดอกแบบถั่ว ออกเป็นช่อ แบบช่อแยกแขนงที่ซอกใบ ใกล้ปลายกิ่งผลเป็นฝักแห้งแบน รูปขอบขนาน ปลายและ โคนมน แห้งดำไม่แตก,พื้นที่ศึกษาที่ 9 สระน้ำข้างศาลาธรรม
7-31170-001-061/17,สนวน กระพี้ (ลำปาง) กระพี้โพรง (ราชบุรี) สนวน (กลาง) ไฮปันชั้น (ลำปาง),Dalbergia nigrescens Kurz,LEGUMINOSAE-PAPILIONOIDEAE,ไม้ต้น,ดอกสีขาว ดอกแบบถั่ว ออกเป็นช่อ แบบช่อแยกแขนงที่ซอกใบ ใกล้ปลายกิ่งผลเป็นฝักแห้งแบน รูปขอบขนาน ปลายและ โคนมน แห้งดำไม่แตก,พื้นที่ศึกษาที่ 11 สวนกาญจนาภิเษก
7-31170-001-061/18,สนวน กระพี้ (ลำปาง) กระพี้โพรง (ราชบุรี) สนวน (กลาง) ไฮปันชั้น (ลำปาง),Dalbergia nigrescens Kurz,LEGUMINOSAE-PAPILIONOIDEAE,ไม้ต้น,ดอกสีขาว ดอกแบบถั่ว ออกเป็นช่อ แบบช่อแยกแขนงที่ซอกใบ ใกล้ปลายกิ่งผลเป็นฝักแห้งแบน รูปขอบขนาน ปลายและ โคนมน แห้งดำไม่แตก,พื้นที่ศึกษาที่ 11 สวนกาญจนาภิเษก
7-31170-001-061/19,สนวน กระพี้ (ลำปาง) กระพี้โพรง (ราชบุรี) สนวน (กลาง) ไฮปันชั้น (ลำปาง),Dalbergia nigrescens Kurz,LEGUMINOSAE-PAPILIONOIDEAE,ไม้ต้น,ดอกสีขาว ดอกแบบถั่ว ออกเป็นช่อ แบบช่อแยกแขนงที่ซอกใบ ใกล้ปลายกิ่งผลเป็นฝักแห้งแบน รูปขอบขนาน ปลายและ โคนมน แห้งดำไม่แตก,พื้นที่ศึกษาที่ 11 สวนกาญจนาภิเษก
7-31170-001-061/20,สนวน กระพี้ (ลำปาง) กระพี้โพรง (ราชบุรี) สนวน (กลาง) ไฮปันชั้น (ลำปาง),Dalbergia nigrescens Kurz,LEGUMINOSAE-PAPILIONOIDEAE,ไม้ต้น,ดอกสีขาว ดอกแบบถั่ว ออกเป็นช่อ แบบช่อแยกแขนงที่ซอกใบ ใกล้ปลายกิ่งผลเป็นฝักแห้งแบน รูปขอบขนาน ปลายและ โคนมน แห้งดำไม่แตก,พื้นที่ศึกษาที่ 11 สวนกาญจนาภิเษก
7-31170-001-061/21,สนวน กระพี้ (ลำปาง) กระพี้โพรง (ราชบุรี) สนวน (กลาง) ไฮปันชั้น (ลำปาง),Dalbergia nigrescens Kurz,LEGUMINOSAE-PAPILIONOIDEAE,ไม้ต้น,ดอกสีขาว ดอกแบบถั่ว ออกเป็นช่อ แบบช่อแยกแขนงที่ซอกใบ ใกล้ปลายกิ่งผลเป็นฝักแห้งแบน รูปขอบขนาน ปลายและ โคนมน แห้งดำไม่แตก,พื้นที่ศึกษาที่ 11 สวนกาญจนาภิเษก
7-31170-001-061/22,สนวน กระพี้ (ลำปาง) กระพี้โพรง (ราชบุรี) สนวน (กลาง) ไฮปันชั้น (ลำปาง),Dalbergia nigrescens Kurz,LEGUMINOSAE-PAPILIONOIDEAE,ไม้ต้น,ดอกสีขาว ดอกแบบถั่ว ออกเป็นช่อ แบบช่อแยกแขนงที่ซอกใบ ใกล้ปลายกิ่งผลเป็นฝักแห้งแบน รูปขอบขนาน ปลายและ โคนมน แห้งดำไม่แตก,พื้นที่ศึกษาที่ 11 สวนกาญจนาภิเษก
7-31170-001-061/23,สนวน กระพี้ (ลำปาง) กระพี้โพรง (ราชบุรี) สนวน (กลาง) ไฮปันชั้น (ลำปาง),Dalbergia nigrescens Kurz,LEGUMINOSAE-PAPILIONOIDEAE,ไม้ต้น,ดอกสีขาว ดอกแบบถั่ว ออกเป็นช่อ แบบช่อแยกแขนงที่ซอกใบ ใกล้ปลายกิ่งผลเป็นฝักแห้งแบน รูปขอบขนาน ปลายและ โคนมน แห้งดำไม่แตก,พื้นที่ศึกษาที่ 11 สวนกาญจนาภิเษก
7-31170-001-061/24,สนวน กระพี้ (ลำปาง) กระพี้โพรง (ราชบุรี) สนวน (กลาง) ไฮปันชั้น (ลำปาง),Dalbergia nigrescens Kurz,LEGUMINOSAE-PAPILIONOIDEAE,ไม้ต้น,ดอกสีขาว ดอกแบบถั่ว ออกเป็นช่อ แบบช่อแยกแขนงที่ซอกใบ ใกล้ปลายกิ่งผลเป็นฝักแห้งแบน รูปขอบขนาน ปลายและ โคนมน แห้งดำไม่แตก,พื้นที่ศึกษาที่ 11 สวนกาญจนาภิเษก
7-31170-001-061/25,สนวน กระพี้ (ลำปาง) กระพี้โพรง (ราชบุรี) สนวน (กลาง) ไฮปันชั้น (ลำปาง),Dalbergia nigrescens Kurz,LEGUMINOSAE-PAPILIONOIDEAE,ไม้ต้น,ดอกสีขาว ดอกแบบถั่ว ออกเป็นช่อ แบบช่อแยกแขนงที่ซอกใบ ใกล้ปลายกิ่งผลเป็นฝักแห้งแบน รูปขอบขนาน ปลายและ โคนมน แห้งดำไม่แตก,พื้นที่ศึกษาที่ 11 สวนกาญจนาภิเษก
7-31170-001-061/26,สนวน กระพี้ (ลำปาง) กระพี้โพรง (ราชบุรี) สนวน (กลาง) ไฮปันชั้น (ลำปาง),Dalbergia nigrescens Kurz,LEGUMINOSAE-PAPILIONOIDEAE,ไม้ต้น,ดอกสีขาว ดอกแบบถั่ว ออกเป็นช่อ แบบช่อแยกแขนงที่ซอกใบ ใกล้ปลายกิ่งผลเป็นฝักแห้งแบน รูปขอบขนาน ปลายและ โคนมน แห้งดำไม่แตก,พื้นที่ศึกษาที่ 12 แปลงเกษตร
7-31170-001-061/27,สนวน กระพี้ (ลำปาง) กระพี้โพรง (ราชบุรี) สนวน (กลาง) ไฮปันชั้น (ลำปาง),Dalbergia nigrescens Kurz,LEGUMINOSAE-PAPILIONOIDEAE,ไม้ต้น,ดอกสีขาว ดอกแบบถั่ว ออกเป็นช่อ แบบช่อแยกแขนงที่ซอกใบ ใกล้ปลายกิ่งผลเป็นฝักแห้งแบน รูปขอบขนาน ปลายและ โคนมน แห้งดำไม่แตก,พื้นที่ศึกษาที่ 14 บ้านพักครูทิศตะวันตก
7-31170-001-061/28,สนวน กระพี้ (ลำปาง) กระพี้โพรง (ราชบุรี) สนวน (กลาง) ไฮปันชั้น (ลำปาง),Dalbergia nigrescens Kurz,LEGUMINOSAE-PAPILIONOIDEAE,ไม้ต้น,ดอกสีขาว ดอกแบบถั่ว ออกเป็นช่อ แบบช่อแยกแขนงที่ซอกใบ ใกล้ปลายกิ่งผลเป็นฝักแห้งแบน รูปขอบขนาน ปลายและ โคนมน แห้งดำไม่แตก,พื้นที่ศึกษาที่ 15 เตาเผาถ่าน
7-31170-001-062/1,ยางนา กาตีล (เขมร-ปราจีนบุรี) ขะยาง (ชาวบน-นครราชสีมา) เคาะ (กะเหรี่ยง-เชียงใหม่) ยาง ยางแม่น้ำ ยางหยวก (ทั่วไป) ยางกุง (เลย) ราลอย (ส่วย-สุรินทร์),Dipterocarpus alatus Roxb. ex G.Don,DIPTEROCARPACEAE,ไม้ต้น,ผลมีปีกสองอัน,พื้นที่ศึกษาที่ 4 ทิศตะวันตกอาคารเกษตร
7-31170-001-062/2,ยางนา กาตีล (เขมร-ปราจีนบุรี) ขะยาง (ชาวบน-นครราชสีมา) เคาะ (กะเหรี่ยง-เชียงใหม่) ยาง ยางแม่น้ำ ยางหยวก (ทั่วไป) ยางกุง (เลย) ราลอย (ส่วย-สุรินทร์),Dipterocarpus alatus Roxb. ex G.Don,DIPTEROCARPACEAE,ไม้ต้น,ผลมีปีกสองอัน,พื้นที่ศึกษาที่ 4 ทิศตะวันตกอาคารเกษตร
7-31170-001-062/3,ยางนา กาตีล (เขมร-ปราจีนบุรี) ขะยาง (ชาวบน-นครราชสีมา) เคาะ (กะเหรี่ยง-เชียงใหม่) ยาง ยางแม่น้ำ ยางหยวก (ทั่วไป) ยางกุง (เลย) ราลอย (ส่วย-สุรินทร์),Dipterocarpus alatus Roxb. ex G.Don,DIPTEROCARPACEAE,ไม้ต้น,ผลมีปีกสองอัน,พื้นที่ศึกษาที่ 8 บริเวณอาคาร 4
7-31170-001-062/4,ยางนา กาตีล (เขมร-ปราจีนบุรี) ขะยาง (ชาวบน-นครราชสีมา) เคาะ (กะเหรี่ยง-เชียงใหม่) ยาง ยางแม่น้ำ ยางหยวก (ทั่วไป) ยางกุง (เลย) ราลอย (ส่วย-สุรินทร์),Dipterocarpus alatus Roxb. ex G.Don,DIPTEROCARPACEAE,ไม้ต้น,ผลมีปีกสองอัน,พื้นที่ศึกษาที่ 8 บริเวณอาคาร 4
7-31170-001-062/5,ยางนา กาตีล (เขมร-ปราจีนบุรี) ขะยาง (ชาวบน-นครราชสีมา) เคาะ (กะเหรี่ยง-เชียงใหม่) ยาง ยางแม่น้ำ ยางหยวก (ทั่วไป) ยางกุง (เลย) ราลอย (ส่วย-สุรินทร์),Dipterocarpus alatus Roxb. ex G.Don,DIPTEROCARPACEAE,ไม้ต้น,ผลมีปีกสองอัน,พื้นที่ศึกษาที่ 11 สวนกาญจนาภิเษก
7-31170-001-062/6,ยางนา กาตีล (เขมร-ปราจีนบุรี) ขะยาง (ชาวบน-นครราชสีมา) เคาะ (กะเหรี่ยง-เชียงใหม่) ยาง ยางแม่น้ำ ยางหยวก (ทั่วไป) ยางกุง (เลย) ราลอย (ส่วย-สุรินทร์),Dipterocarpus alatus Roxb. ex G.Don,DIPTEROCARPACEAE,ไม้ต้น,ผลมีปีกสองอัน,พื้นที่ศึกษาที่ 11 สวนกาญจนาภิเษก
7-31170-001-062/7,ยางนา กาตีล (เขมร-ปราจีนบุรี) ขะยาง (ชาวบน-นครราชสีมา) เคาะ (กะเหรี่ยง-เชียงใหม่) ยาง ยางแม่น้ำ ยางหยวก (ทั่วไป) ยางกุง (เลย) ราลอย (ส่วย-สุรินทร์),Dipterocarpus alatus Roxb. ex G.Don,DIPTEROCARPACEAE,ไม้ต้น,ผลมีปีกสองอัน,พื้นที่ศึกษาที่ 12 แปลงเกษตร
7-31170-001-062/8,ยางนา กาตีล (เขมร-ปราจีนบุรี) ขะยาง (ชาวบน-นครราชสีมา) เคาะ (กะเหรี่ยง-เชียงใหม่) ยาง ยางแม่น้ำ ยางหยวก (ทั่วไป) ยางกุง (เลย) ราลอย (ส่วย-สุรินทร์),Dipterocarpus alatus Roxb. ex G.Don,DIPTEROCARPACEAE,ไม้ต้น,ผลมีปีกสองอัน,พื้นที่ศึกษาที่ 17 สนามฟุตบอล
7-31170-001-062/9,ยางนา กาตีล (เขมร-ปราจีนบุรี) ขะยาง (ชาวบน-นครราชสีมา) เคาะ (กะเหรี่ยง-เชียงใหม่) ยาง ยางแม่น้ำ ยางหยวก (ทั่วไป) ยางกุง (เลย) ราลอย (ส่วย-สุรินทร์),Dipterocarpus alatus Roxb. ex G.Don,DIPTEROCARPACEAE,ไม้ต้น,ผลมีปีกสองอัน,พื้นที่ศึกษาที่ 17 สนามฟุตบอล
7-31170-001-062/10,ยางนา กาตีล (เขมร-ปราจีนบุรี) ขะยาง (ชาวบน-นครราชสีมา) เคาะ (กะเหรี่ยง-เชียงใหม่) ยาง ยางแม่น้ำ ยางหยวก (ทั่วไป) ยางกุง (เลย) ราลอย (ส่วย-สุรินทร์),Dipterocarpus alatus Roxb. ex G.Don,DIPTEROCARPACEAE,ไม้ต้น,ผลมีปีกสองอัน,พื้นที่ศึกษาที่ 16 หอประชุม
7-31170-001-063/1,กระบาก กระบากขาว (ชลบุรี ชุมพร ระนอง) กระบากโคก (ตรัง) กระบากช่อ กระบากด้าง กระบากดำ (ชุมพร) กระบากแดง (ชุมพร ระนอง),Anisoptera costata Korth.,DIPTEROCARPACEAE,ไม้ต้น,ปลายใบเว้าบุ๋ม ผลสีเขียวอมเหลือง มีปีกสองปีก ยาว,พื้นที่ศึกษาที่ 4 ทิศตะวันตกอาคารเกษตร
7-31170-001-063/2,กระบาก กระบากขาว (ชลบุรี ชุมพร ระนอง) กระบากโคก (ตรัง) กระบากช่อ กระบากด้าง กระบากดำ (ชุมพร) กระบากแดง (ชุมพร ระนอง),Anisoptera costata Korth.,DIPTEROCARPACEAE,ไม้ต้น,ปลายใบเว้าบุ๋ม ผลสีเขียวอมเหลือง มีปีกสองปีก ยาว,พื้นที่ศึกษาที่ 4 ทิศตะวันตกอาคารเกษตร
7-31170-001-063/3,กระบาก กระบากขาว (ชลบุรี ชุมพร ระนอง) กระบากโคก (ตรัง) กระบากช่อ กระบากด้าง กระบากดำ (ชุมพร) กระบากแดง (ชุมพร ระนอง),Anisoptera costata Korth.,DIPTEROCARPACEAE,ไม้ต้น,ปลายใบเว้าบุ๋ม ผลสีเขียวอมเหลือง มีปีกสองปีก ยาว,พื้นที่ศึกษาที่ 8 บริเวณอาคาร 4
7-31170-001-063/4,กระบาก กระบากขาว (ชลบุรี ชุมพร ระนอง) กระบากโคก (ตรัง) กระบากช่อ กระบากด้าง กระบากดำ (ชุมพร) กระบากแดง (ชุมพร ระนอง),Anisoptera costata Korth.,DIPTEROCARPACEAE,ไม้ต้น,ปลายใบเว้าบุ๋ม ผลสีเขียวอมเหลือง มีปีกสองปีก ยาว,พื้นที่ศึกษาที่ 17 สนามฟุตบอล
7-31170-001-063/5,กระบาก กระบากขาว (ชลบุรี ชุมพร ระนอง) กระบากโคก (ตรัง) กระบากช่อ กระบากด้าง กระบากดำ (ชุมพร) กระบากแดง (ชุมพร ระนอง),Anisoptera costata Korth.,DIPTEROCARPACEAE,ไม้ต้น,ปลายใบเว้าบุ๋ม ผลสีเขียวอมเหลือง มีปีกสองปีก ยาว,พื้นที่ศึกษาที่ 17 สนามฟุตบอล
7-31170-001-063/6,กระบาก กระบากขาว (ชลบุรี ชุมพร ระนอง) กระบากโคก (ตรัง) กระบากช่อ กระบากด้าง กระบากดำ (ชุมพร) กระบากแดง (ชุมพร ระนอง),Anisoptera costata Korth.,DIPTEROCARPACEAE,ไม้ต้น,ปลายใบเว้าบุ๋ม ผลสีเขียวอมเหลือง มีปีกสองปีก ยาว,พื้นที่ศึกษาที่ 17 สนามฟุตบอล
7-31170-001-064/1,แคฝรั่ง,Gliricidia sepium (Jacq.) Walp.,LEGUMINOSAE-PAPILIONOIDEAE (PAPILIONACEAE),ไม้ต้นขนาดเล็ก,ดอกช่อสีขาวอมชมพู ออกตามกิ่ง รูปร่างดอกคล้ายดอกแค,พื้นที่ศึกษาที่ 4 ทิศตะวันตกอาคารเกษตร
7-31170-001-064/2,แคฝรั่ง,Gliricidia sepium (Jacq.) Walp.,LEGUMINOSAE-PAPILIONOIDEAE (PAPILIONACEAE),ไม้ต้นขนาดเล็ก,ดอกช่อสีขาวอมชมพู ออกตามกิ่ง รูปร่างดอกคล้ายดอกแค,พื้นที่ศึกษาที่ 4 ทิศตะวันตกอาคารเกษตร
7-31170-001-065/1,ชบา ชุมบา (ปัตตานี) บา (ภาคใต้)ใหม่ ใหม่แดง (ภาคเหนือ),Hibiscus rosa-sinensis L.,MALVACEAE,ไม้พุ่ม,ก้านเกสรยาวออกมาพ้นกลีบดอก,พื้นที่ศึกษาที่ 4 ทิศตะวันตกอาคารเกษตร
7-31170-001-065/2,ชบา ชุมบา (ปัตตานี) บา (ภาคใต้)ใหม่ ใหม่แดง (ภาคเหนือ),Hibiscus rosa-sinensis L.,MALVACEAE,ไม้พุ่ม,ก้านเกสรยาวออกมาพ้นกลีบดอก,พื้นที่ศึกษาที่ 4 ทิศตะวันตกอาคารเกษตร
7-31170-001-065/3,ชบา ชุมบา (ปัตตานี) บา (ภาคใต้)ใหม่ ใหม่แดง (ภาคเหนือ),Hibiscus rosa-sinensis L.,MALVACEAE,ไม้พุ่ม,ก้านเกสรยาวออกมาพ้นกลีบดอก,พื้นที่ศึกษาที่ 4 ทิศตะวันตกอาคารเกษตร
7-31170-001-065/4,ชบา ชุมบา (ปัตตานี) บา (ภาคใต้)ใหม่ ใหม่แดง (ภาคเหนือ),Hibiscus rosa-sinensis L.,MALVACEAE,ไม้พุ่ม,ก้านเกสรยาวออกมาพ้นกลีบดอก,พื้นที่ศึกษาที่ 10 หน้าอาคาร 3
7-31170-001-065/5,ชบา ชุมบา (ปัตตานี) บา (ภาคใต้)ใหม่ ใหม่แดง (ภาคเหนือ),Hibiscus rosa-sinensis L.,MALVACEAE,ไม้พุ่ม,ก้านเกสรยาวออกมาพ้นกลีบดอก,พื้นที่ศึกษาที่ 17 สนามฟุตบอล
7-31170-001-066/1,โมกใหญ่ มูกมันน้อย มูกมันหลวง มูกหลวง โมกเขา โมกทุ่ง โมงหลวง (เหนือ) ยางพูด (เลย) หนามเนื้อ (เงี้ยว-เหนือ),Holarrhena pubescens Wall. ex G.Don,APOCYNACEAE,ไม้พุ่ม,มีน้ำยางสีขาวขุ่น เหนียว,พื้นที่ศึกษาที่ 5 พื้นที่หลังอาคาร 1
7-31170-001-066/2,โมกใหญ่ มูกมันน้อย มูกมันหลวง มูกหลวง โมกเขา โมกทุ่ง โมงหลวง (เหนือ) ยางพูด (เลย) หนามเนื้อ (เงี้ยว-เหนือ),Holarrhena pubescens Wall. ex G.Don,APOCYNACEAE,ไม้พุ่ม,มีน้ำยางสีขาวขุ่น เหนียว,พื้นที่ศึกษาที่ 11 สวนกาญจนาภิเษก
7-31170-001-066/3,โมกใหญ่ มูกมันน้อย มูกมันหลวง มูกหลวง โมกเขา โมกทุ่ง โมงหลวง (เหนือ) ยางพูด (เลย) หนามเนื้อ (เงี้ยว-เหนือ),Holarrhena pubescens Wall. ex G.Don,APOCYNACEAE,ไม้พุ่ม,มีน้ำยางสีขาวขุ่น เหนียว,พื้นที่ศึกษาที่ 15 เตาเผาถ่าน
7-31170-001-066/4,โมกใหญ่ มูกมันน้อย มูกมันหลวง มูกหลวง โมกเขา โมกทุ่ง โมงหลวง (เหนือ) ยางพูด (เลย) หนามเนื้อ (เงี้ยว-เหนือ),Holarrhena pubescens Wall. ex G.Don,APOCYNACEAE,ไม้พุ่ม,มีน้ำยางสีขาวขุ่น เหนียว,พื้นที่ศึกษาที่ 17 สนามฟุตบอล
7-31170-001-066/5,โมกใหญ่ มูกมันน้อย มูกมันหลวง มูกหลวง โมกเขา โมกทุ่ง โมงหลวง (เหนือ) ยางพูด (เลย) หนามเนื้อ (เงี้ยว-เหนือ),Holarrhena pubescens Wall. ex G.Don,APOCYNACEAE,ไม้พุ่ม,มีน้ำยางสีขาวขุ่น เหนียว,พื้นที่ศึกษาที่ 17 สนามฟุตบอล
7-31170-001-066/6,โมกใหญ่ มูกมันน้อย มูกมันหลวง มูกหลวง โมกเขา โมกทุ่ง โมงหลวง (เหนือ) ยางพูด (เลย) หนามเนื้อ (เงี้ยว-เหนือ),Holarrhena pubescens Wall. ex G.Don,APOCYNACEAE,ไม้พุ่ม,มีน้ำยางสีขาวขุ่น เหนียว,พื้นที่ศึกษาที่ 17 สนามฟุตบอล
7-31170-001-067/1,ไผ่โพ ไผ่เหลือง ไผ่โป,Schizostachyum brachycladum Kurz,GRAMINEAE,ไผ่,ลำต้นสีเหลืองมีเส้นสีเขียว ตามลำต้นไม่มีหนาม,พื้นที่ศึกษาที่ 5 พื้นที่หลังอาคาร 1
7-31170-001-067/2,ไผ่โพ ไผ่เหลือง ไผ่โป,Schizostachyum brachycladum Kurz,GRAMINEAE,ไผ่,ลำต้นสีเหลืองมีเส้นสีเขียว ตามลำต้นไม่มีหนาม,พื้นที่ศึกษาที่ 17 สนามฟุตบอล
7-31170-001-068/1,มะเฟือง สะบือ (เขมร),Averrhoa carambola L.,OXALIDACEAE,ไม้ต้น,ดอกช่อสีม่วงอมชมพู ผลเป็นแฉก เมื่อตัดตามขวางจะมีลักษณะ คล้ายรูปดาว,พื้นที่ศึกษาที่ 5 พื้นที่หลังอาคาร 1
7-31170-001-068/2,มะเฟือง สะบือ (เขมร),Averrhoa carambola L.,OXALIDACEAE,ไม้ต้น,ดอกช่อสีม่วงอมชมพู ผลเป็นแฉก เมื่อตัดตามขวางจะมีลักษณะ คล้ายรูปดาว,พื้นที่ศึกษาที่ 12 แปลงเกษตร
7-31170-001-068/3,มะเฟือง สะบือ (เขมร),Averrhoa carambola L.,OXALIDACEAE,ไม้ต้น,ดอกช่อสีม่วงอมชมพู ผลเป็นแฉก เมื่อตัดตามขวางจะมีลักษณะ คล้ายรูปดาว,พื้นที่ศึกษาที่ 12 แปลงเกษตร
7-31170-001-068/4,มะเฟือง สะบือ (เขมร),Averrhoa carambola L.,OXALIDACEAE,ไม้ต้น,ดอกช่อสีม่วงอมชมพู ผลเป็นแฉก เมื่อตัดตามขวางจะมีลักษณะ คล้ายรูปดาว,พื้นที่ศึกษาที่ 17 สนามฟุตบอล
7-31170-001-068/5,มะเฟือง สะบือ (เขมร),Averrhoa carambola L.,OXALIDACEAE,ไม้ต้น,ดอกช่อสีม่วงอมชมพู ผลเป็นแฉก เมื่อตัดตามขวางจะมีลักษณะ คล้ายรูปดาว,พื้นที่ศึกษาที่ 17 สนามฟุตบอล
7-31170-001-069,มะเดื่อขน มะเดื่อปล้อง,Ficus hispida L.f.,MORACEAE,ไม้ต้น,ใบสากมือ ผลเป็นพวง,พื้นที่ศึกษาที่ 5 พื้นที่หลังอาคาร 1
7-31170-001-070,หางนกยูงไทย,Caesalpinia pulcherrima (L.) Sw.,LEGUMINOSAE-CAESALPINIOIDEAE,ไม้ต้น,ดอกเป็นช่อ เกสรยาวเลยออกมา นอกกลีบ ผลเป็นฝักแบน,พื้นที่ศึกษาที่ 5 พื้นที่หลังอาคาร 1
7-31170-001-071,ศรีตรัง,Jacaranda mimosifolia D.Don,BIGNONIACEAE,ไม้ต้น,ดอกสีม่วง ปลายกลีบบานออก,พื้นที่ศึกษาที่ 6 หน้าอาคาร 1
7-31170-001-072/1,สนทะเล,Casuarina equisetifolia J.R. & G.Forst.,CASUARINACEAE,ไม้ต้น,ใบกลม รูปเข็ม เป็นข้อปล้อง,พื้นที่ศึกษาที่ 6 หน้าอาคาร 1
7-31170-001-072/2,สนทะเล,Casuarina equisetifolia J.R. & G.Forst.,CASUARINACEAE,ไม้ต้น,ใบกลม รูปเข็ม เป็นข้อปล้อง,พื้นที่ศึกษาที่ 6 หน้าอาคาร 1
7-31170-001-072/3,สนทะเล,Casuarina equisetifolia J.R. & G.Forst.,CASUARINACEAE,ไม้ต้น,ใบกลม รูปเข็ม เป็นข้อปล้อง,พื้นที่ศึกษาที่ 6 หน้าอาคาร 1
7-31170-001-072/4,สนทะเล,Casuarina equisetifolia J.R. & G.Forst.,CASUARINACEAE,ไม้ต้น,ใบกลม รูปเข็ม เป็นข้อปล้อง,พื้นที่ศึกษาที่ 11 สวนกาญจนาภิเษก
7-31170-001-072/5,สนทะเล,Casuarina equisetifolia J.R. & G.Forst.,CASUARINACEAE,ไม้ต้น,ใบกลม รูปเข็ม เป็นข้อปล้อง,พื้นที่ศึกษาที่ 11 สวนกาญจนาภิเษก
7-31170-001-072/6,สนทะเล,Casuarina equisetifolia J.R. & G.Forst.,CASUARINACEAE,ไม้ต้น,ใบกลม รูปเข็ม เป็นข้อปล้อง,พื้นที่ศึกษาที่ 11 สวนกาญจนาภิเษก
7-31170-001-072/7,สนทะเล,Casuarina equisetifolia J.R. & G.Forst.,CASUARINACEAE,ไม้ต้น,ใบกลม รูปเข็ม เป็นข้อปล้อง,พื้นที่ศึกษาที่ 11 สวนกาญจนาภิเษก
7-31170-001-072/8,สนทะเล,Casuarina equisetifolia J.R. & G.Forst.,CASUARINACEAE,ไม้ต้น,ใบกลม รูปเข็ม เป็นข้อปล้อง,พื้นที่ศึกษาที่ 11 สวนกาญจนาภิเษก
7-31170-001-073,ขี้เหล็กอเมริกัน,Senna spectabilis (DC.) Irwin & Barneby,LEGUMINOSAE-CAESALPINIOIDEAE,ไม้ต้น,ดอกช่อสีเหลือง ผลเป็นฝักแบน แห้งแตก,พื้นที่ศึกษาที่ 6 หน้าอาคาร 1
7-31170-001-074,ทองกวาว กวาว กว๋าว,Butea monosperma (Lam.) Taub.,LEGUMINOSAE-PAPILIONOIDEAE,ไม้ต้น,ดอกช่อสีเหลือง ผลเป็นฝักแบน แห้งแตก,พื้นที่ศึกษาที่ 7 หลังอาคาร 3
7-31170-001-075/1,เพกา มะลิดไม้ มะลิ้นไม้ ลิดไม้,Oroxylum indicum (L.) Kurz,BIGNONIACEAE,ไม้ต้น,กลีบดอกหนา ผลเป็นฝักแบนยาว,พื้นที่ศึกษาที่ 7 หลังอาคาร 3
7-31170-001-075/2,เพกา มะลิดไม้ มะลิ้นไม้ ลิดไม้,Oroxylum indicum (L.) Kurz,BIGNONIACEAE,ไม้ต้น,กลีบดอกหนา ผลเป็นฝักแบนยาว,พื้นที่ศึกษาที่ 17 สนามฟุตบอล
7-31170-001-075/3,เพกา มะลิดไม้ มะลิ้นไม้ ลิดไม้,Oroxylum indicum (L.) Kurz,BIGNONIACEAE,ไม้ต้น,กลีบดอกหนา ผลเป็นฝักแบนยาว,พื้นที่ศึกษาที่ 17 สนามฟุตบอล
7-31170-001-076/1,หว้า ห้าขี้แพะ (เชียงราย),Syzygium cumini (L.) Skeels,MYRTACEAE,ไม้ต้น,ผลกลม เมื่อสุกสีม่วงดำ,พื้นที่ศึกษาที่ 7 หลังอาคาร 3
7-31170-001-076/2,หว้า ห้าขี้แพะ (เชียงราย),Syzygium cumini (L.) Skeels,MYRTACEAE,ไม้ต้น,ผลกลม เมื่อสุกสีม่วงดำ,พื้นที่ศึกษาที่ 7 หลังอาคาร 3
7-31170-001-076/3,หว้า ห้าขี้แพะ (เชียงราย),Syzygium cumini (L.) Skeels,MYRTACEAE,ไม้ต้น,ผลกลม เมื่อสุกสีม่วงดำ,พื้นที่ศึกษาที่ 14 บ้านพักครูทิศตะวันตก
7-31170-001-077,ตะขบ ตะขบฝรั่ง,Muntingia calabura L.,TILIACEAE,ไม้ต้น,ดอกสีขาว ผลกลมเมื่อดิบสีเขียว ผลสุกสีส้ม แดง,พื้นที่ศึกษาที่ 7 หลังอาคาร 3
7-31170-001-078,ทับทิม พิลา พิลาขาว มะก่องแก้ว มะเก๊าะ หมากจัง เซียะลิ้ว,Punica granatum L. var. granatum,PUNICACEAE,ไม้ต้น,ผลกลม ส่วนปลายผลจะบานออก กิ่งและลำต้นมีหนาม ผลรับประทานได้,พื้นที่ศึกษาที่ 7 หลังอาคาร 3
7-31170-001-079,อินทนิลน้ำ,Lagerstroemia speciosa (L.) Pers.,LYTHRACEAE,ไม้ต้น,เปลือกแตกเป็นกาบเป็นชิ้นๆแยกกัน ดอกสีม่วง ปลายใบเรียว และเป็นติ่งแหลม,พื้นที่ศึกษาที่ 7 หลังอาคาร 3
7-31170-001-080,เฟิร์นก้านดำเกล็ดหอยใหญ่,Adiantum tenerum Sw.,PTERIDACEAE,เฟิร์น,ใบบาง ปลายใบหยัก ก้านใบสีดำ,พื้นที่ศึกษาที่ 7 หลังอาคาร 3
7-31170-001-081/1,ทองพันชั่ง ทองคันชั่ง หญ้ามันไก่ (ภาคกลาง) ทองพันดุลย์,Rhinacanthus nasutus (L.) Kurz,ACANTHACEAE,ไม้พุ่ม,กลีบดอกสีขาว มีสามกลีบ ออกที่ปลายกิ่ง ใบเรียงสลับตั้งฉาก,พื้นที่ศึกษาที่ 2 ทิศเหนือศูนย์สิ่งแวดล้อม
7-31170-001-081/2,ทองพันชั่ง ทองคันชั่ง หญ้ามันไก่ (ภาคกลาง) ทองพันดุลย์,Rhinacanthus nasutus (L.) Kurz,ACANTHACEAE,ไม้พุ่ม,กลีบดอกสีขาว มีสามกลีบ ออกที่ปลายกิ่ง ใบเรียงสลับตั้งฉาก,พื้นที่ศึกษาที่ 7 หลังอาคาร 3
7-31170-001-082/1,มะพร้าว,Cocos nucifera L.,PALMAE (ARECACEAE),ปาล์ม,ผลมีเปลือกแข็ง เรียกว่า กะลา เนื้อในสีขาว,พื้นที่ศึกษาที่ 7 หลังอาคาร 3
7-31170-001-082/2,มะพร้าว,Cocos nucifera L.,PALMAE (ARECACEAE),ปาล์ม,ผลมีเปลือกแข็ง เรียกว่า กะลา เนื้อในสีขาว,พื้นที่ศึกษาที่ 9 สระน้ำข้างศาลาธรรม
7-31170-001-082/3,มะพร้าว,Cocos nucifera L.,PALMAE (ARECACEAE),ปาล์ม,ผลมีเปลือกแข็ง เรียกว่า กะลา เนื้อในสีขาว,พื้นที่ศึกษาที่ 9 สระน้ำข้างศาลาธรรม
7-31170-001-082/4,มะพร้าว,Cocos nucifera L.,PALMAE (ARECACEAE),ปาล์ม,ผลมีเปลือกแข็ง เรียกว่า กะลา เนื้อในสีขาว,พื้นที่ศึกษาที่ 9 สระน้ำข้างศาลาธรรม
7-31170-001-082/5,มะพร้าว,Cocos nucifera L.,PALMAE (ARECACEAE),ปาล์ม,ผลมีเปลือกแข็ง เรียกว่า กะลา เนื้อในสีขาว,พื้นที่ศึกษาที่ 9 สระน้ำข้างศาลาธรรม
7-31170-001-082/6,มะพร้าว,Cocos nucifera L.,PALMAE (ARECACEAE),ปาล์ม,ผลมีเปลือกแข็ง เรียกว่า กะลา เนื้อในสีขาว,พื้นที่ศึกษาที่ 9 สระน้ำข้างศาลาธรรม
7-31170-001-082/7,มะพร้าว,Cocos nucifera L.,PALMAE (ARECACEAE),ปาล์ม,ผลมีเปลือกแข็ง เรียกว่า กะลา เนื้อในสีขาว,พื้นที่ศึกษาที่ 12 แปลงเกษตร
7-31170-001-082/8,มะพร้าว,Cocos nucifera L.,PALMAE (ARECACEAE),ปาล์ม,ผลมีเปลือกแข็ง เรียกว่า กะลา เนื้อในสีขาว,พื้นที่ศึกษาที่ 12 แปลงเกษตร
7-31170-001-082/9,มะพร้าว,Cocos nucifera L.,PALMAE (ARECACEAE),ปาล์ม,ผลมีเปลือกแข็ง เรียกว่า กะลา เนื้อในสีขาว,พื้นที่ศึกษาที่ 12 แปลงเกษตร
7-31170-001-082/10,มะพร้าว,Cocos nucifera L.,PALMAE (ARECACEAE),ปาล์ม,ผลมีเปลือกแข็ง เรียกว่า กะลา เนื้อในสีขาว,พื้นที่ศึกษาที่ 14 บ้านพักครูทิศตะวันตก
7-31170-001-083/1,พญาสัตบรรณ ตีนเป็ด,Alstonia scholaris (L.) R.Br.,APOCYNACEAE,ไม้ต้น,ดอกมีกลิ่นเหม็น ผลเป็นฝักกลมยาว,พื้นที่ศึกษาที่ 8 บริเวณอาคาร 4
7-31170-001-083/2,พญาสัตบรรณ ตีนเป็ด,Alstonia scholaris (L.) R.Br.,APOCYNACEAE,ไม้ต้น,ดอกมีกลิ่นเหม็น ผลเป็นฝักกลมยาว,พื้นที่ศึกษาที่ 11 สวนกาญจนาภิเษก
7-31170-001-083/3,พญาสัตบรรณ ตีนเป็ด,Alstonia scholaris (L.) R.Br.,APOCYNACEAE,ไม้ต้น,ดอกมีกลิ่นเหม็น ผลเป็นฝักกลมยาว,พื้นที่ศึกษาที่ 11 สวนกาญจนาภิเษก
7-31170-001-083/4,พญาสัตบรรณ ตีนเป็ด,Alstonia scholaris (L.) R.Br.,APOCYNACEAE,ไม้ต้น,ดอกมีกลิ่นเหม็น ผลเป็นฝักกลมยาว,พื้นที่ศึกษาที่ 16 หอประชุม
7-31170-001-083/5,พญาสัตบรรณ ตีนเป็ด,Alstonia scholaris (L.) R.Br.,APOCYNACEAE,ไม้ต้น,ดอกมีกลิ่นเหม็น ผลเป็นฝักกลมยาว,พื้นที่ศึกษาที่ 16 หอประชุม
7-31170-001-083/6,พญาสัตบรรณ ตีนเป็ด,Alstonia scholaris (L.) R.Br.,APOCYNACEAE,ไม้ต้น,ดอกมีกลิ่นเหม็น ผลเป็นฝักกลมยาว,พื้นที่ศึกษาที่ 16 หอประชุม
7-31170-001-083/7,พญาสัตบรรณ ตีนเป็ด,Alstonia scholaris (L.) R.Br.,APOCYNACEAE,ไม้ต้น,ดอกมีกลิ่นเหม็น ผลเป็นฝักกลมยาว,พื้นที่ศึกษาที่ 17 สนามฟุตบอล
7-31170-001-083/8,พญาสัตบรรณ ตีนเป็ด,Alstonia scholaris (L.) R.Br.,APOCYNACEAE,ไม้ต้น,ดอกมีกลิ่นเหม็น ผลเป็นฝักกลมยาว,พื้นที่ศึกษาที่ 17 สนามฟุตบอล
7-31170-001-084,เศรษฐีเรือนนอก ว่านเศรษฐีเรือนนอก,Chlorophytum bichetii (Karrer) Backer,ANTHERICACEAE,ไม้ล้มลุก,ใบยางเรียว ขอบใบทั้งสองข้าง มีสีนวล,พื้นที่ศึกษาที่ 8 บริเวณอาคาร 4
7-31170-001-085,ประดู่กิ่งอ่อน ดู่บ้าน (ภาคเหนือ) ประดู่บ้าน ประดู่ลาย อังสนา (ภาคกลาง) สะโน (มาเลย์),Pterocarpus indicus Willd.,LEGUMINOSAE-PAPILIONOIDEAE (PAPILIONACEAE),ไม้ต้น,ดอกสีเหลือง ผลกลมมีปีกรอบผล คล้ายระบาย,พื้นที่ศึกษาที่ 8 บริเวณอาคาร 4
7-31170-001-086,"ดาดตะกั่ว ฮ่อมครั่ง, ฤาษีผสมแล้ว, ห่งจี๊อั้ง",Hemigraphis alternata T. Anderson,ACANTHACEAE,ไม้ล้มลุก,หน้าใบสีใบสีม่วงแดง หลังใบสีม่วงเขียว ดอกเล็กสีขาว,พื้นที่ศึกษาที่ 8 บริเวณอาคาร 4
7-31170-001-087,เดหลี,Spathiphyllum cannifolium (Dryand.) Schott,ARACEAE,ไม้ล้มลุก,จานรองดอก (dish) มีหนึ่งอันสีขาว ก้านช่อดอกกลมยาวสีเขียว,พื้นที่ศึกษาที่ 8 บริเวณอาคาร 4
7-31170-001-088,ขาไก่ดำ,Justicia fragilis Wall.,ACANTHACEAE,ไม้พุ่ม,เส้นกลางใบ กิ่ง และลำต้นมีสีม่วงดำ ใบสีเขียวเป็นมัน,พื้นที่ศึกษาที่ 8 บริเวณอาคาร 4
7-31170-001-089/1,บัวหลวง,Nelumbo nucifera Gaertn.,NELUMBONACEAE,ไม้น้ำ,ใบเหนือน้ำแผ่กว้างกลม ผิวมัน ดอกบานใหญ่,พื้นที่ศึกษาที่ 9 สระน้ำข้างศาลาธรรม
7-31170-001-089/2,บัวหลวง,Nelumbo nucifera Gaertn.,NELUMBONACEAE,ไม้น้ำ,ใบเหนือน้ำแผ่กว้างกลม ผิวมัน ดอกบานใหญ่,พื้นที่ศึกษาที่ 9 สระน้ำข้างศาลาธรรม
7-31170-001-089/3,บัวหลวง,Nelumbo nucifera Gaertn.,NELUMBONACEAE,ไม้น้ำ,ใบเหนือน้ำแผ่กว้างกลม ผิวมัน ดอกบานใหญ่,พื้นที่ศึกษาที่ 9 สระน้ำข้างศาลาธรรม
7-31170-001-089/4,บัวหลวง,Nelumbo nucifera Gaertn.,NELUMBONACEAE,ไม้น้ำ,ใบเหนือน้ำแผ่กว้างกลม ผิวมัน ดอกบานใหญ่,พื้นที่ศึกษาที่ 9 สระน้ำข้างศาลาธรรม
7-31170-001-089/5,บัวหลวง,Nelumbo nucifera Gaertn.,NELUMBONACEAE,ไม้น้ำ,ใบเหนือน้ำแผ่กว้างกลม ผิวมัน ดอกบานใหญ่,พื้นที่ศึกษาที่ 9 สระน้ำข้างศาลาธรรม
7-31170-001-090/1,นนทรี,Peltophorum pterocarpum (DC.) Back.ex K. Heyme,LEGUMMINOSAE,ไม้ต้น,ดอกสีเหลือง เป็นพวง ห้อย,พื้นที่ศึกษาที่ 9 สระน้ำข้างศาลาธรรม
7-31170-001-090/2,นนทรี,Peltophorum pterocarpum (DC.) Back.ex K. Heyme,LEGUMMINOSAE,ไม้ต้น,ดอกสีเหลือง เป็นพวง ห้อย,พื้นที่ศึกษาที่ 9 สระน้ำข้างศาลาธรรม
7-31170-001-090/3,นนทรี,Peltophorum pterocarpum (DC.) Back.ex K. Heyme,LEGUMMINOSAE,ไม้ต้น,ดอกสีเหลือง เป็นพวง ห้อย,พื้นที่ศึกษาที่ 9 สระน้ำข้างศาลาธรรม
7-31170-001-090/4,นนทรี,Peltophorum pterocarpum (DC.) Back.ex K. Heyme,LEGUMMINOSAE,ไม้ต้น,ดอกสีเหลือง เป็นพวง ห้อย,พื้นที่ศึกษาที่ 9 สระน้ำข้างศาลาธรรม
7-31170-001-091/1,มะม่วง,Mangifera indica L.,ANACARDIACEAE,ไม้ต้น,ใบ ผลดิบ มีรสเปรี้ยว,พื้นที่ศึกษาที่ 9 สระน้ำข้างศาลาธรรม
7-31170-001-091/2,มะม่วง,Mangifera indica L.,ANACARDIACEAE,ไม้ต้น,ใบ ผลดิบ มีรสเปรี้ยว,พื้นที่ศึกษาที่ 9 สระน้ำข้างศาลาธรรม
7-31170-001-091/3,มะม่วง,Mangifera indica L.,ANACARDIACEAE,ไม้ต้น,ใบ ผลดิบ มีรสเปรี้ยว,พื้นที่ศึกษาที่ 9 สระน้ำข้างศาลาธรรม
7-31170-001-091/4,มะม่วง,Mangifera indica L.,ANACARDIACEAE,ไม้ต้น,ใบ ผลดิบ มีรสเปรี้ยว,พื้นที่ศึกษาที่ 11 สวนกาญจนาภิเษก
7-31170-001-091/5,มะม่วง,Mangifera indica L.,ANACARDIACEAE,ไม้ต้น,ใบ ผลดิบ มีรสเปรี้ยว,พื้นที่ศึกษาที่ 11 สวนกาญจนาภิเษก
7-31170-001-091/6,มะม่วง,Mangifera indica L.,ANACARDIACEAE,ไม้ต้น,ใบ ผลดิบ มีรสเปรี้ยว,พื้นที่ศึกษาที่ 11 สวนกาญจนาภิเษก
7-31170-001-091/7,มะม่วง,Mangifera indica L.,ANACARDIACEAE,ไม้ต้น,ใบ ผลดิบ มีรสเปรี้ยว,พื้นที่ศึกษาที่ 11 สวนกาญจนาภิเษก
7-31170-001-091/8,มะม่วง,Mangifera indica L.,ANACARDIACEAE,ไม้ต้น,ใบ ผลดิบ มีรสเปรี้ยว,พื้นที่ศึกษาที่ 12 แปลงเกษตร
7-31170-001-091/9,มะม่วง,Mangifera indica L.,ANACARDIACEAE,ไม้ต้น,ใบ ผลดิบ มีรสเปรี้ยว,พื้นที่ศึกษาที่ 12 แปลงเกษตร
7-31170-001-091/10,มะม่วง,Mangifera indica L.,ANACARDIACEAE,ไม้ต้น,ใบ ผลดิบ มีรสเปรี้ยว,พื้นที่ศึกษาที่ 12 แปลงเกษตร
7-31170-001-091/11,มะม่วง,Mangifera indica L.,ANACARDIACEAE,ไม้ต้น,ใบ ผลดิบ มีรสเปรี้ยว,พื้นที่ศึกษาที่ 12 แปลงเกษตร
7-31170-001-091/12,มะม่วง,Mangifera indica L.,ANACARDIACEAE,ไม้ต้น,ใบ ผลดิบ มีรสเปรี้ยว,พื้นที่ศึกษาที่ 12 แปลงเกษตร
7-31170-001-091/13,มะม่วง,Mangifera indica L.,ANACARDIACEAE,ไม้ต้น,ใบ ผลดิบ มีรสเปรี้ยว,พื้นที่ศึกษาที่ 12 แปลงเกษตร
7-31170-001-091/14,มะม่วง,Mangifera indica L.,ANACARDIACEAE,ไม้ต้น,ใบ ผลดิบ มีรสเปรี้ยว,พื้นที่ศึกษาที่ 12 แปลงเกษตร
7-31170-001-091/15,มะม่วง,Mangifera indica L.,ANACARDIACEAE,ไม้ต้น,ใบ ผลดิบ มีรสเปรี้ยว,พื้นที่ศึกษาที่ 12 แปลงเกษตร
7-31170-001-091/16,มะม่วง,Mangifera indica L.,ANACARDIACEAE,ไม้ต้น,ใบ ผลดิบ มีรสเปรี้ยว,พื้นที่ศึกษาที่ 12 แปลงเกษตร
7-31170-001-091/17,มะม่วง,Mangifera indica L.,ANACARDIACEAE,ไม้ต้น,ใบ ผลดิบ มีรสเปรี้ยว,พื้นที่ศึกษาที่ 12 แปลงเกษตร
7-31170-001-091/18,มะม่วง,Mangifera indica L.,ANACARDIACEAE,ไม้ต้น,ใบ ผลดิบ มีรสเปรี้ยว,พื้นที่ศึกษาที่ 14 บ้านพักครูทิศตะวันตก
7-31170-001-091/19,มะม่วง,Mangifera indica L.,ANACARDIACEAE,ไม้ต้น,ใบ ผลดิบ มีรสเปรี้ยว,พื้นที่ศึกษาที่ 14 บ้านพักครูทิศตะวันตก
7-31170-001-091/20,มะม่วง,Mangifera indica L.,ANACARDIACEAE,ไม้ต้น,ใบ ผลดิบ มีรสเปรี้ยว,พื้นที่ศึกษาที่ 14 บ้านพักครูทิศตะวันตก
7-31170-001-091/21,มะม่วง,Mangifera indica L.,ANACARDIACEAE,ไม้ต้น,ใบ ผลดิบ มีรสเปรี้ยว,พื้นที่ศึกษาที่ 14 บ้านพักครูทิศตะวันตก
7-31170-001-091/22,มะม่วง,Mangifera indica L.,ANACARDIACEAE,ไม้ต้น,ใบ ผลดิบ มีรสเปรี้ยว,พื้นที่ศึกษาที่ 14 บ้านพักครูทิศตะวันตก
7-31170-001-091/23,มะม่วง,Mangifera indica L.,ANACARDIACEAE,ไม้ต้น,ใบ ผลดิบ มีรสเปรี้ยว,พื้นที่ศึกษาที่ 14 บ้านพักครูทิศตะวันตก
7-31170-001-091/24,มะม่วง,Mangifera indica L.,ANACARDIACEAE,ไม้ต้น,ใบ ผลดิบ มีรสเปรี้ยว,พื้นที่ศึกษาที่ 14 บ้านพักครูทิศตะวันตก
7-31170-001-091/25,มะม่วง,Mangifera indica L.,ANACARDIACEAE,ไม้ต้น,ใบ ผลดิบ มีรสเปรี้ยว,พื้นที่ศึกษาที่ 14 บ้านพักครูทิศตะวันตก
7-31170-001-091/26,มะม่วง,Mangifera indica L.,ANACARDIACEAE,ไม้ต้น,ใบ ผลดิบ มีรสเปรี้ยว,พื้นที่ศึกษาที่ 14 บ้านพักครูทิศตะวันตก
7-31170-001-092,"มะหวด,หวดคา,หวดฆ่า,หวดลาว",Lepisanthes rubiginosa (Roxb.) Leenh.,SAPINDACEAE,ไม้ต้น,หน้าใบมีขน ผลเป็นพวง มีสามสีปนกัน,พื้นที่ศึกษาที่ 9 สระน้ำข้างศาลาธรรม
7-31170-001-093/1,"พลับพลา, ไม้ลาย, มลาย, ลาย, น้ำลายควาย",Microcos tomentosa Smith.,TILIACEAE,ไม้ต้น,ผลมีขนเล็กๆ,พื้นที่ศึกษาที่ 9 สระน้ำข้างศาลาธรรม
7-31170-001-093/2,"พลับพลา, ไม้ลาย, มลาย, ลาย, น้ำลายควาย",Microcos tomentosa Smith.,TILIACEAE,ไม้ต้น,ผลมีขนเล็กๆ,พื้นที่ศึกษาที่ 15 เตาเผาถ่าน
7-31170-001-093/3,"พลับพลา, ไม้ลาย, มลาย, ลาย, น้ำลายควาย",Microcos tomentosa Smith.,TILIACEAE,ไม้ต้น,ผลมีขนเล็กๆ,พื้นที่ศึกษาที่ 15 เตาเผาถ่าน
7-31170-001-093/4,"พลับพลา, ไม้ลาย, มลาย, ลาย, น้ำลายควาย",Microcos tomentosa Smith.,TILIACEAE,ไม้ต้น,ผลมีขนเล็กๆ,พื้นที่ศึกษาที่ 15 เตาเผาถ่าน
7-31170-001-093/5,"พลับพลา, ไม้ลาย, มลาย, ลาย, น้ำลายควาย",Microcos tomentosa Smith.,TILIACEAE,ไม้ต้น,ผลมีขนเล็กๆ,พื้นที่ศึกษาที่ 17 สนามฟุตบอล
7-31170-001-094/1,"ชาฮกเกี้ยน,ชาดัดไขมัน, ข่อยจีน,ชาญวณ",Ehretia microphylla Lumk.,GHRETIACEAE,ไม้พุ่ม,ใบแข็ง ผิวมัน ขอบใบหยัก,พื้นที่ศึกษาที่ 10 หน้าอาคาร 3
7-31170-001-094/2,"ชาฮกเกี้ยน,ชาดัดไขมัน, ข่อยจีน,ชาญวณ",Ehretia microphylla Lumk.,GHRETIACEAE,ไม้พุ่ม,ใบแข็ง ผิวมัน ขอบใบหยัก,พื้นที่ศึกษาที่ 10 หน้าอาคาร 3
7-31170-001-094/3,"ชาฮกเกี้ยน,ชาดัดไขมัน, ข่อยจีน,ชาญวณ",Ehretia microphylla Lumk.,GHRETIACEAE,ไม้พุ่ม,ใบแข็ง ผิวมัน ขอบใบหยัก,พื้นที่ศึกษาที่ 10 หน้าอาคาร 3
7-31170-001-094/4,"ชาฮกเกี้ยน,ชาดัดไขมัน, ข่อยจีน,ชาญวณ",Ehretia microphylla Lumk.,GHRETIACEAE,ไม้พุ่ม,ใบแข็ง ผิวมัน ขอบใบหยัก,พื้นที่ศึกษาที่ 11 สวนกาญจนาภิเษก
7-31170-001-094/5,"ชาฮกเกี้ยน,ชาดัดไขมัน, ข่อยจีน,ชาญวณ",Ehretia microphylla Lumk.,GHRETIACEAE,ไม้พุ่ม,ใบแข็ง ผิวมัน ขอบใบหยัก,พื้นที่ศึกษาที่ 17 สนามฟุตบอล
7-31170-001-095/1,"ช้องนาง,ช้องนางใหญ่",Thunbergia affinis S.Moore,ACANTHACEAE,"ไม้พุ่ม, ไม้รอเลื้อย",รูปดอกโค้งงออ่อนช้อย,พื้นที่ศึกษาที่ 10 หน้าอาคาร 3
7-31170-001-095/2,"ช้องนาง,ช้องนางใหญ่",Thunbergia affinis S.Moore,ACANTHACEAE,"ไม้พุ่ม, ไม้รอเลื้อย",รูปดอกโค้งงออ่อนช้อย,พื้นที่ศึกษาที่ 10 หน้าอาคาร 3
7-31170-001-095/3,"ช้องนาง,ช้องนางใหญ่",Thunbergia affinis S.Moore,ACANTHACEAE,"ไม้พุ่ม, ไม้รอเลื้อย",รูปดอกโค้งงออ่อนช้อย,พื้นที่ศึกษาที่ 11 สวนกาญจนาภิเษก
7-31170-001-096/1,"บาหยา, บุษบาฮาวาย",Asystasia gangetica (L.) T. Anderson,ACANTHACEAE,ไม้ล้มลุก,ช่อดอกตั้งตรงเห็นเด่นชัด,พื้นที่ศึกษาที่ 10 หน้าอาคาร 3
7-31170-001-096/2,"บาหยา, บุษบาฮาวาย",Asystasia gangetica (L.) T. Anderson,ACANTHACEAE,ไม้ล้มลุก,ช่อดอกตั้งตรงเห็นเด่นชัด,พื้นที่ศึกษาที่ 10 หน้าอาคาร 3
7-31170-001-097/1,เฟื่องฟ้า,Bougainvillea spectabilis willd.,NYCTAGINACEAE,ไม้รอเลื้อย,กิ่งมีหนามแหลม ดอกมีสีสันสวยงาม,พื้นที่ศึกษาที่ 10 หน้าอาคาร 3
7-31170-001-097/2,เฟื่องฟ้า,Bougainvillea spectabilis willd.,NYCTAGINACEAE,ไม้รอเลื้อย,กิ่งมีหนามแหลม ดอกมีสีสันสวยงาม,พื้นที่ศึกษาที่ 17 สนามฟุตบอล
7-31170-001-097/3,เฟื่องฟ้า,Bougainvillea spectabilis willd.,NYCTAGINACEAE,ไม้รอเลื้อย,กิ่งมีหนามแหลม ดอกมีสีสันสวยงาม,พื้นที่ศึกษาที่ 17 สนามฟุตบอล
7-31170-001-098,จิก,Barringtonia acutangula (L.) Gaertn.,LECYTHIDACEAE,ไม้ต้น,ใบอ่อนสีน้ำตาลแดง ดอก ช่อ สีแดงห้อยลง,พื้นที่ศึกษาที่ 10 หน้าอาคาร 3
7-31170-001-099,บานบุรี,Thevetia peruviana (Pers.) K.Schum.,APOCYNACEAE,ไม้รอเลื้อย,ดอกบานใหญ่คล้ายทรัมเป็ดสีเหลือง,พื้นที่ศึกษาที่ 10 หน้าอาคาร 3
7-31170-001-100/1,ชองออฟจาไมก้า,Pleomele reflexa N.E.Br.,DRACAENACEAE,ไม้พุ่ม,ใบเรียวปลายแหลมสีเขียวคาดเหลือง ตามแนวยาว,พื้นที่ศึกษาที่ 10 หน้าอาคาร 3
7-31170-001-100/2,ชองออฟจาไมก้า,Pleomele reflexa N.E.Br.,DRACAENACEAE,ไม้พุ่ม,ใบเรียวปลายแหลมสีเขียวคาดเหลือง ตามแนวยาว,พื้นที่ศึกษาที่ 11 สวนกาญจนาภิเษก
7-31170-001-100/3,ชองออฟจาไมก้า,Pleomele reflexa N.E.Br.,DRACAENACEAE,ไม้พุ่ม,ใบเรียวปลายแหลมสีเขียวคาดเหลือง ตามแนวยาว,พื้นที่ศึกษาที่ 11 สวนกาญจนาภิเษก
7-31170-001-100/4,ชองออฟจาไมก้า,Pleomele reflexa N.E.Br.,DRACAENACEAE,ไม้พุ่ม,ใบเรียวปลายแหลมสีเขียวคาดเหลือง ตามแนวยาว,พื้นที่ศึกษาที่ 11 สวนกาญจนาภิเษก
7-31170-001-100/5,ชองออฟจาไมก้า,Pleomele reflexa N.E.Br.,DRACAENACEAE,ไม้พุ่ม,ใบเรียวปลายแหลมสีเขียวคาดเหลือง ตามแนวยาว,พื้นที่ศึกษาที่ 11 สวนกาญจนาภิเษก
7-31170-001-100/6,ชองออฟจาไมก้า,Pleomele reflexa N.E.Br.,DRACAENACEAE,ไม้พุ่ม,ใบเรียวปลายแหลมสีเขียวคาดเหลือง ตามแนวยาว,พื้นที่ศึกษาที่ 14 บ้านพักครูทิศตะวันตก
7-31170-001-101,บานไม่รู้โรยฝรั่ง,Alternanthera dentata (Moench) Scheygr.,AMARANTHACEAE,ไม้ล้มลุก,ช่อดอกตั้งตรงเห็นเด่นชัด กลีบดอกแตกชี้,พื้นที่ศึกษาที่ 10 หน้าอาคาร 3
7-31170-001-102/1,เทียนทอง,Dendrobium cumulatum Lindl.,ORCHIDACEAE,ไม้พุ่ม,ยอดอ่อนใบ สีเหลืองทอง,พื้นที่ศึกษาที่ 10 หน้าอาคาร 3
7-31170-001-102/2,เทียนทอง,Dendrobium cumulatum Lindl.,ORCHIDACEAE,ไม้พุ่ม,ยอดอ่อนใบ สีเหลืองทอง,พื้นที่ศึกษาที่ 10 หน้าอาคาร 3
7-31170-001-102/3,เทียนทอง,Dendrobium cumulatum Lindl.,ORCHIDACEAE,ไม้พุ่ม,ยอดอ่อนใบ สีเหลืองทอง,พื้นที่ศึกษาที่ 10 หน้าอาคาร 3
7-31170-001-102/4,เทียนทอง,Dendrobium cumulatum Lindl.,ORCHIDACEAE,ไม้พุ่ม,ยอดอ่อนใบ สีเหลืองทอง,พื้นที่ศึกษาที่ 10 หน้าอาคาร 3
7-31170-001-102/5,เทียนทอง,Dendrobium cumulatum Lindl.,ORCHIDACEAE,ไม้พุ่ม,ยอดอ่อนใบ สีเหลืองทอง,พื้นที่ศึกษาที่ 10 หน้าอาคาร 3
7-31170-001-102/6,เทียนทอง,Dendrobium cumulatum Lindl.,ORCHIDACEAE,ไม้พุ่ม,ยอดอ่อนใบ สีเหลืองทอง,พื้นที่ศึกษาที่ 10 หน้าอาคาร 3
7-31170-001-102/7,เทียนทอง,Dendrobium cumulatum Lindl.,ORCHIDACEAE,ไม้พุ่ม,ยอดอ่อนใบ สีเหลืองทอง,พื้นที่ศึกษาที่ 10 หน้าอาคาร 3
7-31170-001-102/8,เทียนทอง,Dendrobium cumulatum Lindl.,ORCHIDACEAE,ไม้พุ่ม,ยอดอ่อนใบ สีเหลืองทอง,พื้นที่ศึกษาที่ 10 หน้าอาคาร 3
7-31170-001-102/9,เทียนทอง,Dendrobium cumulatum Lindl.,ORCHIDACEAE,ไม้พุ่ม,ยอดอ่อนใบ สีเหลืองทอง,พื้นที่ศึกษาที่ 10 หน้าอาคาร 3
7-31170-001-102/10,เทียนทอง,Dendrobium cumulatum Lindl.,ORCHIDACEAE,ไม้พุ่ม,ยอดอ่อนใบ สีเหลืองทอง,พื้นที่ศึกษาที่ 10 หน้าอาคาร 3
7-31170-001-102/11,เทียนทอง,Dendrobium cumulatum Lindl.,ORCHIDACEAE,ไม้พุ่ม,ยอดอ่อนใบ สีเหลืองทอง,พื้นที่ศึกษาที่ 10 หน้าอาคาร 3
7-31170-001-102/12,เทียนทอง,Dendrobium cumulatum Lindl.,ORCHIDACEAE,ไม้พุ่ม,ยอดอ่อนใบ สีเหลืองทอง,พื้นที่ศึกษาที่ 10 หน้าอาคาร 3
7-31170-001-102/13,เทียนทอง,Dendrobium cumulatum Lindl.,ORCHIDACEAE,ไม้พุ่ม,ยอดอ่อนใบ สีเหลืองทอง,พื้นที่ศึกษาที่ 10 หน้าอาคาร 3
7-31170-001-103,เศรษฐีไซง่อน,Ophiopogon jaburan Lodd.,CONVALLARIACEAE,ไม้พุ่มเตี้ย,ใบโค้งลงล่างอ่อนช้อยปลายใบแหลม,พื้นที่ศึกษาที่ 10 หน้าอาคาร 3
7-31170-001-104/1,"มะค่าโมง,มะค่าหลวง, มะค่าหัวคำ",Afzelia xylocarpa (Kurz) Craib,LEGUMINOSAE-CAESALPINIOIDEAE,ไม้ต้น,ผลเป็นฝักใหญ่แบนเห็นเด่นชัด,พื้นที่ศึกษาที่ 10 หน้าอาคาร 3
7-31170-001-104/2,"มะค่าโมง,มะค่าหลวง, มะค่าหัวคำ",Afzelia xylocarpa (Kurz) Craib,LEGUMINOSAE-CAESALPINIOIDEAE,ไม้ต้น,ผลเป็นฝักใหญ่แบนเห็นเด่นชัด,พื้นที่ศึกษาที่ 11 สวนกาญจนาภิเษก
7-31170-001-104/3,"มะค่าโมง,มะค่าหลวง, มะค่าหัวคำ",Afzelia xylocarpa (Kurz) Craib,LEGUMINOSAE-CAESALPINIOIDEAE,ไม้ต้น,ผลเป็นฝักใหญ่แบนเห็นเด่นชัด,พื้นที่ศึกษาที่ 15 เตาเผาถ่าน
7-31170-001-104/4,"มะค่าโมง,มะค่าหลวง, มะค่าหัวคำ",Afzelia xylocarpa (Kurz) Craib,LEGUMINOSAE-CAESALPINIOIDEAE,ไม้ต้น,ผลเป็นฝักใหญ่แบนเห็นเด่นชัด,พื้นที่ศึกษาที่ 15 เตาเผาถ่าน
7-31170-001-104/5,"มะค่าโมง,มะค่าหลวง, มะค่าหัวคำ",Afzelia xylocarpa (Kurz) Craib,LEGUMINOSAE-CAESALPINIOIDEAE,ไม้ต้น,ผลเป็นฝักใหญ่แบนเห็นเด่นชัด,พื้นที่ศึกษาที่ 15 เตาเผาถ่าน
7-31170-001-104/6,"มะค่าโมง,มะค่าหลวง, มะค่าหัวคำ",Afzelia xylocarpa (Kurz) Craib,LEGUMINOSAE-CAESALPINIOIDEAE,ไม้ต้น,ผลเป็นฝักใหญ่แบนเห็นเด่นชัด,พื้นที่ศึกษาที่ 15 เตาเผาถ่าน
7-31170-001-104/7,"มะค่าโมง,มะค่าหลวง, มะค่าหัวคำ",Afzelia xylocarpa (Kurz) Craib,LEGUMINOSAE-CAESALPINIOIDEAE,ไม้ต้น,ผลเป็นฝักใหญ่แบนเห็นเด่นชัด,พื้นที่ศึกษาที่ 15 เตาเผาถ่าน
7-31170-001-104/8,"มะค่าโมง,มะค่าหลวง, มะค่าหัวคำ",Afzelia xylocarpa (Kurz) Craib,LEGUMINOSAE-CAESALPINIOIDEAE,ไม้ต้น,ผลเป็นฝักใหญ่แบนเห็นเด่นชัด,พื้นที่ศึกษาที่ 15 เตาเผาถ่าน
7-31170-001-104/9,"มะค่าโมง,มะค่าหลวง, มะค่าหัวคำ",Afzelia xylocarpa (Kurz) Craib,LEGUMINOSAE-CAESALPINIOIDEAE,ไม้ต้น,ผลเป็นฝักใหญ่แบนเห็นเด่นชัด,พื้นที่ศึกษาที่ 15 เตาเผาถ่าน
7-31170-001-104/10,"มะค่าโมง,มะค่าหลวง, มะค่าหัวคำ",Afzelia xylocarpa (Kurz) Craib,LEGUMINOSAE-CAESALPINIOIDEAE,ไม้ต้น,ผลเป็นฝักใหญ่แบนเห็นเด่นชัด,พื้นที่ศึกษาที่ 15 เตาเผาถ่าน
7-31170-001-104/11,"มะค่าโมง,มะค่าหลวง, มะค่าหัวคำ",Afzelia xylocarpa (Kurz) Craib,LEGUMINOSAE-CAESALPINIOIDEAE,ไม้ต้น,ผลเป็นฝักใหญ่แบนเห็นเด่นชัด,พื้นที่ศึกษาที่ 16 หอประชุม
7-31170-001-104/12,"มะค่าโมง,มะค่าหลวง, มะค่าหัวคำ",Afzelia xylocarpa (Kurz) Craib,LEGUMINOSAE-CAESALPINIOIDEAE,ไม้ต้น,ผลเป็นฝักใหญ่แบนเห็นเด่นชัด,พื้นที่ศึกษาที่ 16 หอประชุม
7-31170-001-104/13,"มะค่าโมง,มะค่าหลวง, มะค่าหัวคำ",Afzelia xylocarpa (Kurz) Craib,LEGUMINOSAE-CAESALPINIOIDEAE,ไม้ต้น,ผลเป็นฝักใหญ่แบนเห็นเด่นชัด,พื้นที่ศึกษาที่ 16 หอประชุม
7-31170-001-104/14,"มะค่าโมง,มะค่าหลวง, มะค่าหัวคำ",Afzelia xylocarpa (Kurz) Craib,LEGUMINOSAE-CAESALPINIOIDEAE,ไม้ต้น,ผลเป็นฝักใหญ่แบนเห็นเด่นชัด,พื้นที่ศึกษาที่ 16 หอประชุม
7-31170-001-104/15,"มะค่าโมง,มะค่าหลวง, มะค่าหัวคำ",Afzelia xylocarpa (Kurz) Craib,LEGUMINOSAE-CAESALPINIOIDEAE,ไม้ต้น,ผลเป็นฝักใหญ่แบนเห็นเด่นชัด,พื้นที่ศึกษาที่ 16 หอประชุม
7-31170-001-104/16,"มะค่าโมง,มะค่าหลวง, มะค่าหัวคำ",Afzelia xylocarpa (Kurz) Craib,LEGUMINOSAE-CAESALPINIOIDEAE,ไม้ต้น,ผลเป็นฝักใหญ่แบนเห็นเด่นชัด,พื้นที่ศึกษาที่ 16 หอประชุม
7-31170-001-104/17,"มะค่าโมง,มะค่าหลวง, มะค่าหัวคำ",Afzelia xylocarpa (Kurz) Craib,LEGUMINOSAE-CAESALPINIOIDEAE,ไม้ต้น,ผลเป็นฝักใหญ่แบนเห็นเด่นชัด,พื้นที่ศึกษาที่ 16 หอประชุม
7-31170-001-104/18,"มะค่าโมง,มะค่าหลวง, มะค่าหัวคำ",Afzelia xylocarpa (Kurz) Craib,LEGUMINOSAE-CAESALPINIOIDEAE,ไม้ต้น,ผลเป็นฝักใหญ่แบนเห็นเด่นชัด,พื้นที่ศึกษาที่ 16 หอประชุม
7-31170-001-104/19,"มะค่าโมง,มะค่าหลวง, มะค่าหัวคำ",Afzelia xylocarpa (Kurz) Craib,LEGUMINOSAE-CAESALPINIOIDEAE,ไม้ต้น,ผลเป็นฝักใหญ่แบนเห็นเด่นชัด,พื้นที่ศึกษาที่ 16 หอประชุม
7-31170-001-104/20,"มะค่าโมง,มะค่าหลวง, มะค่าหัวคำ",Afzelia xylocarpa (Kurz) Craib,LEGUMINOSAE-CAESALPINIOIDEAE,ไม้ต้น,ผลเป็นฝักใหญ่แบนเห็นเด่นชัด,พื้นที่ศึกษาที่ 16 หอประชุม
7-31170-001-104/21,"มะค่าโมง,มะค่าหลวง, มะค่าหัวคำ",Afzelia xylocarpa (Kurz) Craib,LEGUMINOSAE-CAESALPINIOIDEAE,ไม้ต้น,ผลเป็นฝักใหญ่แบนเห็นเด่นชัด,พื้นที่ศึกษาที่ 16 หอประชุม
7-31170-001-104/22,"มะค่าโมง,มะค่าหลวง, มะค่าหัวคำ",Afzelia xylocarpa (Kurz) Craib,LEGUMINOSAE-CAESALPINIOIDEAE,ไม้ต้น,ผลเป็นฝักใหญ่แบนเห็นเด่นชัด,พื้นที่ศึกษาที่ 16 หอประชุม
7-31170-001-104/23,"มะค่าโมง,มะค่าหลวง, มะค่าหัวคำ",Afzelia xylocarpa (Kurz) Craib,LEGUMINOSAE-CAESALPINIOIDEAE,ไม้ต้น,ผลเป็นฝักใหญ่แบนเห็นเด่นชัด,พื้นที่ศึกษาที่ 16 หอประชุม
7-31170-001-105/1,คูณ,Cassia fistula L.,LEGUMINOSAE-CAESALPINIOIDEAE,ไม้ต้น,ดอกเป็นพวงสีเหลืองทอง,พื้นที่ศึกษาที่ 11 สวนกาญจนาภิเษก
7-31170-001-105/2,คูณ,Cassia fistula L.,LEGUMINOSAE-CAESALPINIOIDEAE,ไม้ต้น,ดอกเป็นพวงสีเหลืองทอง,พื้นที่ศึกษาที่ 17 สนามฟุตบอล
7-31170-001-105/3,คูณ,Cassia fistula L.,LEGUMINOSAE-CAESALPINIOIDEAE,ไม้ต้น,ดอกเป็นพวงสีเหลืองทอง,พื้นที่ศึกษาที่ 17 สนามฟุตบอล
7-31170-001-105/4,คูณ,Cassia fistula L.,LEGUMINOSAE-CAESALPINIOIDEAE,ไม้ต้น,ดอกเป็นพวงสีเหลืองทอง,พื้นที่ศึกษาที่ 17 สนามฟุตบอล
7-31170-001-105/5,คูณ,Cassia fistula L.,LEGUMINOSAE-CAESALPINIOIDEAE,ไม้ต้น,ดอกเป็นพวงสีเหลืองทอง,พื้นที่ศึกษาที่ 17 สนามฟุตบอล
7-31170-001-105/6,คูณ,Cassia fistula L.,LEGUMINOSAE-CAESALPINIOIDEAE,ไม้ต้น,ดอกเป็นพวงสีเหลืองทอง,พื้นที่ศึกษาที่ 17 สนามฟุตบอล
7-31170-001-105/7,คูณ,Cassia fistula L.,LEGUMINOSAE-CAESALPINIOIDEAE,ไม้ต้น,ดอกเป็นพวงสีเหลืองทอง,พื้นที่ศึกษาที่ 17 สนามฟุตบอล
7-31170-001-105/8,คูณ,Cassia fistula L.,LEGUMINOSAE-CAESALPINIOIDEAE,ไม้ต้น,ดอกเป็นพวงสีเหลืองทอง,พื้นที่ศึกษาที่ 17 สนามฟุตบอล
7-31170-001-105/9,คูณ,Cassia fistula L.,LEGUMINOSAE-CAESALPINIOIDEAE,ไม้ต้น,ดอกเป็นพวงสีเหลืองทอง,พื้นที่ศึกษาที่ 17 สนามฟุตบอล
7-31170-001-105/10,คูณ,Cassia fistula L.,LEGUMINOSAE-CAESALPINIOIDEAE,ไม้ต้น,ดอกเป็นพวงสีเหลืองทอง,พื้นที่ศึกษาที่ 17 สนามฟุตบอล
7-31170-001-105/11,คูณ,Cassia fistula L.,LEGUMINOSAE-CAESALPINIOIDEAE,ไม้ต้น,ดอกเป็นพวงสีเหลืองทอง,พื้นที่ศึกษาที่ 17 สนามฟุตบอล
7-31170-001-105/12,คูณ,Cassia fistula L.,LEGUMINOSAE-CAESALPINIOIDEAE,ไม้ต้น,ดอกเป็นพวงสีเหลืองทอง,พื้นที่ศึกษาที่ 17 สนามฟุตบอล
7-31170-001-105/13,คูณ,Cassia fistula L.,LEGUMINOSAE-CAESALPINIOIDEAE,ไม้ต้น,ดอกเป็นพวงสีเหลืองทอง,พื้นที่ศึกษาที่ 17 สนามฟุตบอล
7-31170-001-105/14,คูณ,Cassia fistula L.,LEGUMINOSAE-CAESALPINIOIDEAE,ไม้ต้น,ดอกเป็นพวงสีเหลืองทอง,พื้นที่ศึกษาที่ 17 สนามฟุตบอล
7-31170-001-105/15,คูณ,Cassia fistula L.,LEGUMINOSAE-CAESALPINIOIDEAE,ไม้ต้น,ดอกเป็นพวงสีเหลืองทอง,พื้นที่ศึกษาที่ 17 สนามฟุตบอล
7-31170-001-105/16,คูณ,Cassia fistula L.,LEGUMINOSAE-CAESALPINIOIDEAE,ไม้ต้น,ดอกเป็นพวงสีเหลืองทอง,พื้นที่ศึกษาที่ 17 สนามฟุตบอล
7-31170-001-105/17,คูณ,Cassia fistula L.,LEGUMINOSAE-CAESALPINIOIDEAE,ไม้ต้น,ดอกเป็นพวงสีเหลืองทอง,พื้นที่ศึกษาที่ 17 สนามฟุตบอล
7-31170-001-105/18,คูณ,Cassia fistula L.,LEGUMINOSAE-CAESALPINIOIDEAE,ไม้ต้น,ดอกเป็นพวงสีเหลืองทอง,พื้นที่ศึกษาที่ 17 สนามฟุตบอล
7-31170-001-105/19,คูณ,Cassia fistula L.,LEGUMINOSAE-CAESALPINIOIDEAE,ไม้ต้น,ดอกเป็นพวงสีเหลืองทอง,พื้นที่ศึกษาที่ 17 สนามฟุตบอล
7-31170-001-105/20,คูณ,Cassia fistula L.,LEGUMINOSAE-CAESALPINIOIDEAE,ไม้ต้น,ดอกเป็นพวงสีเหลืองทอง,พื้นที่ศึกษาที่ 17 สนามฟุตบอล
7-31170-001-105/21,คูณ,Cassia fistula L.,LEGUMINOSAE-CAESALPINIOIDEAE,ไม้ต้น,ดอกเป็นพวงสีเหลืองทอง,พื้นที่ศึกษาที่ 17 สนามฟุตบอล
7-31170-001-105/22,คูณ,Cassia fistula L.,LEGUMINOSAE-CAESALPINIOIDEAE,ไม้ต้น,ดอกเป็นพวงสีเหลืองทอง,พื้นที่ศึกษาที่ 17 สนามฟุตบอล
7-31170-001-105/23,คูณ,Cassia fistula L.,LEGUMINOSAE-CAESALPINIOIDEAE,ไม้ต้น,ดอกเป็นพวงสีเหลืองทอง,พื้นที่ศึกษาที่ 17 สนามฟุตบอล
7-31170-001-105/24,คูณ,Cassia fistula L.,LEGUMINOSAE-CAESALPINIOIDEAE,ไม้ต้น,ดอกเป็นพวงสีเหลืองทอง,พื้นที่ศึกษาที่ 17 สนามฟุตบอล
7-31170-001-105/25,คูณ,Cassia fistula L.,LEGUMINOSAE-CAESALPINIOIDEAE,ไม้ต้น,ดอกเป็นพวงสีเหลืองทอง,พื้นที่ศึกษาที่ 17 สนามฟุตบอล
7-31170-001-105/26,คูณ,Cassia fistula L.,LEGUMINOSAE-CAESALPINIOIDEAE,ไม้ต้น,ดอกเป็นพวงสีเหลืองทอง,พื้นที่ศึกษาที่ 17 สนามฟุตบอล
7-31170-001-105/27,คูณ,Cassia fistula L.,LEGUMINOSAE-CAESALPINIOIDEAE,ไม้ต้น,ดอกเป็นพวงสีเหลืองทอง,พื้นที่ศึกษาที่ 17 สนามฟุตบอล
7-31170-001-105/28,คูณ,Cassia fistula L.,LEGUMINOSAE-CAESALPINIOIDEAE,ไม้ต้น,ดอกเป็นพวงสีเหลืองทอง,พื้นที่ศึกษาที่ 17 สนามฟุตบอล
7-31170-001-105/29,คูณ,Cassia fistula L.,LEGUMINOSAE-CAESALPINIOIDEAE,ไม้ต้น,ดอกเป็นพวงสีเหลืองทอง,พื้นที่ศึกษาที่ 17 สนามฟุตบอล
7-31170-001-105/30,คูณ,Cassia fistula L.,LEGUMINOSAE-CAESALPINIOIDEAE,ไม้ต้น,ดอกเป็นพวงสีเหลืองทอง,พื้นที่ศึกษาที่ 17 สนามฟุตบอล
7-31170-001-105/31,คูณ,Cassia fistula L.,LEGUMINOSAE-CAESALPINIOIDEAE,ไม้ต้น,ดอกเป็นพวงสีเหลืองทอง,พื้นที่ศึกษาที่ 17 สนามฟุตบอล
7-31170-001-105/32,คูณ,Cassia fistula L.,LEGUMINOSAE-CAESALPINIOIDEAE,ไม้ต้น,ดอกเป็นพวงสีเหลืองทอง,พื้นที่ศึกษาที่ 17 สนามฟุตบอล
7-31170-001-105/33,คูณ,Cassia fistula L.,LEGUMINOSAE-CAESALPINIOIDEAE,ไม้ต้น,ดอกเป็นพวงสีเหลืองทอง,พื้นที่ศึกษาที่ 17 สนามฟุตบอล
7-31170-001-105/34,คูณ,Cassia fistula L.,LEGUMINOSAE-CAESALPINIOIDEAE,ไม้ต้น,ดอกเป็นพวงสีเหลืองทอง,พื้นที่ศึกษาที่ 17 สนามฟุตบอล
7-31170-001-105/35,คูณ,Cassia fistula L.,LEGUMINOSAE-CAESALPINIOIDEAE,ไม้ต้น,ดอกเป็นพวงสีเหลืองทอง,พื้นที่ศึกษาที่ 17 สนามฟุตบอล
7-31170-001-106/1,"เลี่ยน, เคี่ยน, เฮี่ยน",Melia azedarach L.,MELIACEAE,ไม้ต้น,ยางสีขาวขุ่น,พื้นที่ศึกษาที่ 11 สวนกาญจนาภิเษก
7-31170-001-106/2,"เลี่ยน, เคี่ยน, เฮี่ยน",Melia azedarach L.,MELIACEAE,ไม้ต้น,ยางสีขาวขุ่น,พื้นที่ศึกษาที่ 11 สวนกาญจนาภิเษก
7-31170-001-106/3,"เลี่ยน, เคี่ยน, เฮี่ยน",Melia azedarach L.,MELIACEAE,ไม้ต้น,ยางสีขาวขุ่น,พื้นที่ศึกษาที่ 11 สวนกาญจนาภิเษก
7-31170-001-106/4,"เลี่ยน, เคี่ยน, เฮี่ยน",Melia azedarach L.,MELIACEAE,ไม้ต้น,ยางสีขาวขุ่น,พื้นที่ศึกษาที่ 11 สวนกาญจนาภิเษก
7-31170-001-106/5,"เลี่ยน, เคี่ยน, เฮี่ยน",Melia azedarach L.,MELIACEAE,ไม้ต้น,ยางสีขาวขุ่น,พื้นที่ศึกษาที่ 11 สวนกาญจนาภิเษก
7-31170-001-106/6,"เลี่ยน, เคี่ยน, เฮี่ยน",Melia azedarach L.,MELIACEAE,ไม้ต้น,ยางสีขาวขุ่น,พื้นที่ศึกษาที่ 11 สวนกาญจนาภิเษก
7-31170-001-106/7,"เลี่ยน, เคี่ยน, เฮี่ยน",Melia azedarach L.,MELIACEAE,ไม้ต้น,ยางสีขาวขุ่น,พื้นที่ศึกษาที่ 11 สวนกาญจนาภิเษก
7-31170-001-106/8,"เลี่ยน, เคี่ยน, เฮี่ยน",Melia azedarach L.,MELIACEAE,ไม้ต้น,ยางสีขาวขุ่น,พื้นที่ศึกษาที่ 11 สวนกาญจนาภิเษก
7-31170-001-106/9,"เลี่ยน, เคี่ยน, เฮี่ยน",Melia azedarach L.,MELIACEAE,ไม้ต้น,ยางสีขาวขุ่น,พื้นที่ศึกษาที่ 11 สวนกาญจนาภิเษก
7-31170-001-106/10,"เลี่ยน, เคี่ยน, เฮี่ยน",Melia azedarach L.,MELIACEAE,ไม้ต้น,ยางสีขาวขุ่น,พื้นที่ศึกษาที่ 11 สวนกาญจนาภิเษก
7-31170-001-106/11,"เลี่ยน, เคี่ยน, เฮี่ยน",Melia azedarach L.,MELIACEAE,ไม้ต้น,ยางสีขาวขุ่น,พื้นที่ศึกษาที่ 11 สวนกาญจนาภิเษก
7-31170-001-106/12,"เลี่ยน, เคี่ยน, เฮี่ยน",Melia azedarach L.,MELIACEAE,ไม้ต้น,ยางสีขาวขุ่น,พื้นที่ศึกษาที่ 11 สวนกาญจนาภิเษก
7-31170-001-106/13,"เลี่ยน, เคี่ยน, เฮี่ยน",Melia azedarach L.,MELIACEAE,ไม้ต้น,ยางสีขาวขุ่น,พื้นที่ศึกษาที่ 12 แปลงเกษตร
7-31170-001-106/14,"เลี่ยน, เคี่ยน, เฮี่ยน",Melia azedarach L.,MELIACEAE,ไม้ต้น,ยางสีขาวขุ่น,พื้นที่ศึกษาที่ 12 แปลงเกษตร
7-31170-001-107/1,ยูคาลิปตัส,Eucalyptus camaldulensis Dehnh.,MYRTACEAE,ไม้ต้น,ใบมีกลิ่นฉุนเย็น,พื้นที่ศึกษาที่ 11 สวนกาญจนาภิเษก
7-31170-001-107/2,ยูคาลิปตัส,Eucalyptus camaldulensis Dehnh.,MYRTACEAE,ไม้ต้น,ใบมีกลิ่นฉุนเย็น,พื้นที่ศึกษาที่ 11 สวนกาญจนาภิเษก
7-31170-001-107/3,ยูคาลิปตัส,Eucalyptus camaldulensis Dehnh.,MYRTACEAE,ไม้ต้น,ใบมีกลิ่นฉุนเย็น,พื้นที่ศึกษาที่ 11 สวนกาญจนาภิเษก
7-31170-001-107/4,ยูคาลิปตัส,Eucalyptus camaldulensis Dehnh.,MYRTACEAE,ไม้ต้น,ใบมีกลิ่นฉุนเย็น,พื้นที่ศึกษาที่ 15 เตาเผาถ่าน
7-31170-001-107/5,ยูคาลิปตัส,Eucalyptus camaldulensis Dehnh.,MYRTACEAE,ไม้ต้น,ใบมีกลิ่นฉุนเย็น,พื้นที่ศึกษาที่ 15 เตาเผาถ่าน
7-31170-001-107/6,ยูคาลิปตัส,Eucalyptus camaldulensis Dehnh.,MYRTACEAE,ไม้ต้น,ใบมีกลิ่นฉุนเย็น,พื้นที่ศึกษาที่ 15 เตาเผาถ่าน
7-31170-001-107/7,ยูคาลิปตัส,Eucalyptus camaldulensis Dehnh.,MYRTACEAE,ไม้ต้น,ใบมีกลิ่นฉุนเย็น,พื้นที่ศึกษาที่ 15 เตาเผาถ่าน
7-31170-001-108/1,เข็มญี่ปุ่น เข็มแดง,Ixora stricta Roxb,RUBIACEAE,ไม้พุ่ม,ดอกช่อแหลมยาวคล้ายเข็ม,พื้นที่ศึกษาที่ 11 สวนกาญจนาภิเษก
7-31170-001-108/2,เข็มญี่ปุ่น เข็มแดง,Ixora stricta Roxb,RUBIACEAE,ไม้พุ่ม,ดอกช่อแหลมยาวคล้ายเข็ม,พื้นที่ศึกษาที่ 16 หอประชุม
7-31170-001-109,"สาธร,กระเจ๊าะ,ขะเจ๊าะ,กระท้อน (เพชรบูรณ์),ไม้กระทงน้ำ",Millettia buteoides (Gagnep) P.K.Loc,LEGUMINOSAE-PAPILIONOIDEAE,ไม้ต้น,ใบอ่อนและยอดอ่อนมีขนยาวอ่อนนิ่มคล้ายเส้นไหมปกคลุมอยู่,พื้นที่ศึกษาที่ 11 สวนกาญจนาภิเษก
7-31170-001-110/1,แคบ้าน,Sesbania grandiflora (L.) Desv.,LEGUMINOSAE-PAPILIONOIDEAE,ไม้ต้น,ยางสีน้ำตาลอมแดง,พื้นที่ศึกษาที่ 12 แปลงเกษตร
7-31170-001-110/2,แคบ้าน,Sesbania grandiflora (L.) Desv.,LEGUMINOSAE-PAPILIONOIDEAE,ไม้ต้น,ยางสีน้ำตาลอมแดง,พื้นที่ศึกษาที่ 12 แปลงเกษตร
7-31170-001-111,ผักหวานบ้าน,Sauropus androgynus (L.) Merr.,EUPHORBIACEAE,ไม้พุ่ม,ผลสีขาวนวลขั้วสีแดงห้อยเป็นแถว ตามก้านใบ คล้ายผลมะยม,พื้นที่ศึกษาที่ 12 แปลงเกษตร
7-31170-001-112/1,มะเขือพวง,Solanum torvum Sw.,SOLANACEAE,ไม้พุ่ม,ใบและกิ่งมีขน กิ่งก้านมีหนามแหลม,พื้นที่ศึกษาที่ 12 แปลงเกษตร
7-31170-001-112/2,มะเขือพวง,Solanum torvum Sw.,SOLANACEAE,ไม้พุ่ม,ใบและกิ่งมีขน กิ่งก้านมีหนามแหลม,พื้นที่ศึกษาที่ 12 แปลงเกษตร
7-31170-001-112/3,มะเขือพวง,Solanum torvum Sw.,SOLANACEAE,ไม้พุ่ม,ใบและกิ่งมีขน กิ่งก้านมีหนามแหลม,พื้นที่ศึกษาที่ 12 แปลงเกษตร
7-31170-001-112/4,มะเขือพวง,Solanum torvum Sw.,SOLANACEAE,ไม้พุ่ม,ใบและกิ่งมีขน กิ่งก้านมีหนามแหลม,พื้นที่ศึกษาที่ 12 แปลงเกษตร
7-31170-001-112/5,มะเขือพวง,Solanum torvum Sw.,SOLANACEAE,ไม้พุ่ม,ใบและกิ่งมีขน กิ่งก้านมีหนามแหลม,พื้นที่ศึกษาที่ 12 แปลงเกษตร
7-31170-001-113/1,ตำแยตัวเมีย,Laportea interrupta (L.) Chew,URTICACEAE,ไม้ล้มลุก,ใบมีขนสัมผัสแล้วคัน,พื้นที่ศึกษาที่ 12 แปลงเกษตร
7-31170-001-113/2,ตำแยตัวเมีย,Laportea interrupta (L.) Chew,URTICACEAE,ไม้ล้มลุก,ใบมีขนสัมผัสแล้วคัน,พื้นที่ศึกษาที่ 12 แปลงเกษตร
7-31170-001-113/3,ตำแยตัวเมีย,Laportea interrupta (L.) Chew,URTICACEAE,ไม้ล้มลุก,ใบมีขนสัมผัสแล้วคัน,พื้นที่ศึกษาที่ 12 แปลงเกษตร
7-31170-001-114/1,ตำแยตัวผู้,Acalypha indica L.,EUPHORBIACEAE,ไม้ล้มลุก,ใบเรียบผิวมัน,พื้นที่ศึกษาที่ 12 แปลงเกษตร
7-31170-001-114/2,ตำแยตัวผู้,Acalypha indica L.,EUPHORBIACEAE,ไม้ล้มลุก,ใบเรียบผิวมัน,พื้นที่ศึกษาที่ 12 แปลงเกษตร
7-31170-001-114/3,ตำแยตัวผู้,Acalypha indica L.,EUPHORBIACEAE,ไม้ล้มลุก,ใบเรียบผิวมัน,พื้นที่ศึกษาที่ 12 แปลงเกษตร
7-31170-001-114/4,ตำแยตัวผู้,Acalypha indica L.,EUPHORBIACEAE,ไม้ล้มลุก,ใบเรียบผิวมัน,พื้นที่ศึกษาที่ 12 แปลงเกษตร
7-31170-001-115/1,"กะเพรา, กอมก้อดง",Ocimum tenuiflorum L.,LABIATAE,ไม้ล้มลุก,มีกลิ่นฉุน,พื้นที่ศึกษาที่ 12 แปลงเกษตร
7-31170-001-115/2,"กะเพรา, กอมก้อดง",Ocimum tenuiflorum L.,LABIATAE,ไม้ล้มลุก,มีกลิ่นฉุน,พื้นที่ศึกษาที่ 12 แปลงเกษตร
7-31170-001-115/3,"กะเพรา, กอมก้อดง",Ocimum tenuiflorum L.,LABIATAE,ไม้ล้มลุก,มีกลิ่นฉุน,พื้นที่ศึกษาที่ 12 แปลงเกษตร
7-31170-001-115/4,"กะเพรา, กอมก้อดง",Ocimum tenuiflorum L.,LABIATAE,ไม้ล้มลุก,มีกลิ่นฉุน,พื้นที่ศึกษาที่ 12 แปลงเกษตร
7-31170-001-115/5,"กะเพรา, กอมก้อดง",Ocimum tenuiflorum L.,LABIATAE,ไม้ล้มลุก,มีกลิ่นฉุน,พื้นที่ศึกษาที่ 12 แปลงเกษตร
7-31170-001-116/1,"โหระพา, อิ่มคิมขาว",Ocimum basilicum L.,LABIATAE,ไม้ล้มลุก,มีกลิ่นฉุน,พื้นที่ศึกษาที่ 12 แปลงเกษตร
7-31170-001-116/2,"โหระพา, อิ่มคิมขาว",Ocimum basilicum L.,LABIATAE,ไม้ล้มลุก,มีกลิ่นฉุน,พื้นที่ศึกษาที่ 12 แปลงเกษตร
7-31170-001-116/3,"โหระพา, อิ่มคิมขาว",Ocimum basilicum L.,LABIATAE,ไม้ล้มลุก,มีกลิ่นฉุน,พื้นที่ศึกษาที่ 12 แปลงเกษตร
7-31170-001-116/4,"โหระพา, อิ่มคิมขาว",Ocimum basilicum L.,LABIATAE,ไม้ล้มลุก,มีกลิ่นฉุน,พื้นที่ศึกษาที่ 12 แปลงเกษตร
7-31170-001-116/5,"โหระพา, อิ่มคิมขาว",Ocimum basilicum L.,LABIATAE,ไม้ล้มลุก,มีกลิ่นฉุน,พื้นที่ศึกษาที่ 12 แปลงเกษตร
7-31170-001-117/1,มะละกอ,Carica papaya L.,CARICACEAE,ไม้ต้น,มียางสีขาวขุ่นที่ผล ใบ ลำต้น,พื้นที่ศึกษาที่ 12 แปลงเกษตร
7-31170-001-117/2,มะละกอ,Carica papaya L.,CARICACEAE,ไม้ต้น,มียางสีขาวขุ่นที่ผล ใบ ลำต้น,พื้นที่ศึกษาที่ 12 แปลงเกษตร
7-31170-001-117/3,มะละกอ,Carica papaya L.,CARICACEAE,ไม้ต้น,มียางสีขาวขุ่นที่ผล ใบ ลำต้น,พื้นที่ศึกษาที่ 12 แปลงเกษตร
7-31170-001-117/4,มะละกอ,Carica papaya L.,CARICACEAE,ไม้ต้น,มียางสีขาวขุ่นที่ผล ใบ ลำต้น,พื้นที่ศึกษาที่ 12 แปลงเกษตร
7-31170-001-117/5,มะละกอ,Carica papaya L.,CARICACEAE,ไม้ต้น,มียางสีขาวขุ่นที่ผล ใบ ลำต้น,พื้นที่ศึกษาที่ 12 แปลงเกษตร
7-31170-001-118/1,ไมยราบ,Biophytum sensitivum (L.) DC.,OXALIDACEAE,ไม้ล้มลุก,มีหนามแหลมตามข้อ ใบห่อ เวลากระทบกระเทือน,พื้นที่ศึกษาที่ 12 แปลงเกษตร
7-31170-001-118/2,ไมยราบ,Biophytum sensitivum (L.) DC.,OXALIDACEAE,ไม้ล้มลุก,มีหนามแหลมตามข้อ ใบห่อ เวลากระทบกระเทือน,พื้นที่ศึกษาที่ 12 แปลงเกษตร
7-31170-001-119,ชะพลู,Piper aurantiacum Miq.,PIPERACEAE,ไม้ล้มลุก,ใบกิ่งก้านมีกลิ่นฉุน,พื้นที่ศึกษาที่ 12 แปลงเกษตร
7-31170-001-120/1,หลิวใต้หวัน,"Cuphea hyssopifolia Humb.,Bonpl.& Kunth",LYTHRACEAE,ไม้ล้มลุก,ดอกเล็กชูสีม่วงเข้ม,พื้นที่ศึกษาที่ 12 แปลงเกษตร
7-31170-001-120/2,หลิวใต้หวัน,"Cuphea hyssopifolia Humb.,Bonpl.& Kunth",LYTHRACEAE,ไม้ล้มลุก,ดอกเล็กชูสีม่วงเข้ม,พื้นที่ศึกษาที่ 8 บริเวณอาคาร 4
7-31170-001-121/1,"หญ้าหนวดแมว, บางรักป่า, พยับเมฆ,อีตู่ดง",Orthosiphon aristatus (Blume) Miq.,LABIATAE,ไม้ล้มลุก,ดอกคล้ายหนวดแมว,พื้นที่ศึกษาที่ 12 แปลงเกษตร
7-31170-001-121/2,"หญ้าหนวดแมว, บางรักป่า, พยับเมฆ,อีตู่ดง",Orthosiphon aristatus (Blume) Miq.,LABIATAE,ไม้ล้มลุก,ดอกคล้ายหนวดแมว,พื้นที่ศึกษาที่ 12 แปลงเกษตร
7-31170-001-121/3,"หญ้าหนวดแมว, บางรักป่า, พยับเมฆ,อีตู่ดง",Orthosiphon aristatus (Blume) Miq.,LABIATAE,ไม้ล้มลุก,ดอกคล้ายหนวดแมว,พื้นที่ศึกษาที่ 12 แปลงเกษตร
7-31170-001-121/4,"หญ้าหนวดแมว, บางรักป่า, พยับเมฆ,อีตู่ดง",Orthosiphon aristatus (Blume) Miq.,LABIATAE,ไม้ล้มลุก,ดอกคล้ายหนวดแมว,พื้นที่ศึกษาที่ 12 แปลงเกษตร
7-31170-001-121/5,"หญ้าหนวดแมว, บางรักป่า, พยับเมฆ,อีตู่ดง",Orthosiphon aristatus (Blume) Miq.,LABIATAE,ไม้ล้มลุก,ดอกคล้ายหนวดแมว,พื้นที่ศึกษาที่ 12 แปลงเกษตร
7-31170-001-122,"ผักขม, ผักโหมเกลี้ยง",Amaranthus lividus L.,AMARANTHACEAE,ไม้ล้มลุก,มีกลิ่นหืน,พื้นที่ศึกษาที่ 12 แปลงเกษตร
7-31170-001-123/1,"ผักเสี้ยน, ผักเสี้ยนขาว",Cleome gynandra L.,CAPPARACEAE,ไม้ล้มลุก,มีกลิ่นฉุน,พื้นที่ศึกษาที่ 12 แปลงเกษตร
7-31170-001-123/2,"ผักเสี้ยน, ผักเสี้ยนขาว",Cleome gynandra L.,CAPPARACEAE,ไม้ล้มลุก,มีกลิ่นฉุน,พื้นที่ศึกษาที่ 12 แปลงเกษตร
7-31170-001-123/3,"ผักเสี้ยน, ผักเสี้ยนขาว",Cleome gynandra L.,CAPPARACEAE,ไม้ล้มลุก,มีกลิ่นฉุน,พื้นที่ศึกษาที่ 12 แปลงเกษตร
7-31170-001-124,น้ำนมราชสีห์,Euphorbia hirta L.,EUPHORBIACEAE,ไม้ล้มลุก,ยางขาวขุ่นเหมือนน้ำนม,พื้นที่ศึกษาที่ 12 แปลงเกษตร
7-31170-001-125/1,ข้าวโพด,Zea mays L.,GRAMINEAE,ไม้ล้มลุก,ใบมีขน,พื้นที่ศึกษาที่ 12 แปลงเกษตร
7-31170-001-125/2,ข้าวโพด,Zea mays L.,GRAMINEAE,ไม้ล้มลุก,ใบมีขน,พื้นที่ศึกษาที่ 12 แปลงเกษตร
7-31170-001-125/3,ข้าวโพด,Zea mays L.,GRAMINEAE,ไม้ล้มลุก,ใบมีขน,พื้นที่ศึกษาที่ 12 แปลงเกษตร
7-31170-001-125/4,ข้าวโพด,Zea mays L.,GRAMINEAE,ไม้ล้มลุก,ใบมีขน,พื้นที่ศึกษาที่ 12 แปลงเกษตร
7-31170-001-125/5,ข้าวโพด,Zea mays L.,GRAMINEAE,ไม้ล้มลุก,ใบมีขน,พื้นที่ศึกษาที่ 12 แปลงเกษตร
7-31170-001-125/6,ข้าวโพด,Zea mays L.,GRAMINEAE,ไม้ล้มลุก,ใบมีขน,พื้นที่ศึกษาที่ 12 แปลงเกษตร
7-31170-001-126/1,กล้วยน้ำว้า,Musa sapientum Linn,MUSACEAE,ไม้ล้มลุก,ดอกตัวเมียจะกลายเป็นผล,พื้นที่ศึกษาที่ 12 แปลงเกษตร
7-31170-001-126/2,กล้วยน้ำว้า,Musa sapientum Linn,MUSACEAE,ไม้ล้มลุก,ดอกตัวเมียจะกลายเป็นผล,พื้นที่ศึกษาที่ 12 แปลงเกษตร
7-31170-001-126/3,กล้วยน้ำว้า,Musa sapientum Linn,MUSACEAE,ไม้ล้มลุก,ดอกตัวเมียจะกลายเป็นผล,พื้นที่ศึกษาที่ 12 แปลงเกษตร
7-31170-001-126/4,กล้วยน้ำว้า,Musa sapientum Linn,MUSACEAE,ไม้ล้มลุก,ดอกตัวเมียจะกลายเป็นผล,พื้นที่ศึกษาที่ 12 แปลงเกษตร
7-31170-001-126/5,กล้วยน้ำว้า,Musa sapientum Linn,MUSACEAE,ไม้ล้มลุก,ดอกตัวเมียจะกลายเป็นผล,พื้นที่ศึกษาที่ 12 แปลงเกษตร
7-31170-001-126/6,กล้วยน้ำว้า,Musa sapientum Linn,MUSACEAE,ไม้ล้มลุก,ดอกตัวเมียจะกลายเป็นผล,พื้นที่ศึกษาที่ 12 แปลงเกษตร
7-31170-001-127/1,ชะอม,Acacia insuavis (Lace) I.C. Nielsen,LEGUMINOSAE-MIMOSOIDEAE (MIMOSACEAE),ไม้รอเลื้อย,มีกลิ่นฉุน เหม็นหืน,พื้นที่ศึกษาที่ 12 แปลงเกษตร
7-31170-001-127/2,ชะอม,Acacia insuavis (Lace) I.C. Nielsen,LEGUMINOSAE-MIMOSOIDEAE (MIMOSACEAE),ไม้รอเลื้อย,มีกลิ่นฉุน เหม็นหืน,พื้นที่ศึกษาที่ 12 แปลงเกษตร
7-31170-001-127/3,ชะอม,Acacia insuavis (Lace) I.C. Nielsen,LEGUMINOSAE-MIMOSOIDEAE (MIMOSACEAE),ไม้รอเลื้อย,มีกลิ่นฉุน เหม็นหืน,พื้นที่ศึกษาที่ 12 แปลงเกษตร
7-31170-001-128/1,หญ้าแห้วหมู,Cyperus rotundus L.,CYPERACEAE,ไม้ล้มลุก,ลำต้นใต้ดิน,พื้นที่ศึกษาที่ 12 แปลงเกษตร
7-31170-001-128/2,หญ้าแห้วหมู,Cyperus rotundus L.,CYPERACEAE,ไม้ล้มลุก,ลำต้นใต้ดิน,พื้นที่ศึกษาที่ 12 แปลงเกษตร
7-31170-001-128/3,หญ้าแห้วหมู,Cyperus rotundus L.,CYPERACEAE,ไม้ล้มลุก,ลำต้นใต้ดิน,พื้นที่ศึกษาที่ 12 แปลงเกษตร
7-31170-001-128/4,หญ้าแห้วหมู,Cyperus rotundus L.,CYPERACEAE,ไม้ล้มลุก,ลำต้นใต้ดิน,พื้นที่ศึกษาที่ 12 แปลงเกษตร
7-31170-001-129/1,ตะไคร้หอม,Cymbopogon nardus Rendle,GRAMINEAE,ไม้ล้มลุก,มีกลิ่นฉุน,พื้นที่ศึกษาที่ 12 แปลงเกษตร
7-31170-001-129/2,ตะไคร้หอม,Cymbopogon nardus Rendle,GRAMINEAE,ไม้ล้มลุก,มีกลิ่นฉุน,พื้นที่ศึกษาที่ 12 แปลงเกษตร
7-31170-001-129/3,ตะไคร้หอม,Cymbopogon nardus Rendle,GRAMINEAE,ไม้ล้มลุก,มีกลิ่นฉุน,พื้นที่ศึกษาที่ 12 แปลงเกษตร
7-31170-001-129/4,ตะไคร้หอม,Cymbopogon nardus Rendle,GRAMINEAE,ไม้ล้มลุก,มีกลิ่นฉุน,พื้นที่ศึกษาที่ 12 แปลงเกษตร
7-31170-001-129/5,ตะไคร้หอม,Cymbopogon nardus Rendle,GRAMINEAE,ไม้ล้มลุก,มีกลิ่นฉุน,พื้นที่ศึกษาที่ 12 แปลงเกษตร
7-31170-001-129/6,ตะไคร้หอม,Cymbopogon nardus Rendle,GRAMINEAE,ไม้ล้มลุก,มีกลิ่นฉุน,พื้นที่ศึกษาที่ 12 แปลงเกษตร
7-31170-001-129/7,ตะไคร้หอม,Cymbopogon nardus Rendle,GRAMINEAE,ไม้ล้มลุก,มีกลิ่นฉุน,พื้นที่ศึกษาที่ 12 แปลงเกษตร
7-31170-001-129/8,ตะไคร้หอม,Cymbopogon nardus Rendle,GRAMINEAE,ไม้ล้มลุก,มีกลิ่นฉุน,พื้นที่ศึกษาที่ 12 แปลงเกษตร
7-31170-001-129/9,ตะไคร้หอม,Cymbopogon nardus Rendle,GRAMINEAE,ไม้ล้มลุก,มีกลิ่นฉุน,พื้นที่ศึกษาที่ 12 แปลงเกษตร
7-31170-001-129/10,ตะไคร้หอม,Cymbopogon nardus Rendle,GRAMINEAE,ไม้ล้มลุก,มีกลิ่นฉุน,พื้นที่ศึกษาที่ 12 แปลงเกษตร
7-31170-001-129/11,ตะไคร้หอม,Cymbopogon nardus Rendle,GRAMINEAE,ไม้ล้มลุก,มีกลิ่นฉุน,พื้นที่ศึกษาที่ 12 แปลงเกษตร
7-31170-001-129/12,ตะไคร้หอม,Cymbopogon nardus Rendle,GRAMINEAE,ไม้ล้มลุก,มีกลิ่นฉุน,พื้นที่ศึกษาที่ 12 แปลงเกษตร
7-31170-001-129/13,ตะไคร้หอม,Cymbopogon nardus Rendle,GRAMINEAE,ไม้ล้มลุก,มีกลิ่นฉุน,พื้นที่ศึกษาที่ 12 แปลงเกษตร
7-31170-001-129/14,ตะไคร้หอม,Cymbopogon nardus Rendle,GRAMINEAE,ไม้ล้มลุก,มีกลิ่นฉุน,พื้นที่ศึกษาที่ 12 แปลงเกษตร
7-31170-001-129/15,ตะไคร้หอม,Cymbopogon nardus Rendle,GRAMINEAE,ไม้ล้มลุก,มีกลิ่นฉุน,พื้นที่ศึกษาที่ 12 แปลงเกษตร
7-31170-001-129/16,ตะไคร้หอม,Cymbopogon nardus Rendle,GRAMINEAE,ไม้ล้มลุก,มีกลิ่นฉุน,พื้นที่ศึกษาที่ 12 แปลงเกษตร
7-31170-001-129/17,ตะไคร้หอม,Cymbopogon nardus Rendle,GRAMINEAE,ไม้ล้มลุก,มีกลิ่นฉุน,พื้นที่ศึกษาที่ 12 แปลงเกษตร
7-31170-001-129/18,ตะไคร้หอม,Cymbopogon nardus Rendle,GRAMINEAE,ไม้ล้มลุก,มีกลิ่นฉุน,พื้นที่ศึกษาที่ 12 แปลงเกษตร
7-31170-001-130,"กาบหอย,ว่านหอย",Tradescantia virginiana L.,COMMELINACEAE,ไม้ล้มลุก,ท้องใบสีม่วง,พื้นที่ศึกษาที่ 2 ทิศเหนือศูนย์สิ่งแวดล้อม
7-31170-001-131,หญ้าปักกิ่ง,Murdannia loriformis (Hassk.),COMMELINACEAE,ไม้ล้มลุก,ดอกสีม่วง,พื้นที่ศึกษาที่ 2 ทิศเหนือศูนย์สิ่งแวดล้อม
7-31170-001-132/1,"เหงือกปลาหมอ, แก้มหมอ(สตูล), แก้มหมอเล(กระบี่), จะเกร็ง",Acanthus ebracteatus Vahl,ACANTHACEAE,ไม้ล้มลุก,ขอบใบมีหนามแหลมคม,พื้นที่ศึกษาที่ 2 ทิศเหนือศูนย์สิ่งแวดล้อม
7-31170-001-132/2,"เหงือกปลาหมอ, แก้มหมอ(สตูล), แก้มหมอเล(กระบี่), จะเกร็ง",Acanthus ebracteatus Vahl,ACANTHACEAE,ไม้ล้มลุก,ขอบใบมีหนามแหลมคม,พื้นที่ศึกษาที่ 2 ทิศเหนือศูนย์สิ่งแวดล้อม
7-31170-001-133,"ว่านงาช้าง, ว่านงู",Sansevieria cylindrica Bojer,DRACAENACEAE,ไม้ล้มลุก,ใบกลมทรงกระบอกปลายแหลม คล้ายงาช้าง,พื้นที่ศึกษาที่ 2 ทิศเหนือศูนย์สิ่งแวดล้อม
7-31170-001-134,"เอื้องหมายนา, เอื้องช้าง (นครศรีธรรมราช), เอื้องต้น(ยะลา)",Costus speciosus (Koen.) Sm.,COSTACEAE,ไม้ล้มลุก,ดอกช่อกาบรองดอกรูปไข่ปลายแหลม ติดกันติดกันสีขาว,พื้นที่ศึกษาที่ 2 ทิศเหนือศูนย์สิ่งแวดล้อม
7-31170-001-135,"เสลดพงพอน, พิมเสนต้น, เสลดพังพอนตัวผู้",Barleria lupulina Lindl.,ACANTHACEAE,ไม้ล้มลุก,กิ่งก้านมีหนามแหลมคมยาว,พื้นที่ศึกษาที่ 2 ทิศเหนือศูนย์สิ่งแวดล้อม
7-31170-001-136,"ขิงแดง, ขิงแกลง, ขิงเผือก",Zingiber officinale Roscoe,ZINGIBERACEAE,ไม้ล้มลุก,รากเป็นปมมีกลิ่นฉุน,พื้นที่ศึกษาที่ 2 ทิศเหนือศูนย์สิ่งแวดล้อม
7-31170-001-137,"ฟ้าทะลายโจร, ซีปังกี(จีน), หญ้ากันงู(สงขลา)",Andrographis paniculata (Burm.f.) Wall. Ex Nees,ACANTHACEAE,ไม้ล้มลุก,มีรสขม,พื้นที่ศึกษาที่ 2 ทิศเหนือศูนย์สิ่งแวดล้อม
7-31170-001-138,ว่านหางช้าง,Belamcanda chinensis (L.) DC.,IRIDACEAE,ไม้ล้มลุก,ใบเรียงสลับแผ่กว้างเหมือนหางช้าง,พื้นที่ศึกษาที่ 2 ทิศเหนือศูนย์สิ่งแวดล้อม
7-31170-001-139,ลูกใต้ใบ,Phyllanthus amarus Schumach. & Thonn.,EUPHORBIACEAE,ไม้ล้มลุก,มีผลใต้ใบ,พื้นที่ศึกษาที่ 2 ทิศเหนือศูนย์สิ่งแวดล้อม
7-31170-001-140,"ต้อยติ่ง,ต้อยติ่งไทย, ต้อยติ่งนา (กรุงเทพฯ), น้ำดับไฟ (ประจวบคีรีขันธ์)",Hygrophila erecta (Burm.f.) Hochr.,ACANTHACEAE,ไม้ล้มลุก,ดอกมีสีม่วงเข้ม,พื้นที่ศึกษาที่ 2 ทิศเหนือศูนย์สิ่งแวดล้อม
7-31170-001-141,เขียวหมื่นปี,Aglaonema modestum Schott,ARACEAE,ไม้ล้มลุก,ใบด่างเขียวสลับขาว ตามแนวเส้นกลางใบ,พื้นที่ศึกษาที่ 2 ทิศเหนือศูนย์สิ่งแวดล้อม
7-31170-001-142/1,มะกอก,Spondias pinnata (L.f.) Kurz.,ANACARDIACEAE,ไม้ต้น,ออกดอกที่ปลายกิ่ง ผลกลมรี เมล็ดแข็ง,พื้นที่ศึกษาที่ 12 แปลงเกษตร
7-31170-001-142/2,มะกอก,Spondias pinnata (L.f.) Kurz.,ANACARDIACEAE,ไม้ต้น,ออกดอกที่ปลายกิ่ง ผลกลมรี เมล็ดแข็ง,พื้นที่ศึกษาที่ 16 หอประชุม
7-31170-001-142/3,มะกอก,Spondias pinnata (L.f.) Kurz.,ANACARDIACEAE,ไม้ต้น,ออกดอกที่ปลายกิ่ง ผลกลมรี เมล็ดแข็ง,พื้นที่ศึกษาที่ 12 แปลงเกษตร
7-31170-001-142/4,มะกอก,Spondias pinnata (L.f.) Kurz.,ANACARDIACEAE,ไม้ต้น,ออกดอกที่ปลายกิ่ง ผลกลมรี เมล็ดแข็ง,พื้นที่ศึกษาที่ 12 แปลงเกษตร
7-31170-001-142/5,มะกอก,Spondias pinnata (L.f.) Kurz.,ANACARDIACEAE,ไม้ต้น,ออกดอกที่ปลายกิ่ง ผลกลมรี เมล็ดแข็ง,พื้นที่ศึกษาที่ 12 แปลงเกษตร
7-31170-001-142/6,มะกอก,Spondias pinnata (L.f.) Kurz.,ANACARDIACEAE,ไม้ต้น,ออกดอกที่ปลายกิ่ง ผลกลมรี เมล็ดแข็ง,พื้นที่ศึกษาที่ 12 แปลงเกษตร
7-31170-001-142/7,มะกอก,Spondias pinnata (L.f.) Kurz.,ANACARDIACEAE,ไม้ต้น,ออกดอกที่ปลายกิ่ง ผลกลมรี เมล็ดแข็ง,พื้นที่ศึกษาที่ 12 แปลงเกษตร
7-31170-001-143/1,โคกกระออม โพออม (ปัตตานี); ลูกลีบเครือ (ภาคเหนือ); วีวี่ (ปราจีนบุรี),Cardiospermum halicacabum L.,SAPINDACEAE,ไม้ล้มลุก,เลื้อยเกาะไม้ต้นที่อยู่ใกล้ ผลคล้ายสามเหลี่ยม พองๆ,พื้นที่ศึกษาที่ 12 แปลงเกษตร
7-31170-001-143/2,โคกกระออม โพออม (ปัตตานี); ลูกลีบเครือ (ภาคเหนือ); วีวี่ (ปราจีนบุรี),Cardiospermum halicacabum L.,SAPINDACEAE,ไม้ล้มลุก,เลื้อยเกาะไม้ต้นที่อยู่ใกล้ ผลคล้ายสามเหลี่ยม พองๆ,พื้นที่ศึกษาที่ 12 แปลงเกษตร
7-31170-001-144/1,ถั่วพร้า,Canavalia gladiata (Jacq.) DC.,LEGUMINOSAE-PAPILIONOIDEAE,ไม้ล้มลุก,ฝักยาว แบน เมล็ดสีขาว,พื้นที่ศึกษาที่ 12 แปลงเกษตร
7-31170-001-144/2,ถั่วพร้า,Canavalia gladiata (Jacq.) DC.,LEGUMINOSAE-PAPILIONOIDEAE,ไม้ล้มลุก,ฝักยาว แบน เมล็ดสีขาว,พื้นที่ศึกษาที่ 12 แปลงเกษตร
7-31170-001-144/3,ถั่วพร้า,Canavalia gladiata (Jacq.) DC.,LEGUMINOSAE-PAPILIONOIDEAE,ไม้ล้มลุก,ฝักยาว แบน เมล็ดสีขาว,พื้นที่ศึกษาที่ 12 แปลงเกษตร
7-31170-001-144/4,ถั่วพร้า,Canavalia gladiata (Jacq.) DC.,LEGUMINOSAE-PAPILIONOIDEAE,ไม้ล้มลุก,ฝักยาว แบน เมล็ดสีขาว,พื้นที่ศึกษาที่ 12 แปลงเกษตร
7-31170-001-144/5,ถั่วพร้า,Canavalia gladiata (Jacq.) DC.,LEGUMINOSAE-PAPILIONOIDEAE,ไม้ล้มลุก,ฝักยาว แบน เมล็ดสีขาว,พื้นที่ศึกษาที่ 12 แปลงเกษตร
7-31170-001-144/6,ถั่วพร้า,Canavalia gladiata (Jacq.) DC.,LEGUMINOSAE-PAPILIONOIDEAE,ไม้ล้มลุก,ฝักยาว แบน เมล็ดสีขาว,พื้นที่ศึกษาที่ 12 แปลงเกษตร
7-31170-001-144/7,ถั่วพร้า,Canavalia gladiata (Jacq.) DC.,LEGUMINOSAE-PAPILIONOIDEAE,ไม้ล้มลุก,ฝักยาว แบน เมล็ดสีขาว,พื้นที่ศึกษาที่ 12 แปลงเกษตร
7-31170-001-144/8,ถั่วพร้า,Canavalia gladiata (Jacq.) DC.,LEGUMINOSAE-PAPILIONOIDEAE,ไม้ล้มลุก,ฝักยาว แบน เมล็ดสีขาว,พื้นที่ศึกษาที่ 12 แปลงเกษตร
7-31170-001-144/9,ถั่วพร้า,Canavalia gladiata (Jacq.) DC.,LEGUMINOSAE-PAPILIONOIDEAE,ไม้ล้มลุก,ฝักยาว แบน เมล็ดสีขาว,พื้นที่ศึกษาที่ 12 แปลงเกษตร
7-31170-001-144/10,ถั่วพร้า,Canavalia gladiata (Jacq.) DC.,LEGUMINOSAE-PAPILIONOIDEAE,ไม้ล้มลุก,ฝักยาว แบน เมล็ดสีขาว,พื้นที่ศึกษาที่ 12 แปลงเกษตร
7-31170-001-144/11,ถั่วพร้า,Canavalia gladiata (Jacq.) DC.,LEGUMINOSAE-PAPILIONOIDEAE,ไม้ล้มลุก,ฝักยาว แบน เมล็ดสีขาว,พื้นที่ศึกษาที่ 12 แปลงเกษตร
7-31170-001-144/12,ถั่วพร้า,Canavalia gladiata (Jacq.) DC.,LEGUMINOSAE-PAPILIONOIDEAE,ไม้ล้มลุก,ฝักยาว แบน เมล็ดสีขาว,พื้นที่ศึกษาที่ 12 แปลงเกษตร
7-31170-001-144/13,ถั่วพร้า,Canavalia gladiata (Jacq.) DC.,LEGUMINOSAE-PAPILIONOIDEAE,ไม้ล้มลุก,ฝักยาว แบน เมล็ดสีขาว,พื้นที่ศึกษาที่ 12 แปลงเกษตร
7-31170-001-144/14,ถั่วพร้า,Canavalia gladiata (Jacq.) DC.,LEGUMINOSAE-PAPILIONOIDEAE,ไม้ล้มลุก,ฝักยาว แบน เมล็ดสีขาว,พื้นที่ศึกษาที่ 12 แปลงเกษตร
7-31170-001-144/15,ถั่วพร้า,Canavalia gladiata (Jacq.) DC.,LEGUMINOSAE-PAPILIONOIDEAE,ไม้ล้มลุก,ฝักยาว แบน เมล็ดสีขาว,พื้นที่ศึกษาที่ 12 แปลงเกษตร
7-31170-001-144/16,ถั่วพร้า,Canavalia gladiata (Jacq.) DC.,LEGUMINOSAE-PAPILIONOIDEAE,ไม้ล้มลุก,ฝักยาว แบน เมล็ดสีขาว,พื้นที่ศึกษาที่ 12 แปลงเกษตร
7-31170-001-144/17,ถั่วพร้า,Canavalia gladiata (Jacq.) DC.,LEGUMINOSAE-PAPILIONOIDEAE,ไม้ล้มลุก,ฝักยาว แบน เมล็ดสีขาว,พื้นที่ศึกษาที่ 12 แปลงเกษตร
7-31170-001-144/18,ถั่วพร้า,Canavalia gladiata (Jacq.) DC.,LEGUMINOSAE-PAPILIONOIDEAE,ไม้ล้มลุก,ฝักยาว แบน เมล็ดสีขาว,พื้นที่ศึกษาที่ 12 แปลงเกษตร
7-31170-001-144/19,ถั่วพร้า,Canavalia gladiata (Jacq.) DC.,LEGUMINOSAE-PAPILIONOIDEAE,ไม้ล้มลุก,ฝักยาว แบน เมล็ดสีขาว,พื้นที่ศึกษาที่ 12 แปลงเกษตร
7-31170-001-144/20,ถั่วพร้า,Canavalia gladiata (Jacq.) DC.,LEGUMINOSAE-PAPILIONOIDEAE,ไม้ล้มลุก,ฝักยาว แบน เมล็ดสีขาว,พื้นที่ศึกษาที่ 12 แปลงเกษตร
7-31170-001-145/1,บัวอเมซอน,Echinodorus cordifolius (L.) Griseb.,ALISMATACEAE,ไม้น้ำ ไม้ล้มลุก,ดอกช่อสีขาว ช่อฉัตร,พื้นที่ศึกษาที่ 12 แปลงเกษตร
7-31170-001-145/2,บัวอเมซอน,Echinodorus cordifolius (L.) Griseb.,ALISMATACEAE,ไม้น้ำ ไม้ล้มลุก,ดอกช่อสีขาว ช่อฉัตร,พื้นที่ศึกษาที่ 12 แปลงเกษตร
7-31170-001-145/3,บัวอเมซอน,Echinodorus cordifolius (L.) Griseb.,ALISMATACEAE,ไม้น้ำ ไม้ล้มลุก,ดอกช่อสีขาว ช่อฉัตร,พื้นที่ศึกษาที่ 12 แปลงเกษตร
7-31170-001-145/4,บัวอเมซอน,Echinodorus cordifolius (L.) Griseb.,ALISMATACEAE,ไม้น้ำ ไม้ล้มลุก,ดอกช่อสีขาว ช่อฉัตร,พื้นที่ศึกษาที่ 12 แปลงเกษตร
7-31170-001-145/5,บัวอเมซอน,Echinodorus cordifolius (L.) Griseb.,ALISMATACEAE,ไม้น้ำ ไม้ล้มลุก,ดอกช่อสีขาว ช่อฉัตร,พื้นที่ศึกษาที่ 12 แปลงเกษตร
7-31170-001-145/6,บัวอเมซอน,Echinodorus cordifolius (L.) Griseb.,ALISMATACEAE,ไม้น้ำ ไม้ล้มลุก,ดอกช่อสีขาว ช่อฉัตร,พื้นที่ศึกษาที่ 12 แปลงเกษตร
7-31170-001-145/7,บัวอเมซอน,Echinodorus cordifolius (L.) Griseb.,ALISMATACEAE,ไม้น้ำ ไม้ล้มลุก,ดอกช่อสีขาว ช่อฉัตร,พื้นที่ศึกษาที่ 12 แปลงเกษตร
7-31170-001-145/8,บัวอเมซอน,Echinodorus cordifolius (L.) Griseb.,ALISMATACEAE,ไม้น้ำ ไม้ล้มลุก,ดอกช่อสีขาว ช่อฉัตร,พื้นที่ศึกษาที่ 12 แปลงเกษตร
7-31170-001-145/9,บัวอเมซอน,Echinodorus cordifolius (L.) Griseb.,ALISMATACEAE,ไม้น้ำ ไม้ล้มลุก,ดอกช่อสีขาว ช่อฉัตร,พื้นที่ศึกษาที่ 12 แปลงเกษตร
7-31170-001-145/10,บัวอเมซอน,Echinodorus cordifolius (L.) Griseb.,ALISMATACEAE,ไม้น้ำ ไม้ล้มลุก,ดอกช่อสีขาว ช่อฉัตร,พื้นที่ศึกษาที่ 12 แปลงเกษตร
7-31170-001-145/11,บัวอเมซอน,Echinodorus cordifolius (L.) Griseb.,ALISMATACEAE,ไม้น้ำ ไม้ล้มลุก,ดอกช่อสีขาว ช่อฉัตร,พื้นที่ศึกษาที่ 12 แปลงเกษตร
7-31170-001-145/12,บัวอเมซอน,Echinodorus cordifolius (L.) Griseb.,ALISMATACEAE,ไม้น้ำ ไม้ล้มลุก,ดอกช่อสีขาว ช่อฉัตร,พื้นที่ศึกษาที่ 12 แปลงเกษตร
7-31170-001-145/13,บัวอเมซอน,Echinodorus cordifolius (L.) Griseb.,ALISMATACEAE,ไม้น้ำ ไม้ล้มลุก,ดอกช่อสีขาว ช่อฉัตร,พื้นที่ศึกษาที่ 12 แปลงเกษตร
7-31170-001-146/1,ตำลึงทอง,Passiflora foetida L.,PASSIFLORACEAE,ไม้ล้มลุก,ผลมีกลีบเลี้ยงเป็นริ้วหุ้ม,พื้นที่ศึกษาที่ 12 แปลงเกษตร
7-31170-001-146/2,ตำลึงทอง,Passiflora foetida L.,PASSIFLORACEAE,ไม้ล้มลุก,ผลมีกลีบเลี้ยงเป็นริ้วหุ้ม,พื้นที่ศึกษาที่ 12 แปลงเกษตร
7-31170-001-146/3,ตำลึงทอง,Passiflora foetida L.,PASSIFLORACEAE,ไม้ล้มลุก,ผลมีกลีบเลี้ยงเป็นริ้วหุ้ม,พื้นที่ศึกษาที่ 15 เตาเผาถ่าน
7-31170-001-146/4,ตำลึงทอง,Passiflora foetida L.,PASSIFLORACEAE,ไม้ล้มลุก,ผลมีกลีบเลี้ยงเป็นริ้วหุ้ม,พื้นที่ศึกษาที่ 15 เตาเผาถ่าน
7-31170-001-146/5,ตำลึงทอง,Passiflora foetida L.,PASSIFLORACEAE,ไม้ล้มลุก,ผลมีกลีบเลี้ยงเป็นริ้วหุ้ม,พื้นที่ศึกษาที่ 15 เตาเผาถ่าน
7-31170-001-146/6,ตำลึงทอง,Passiflora foetida L.,PASSIFLORACEAE,ไม้ล้มลุก,ผลมีกลีบเลี้ยงเป็นริ้วหุ้ม,พื้นที่ศึกษาที่ 15 เตาเผาถ่าน
7-31170-001-146/7,ตำลึงทอง,Passiflora foetida L.,PASSIFLORACEAE,ไม้ล้มลุก,ผลมีกลีบเลี้ยงเป็นริ้วหุ้ม,พื้นที่ศึกษาที่ 15 เตาเผาถ่าน
7-31170-001-146/8,ตำลึงทอง,Passiflora foetida L.,PASSIFLORACEAE,ไม้ล้มลุก,ผลมีกลีบเลี้ยงเป็นริ้วหุ้ม,พื้นที่ศึกษาที่ 15 เตาเผาถ่าน
7-31170-001-146/9,ตำลึงทอง,Passiflora foetida L.,PASSIFLORACEAE,ไม้ล้มลุก,ผลมีกลีบเลี้ยงเป็นริ้วหุ้ม,พื้นที่ศึกษาที่ 15 เตาเผาถ่าน
7-31170-001-146/10,ตำลึงทอง,Passiflora foetida L.,PASSIFLORACEAE,ไม้ล้มลุก,ผลมีกลีบเลี้ยงเป็นริ้วหุ้ม,พื้นที่ศึกษาที่ 15 เตาเผาถ่าน
7-31170-001-146/11,ตำลึงทอง,Passiflora foetida L.,PASSIFLORACEAE,ไม้ล้มลุก,ผลมีกลีบเลี้ยงเป็นริ้วหุ้ม,พื้นที่ศึกษาที่ 15 เตาเผาถ่าน
7-31170-001-146/12,ตำลึงทอง,Passiflora foetida L.,PASSIFLORACEAE,ไม้ล้มลุก,ผลมีกลีบเลี้ยงเป็นริ้วหุ้ม,พื้นที่ศึกษาที่ 15 เตาเผาถ่าน
7-31170-001-146/13,ตำลึงทอง,Passiflora foetida L.,PASSIFLORACEAE,ไม้ล้มลุก,ผลมีกลีบเลี้ยงเป็นริ้วหุ้ม,พื้นที่ศึกษาที่ 16 หอประชุม
7-31170-001-146/14,ตำลึงทอง,Passiflora foetida L.,PASSIFLORACEAE,ไม้ล้มลุก,ผลมีกลีบเลี้ยงเป็นริ้วหุ้ม,พื้นที่ศึกษาที่ 16 หอประชุม
7-31170-001-146/15,ตำลึงทอง,Passiflora foetida L.,PASSIFLORACEAE,ไม้ล้มลุก,ผลมีกลีบเลี้ยงเป็นริ้วหุ้ม,พื้นที่ศึกษาที่ 12 แปลงเกษตร
7-31170-001-146/16,ตำลึงทอง,Passiflora foetida L.,PASSIFLORACEAE,ไม้ล้มลุก,ผลมีกลีบเลี้ยงเป็นริ้วหุ้ม,พื้นที่ศึกษาที่ 12 แปลงเกษตร
7-31170-001-146/17,ตำลึงทอง,Passiflora foetida L.,PASSIFLORACEAE,ไม้ล้มลุก,ผลมีกลีบเลี้ยงเป็นริ้วหุ้ม,พื้นที่ศึกษาที่ 12 แปลงเกษตร
7-31170-001-146/18,ตำลึงทอง,Passiflora foetida L.,PASSIFLORACEAE,ไม้ล้มลุก,ผลมีกลีบเลี้ยงเป็นริ้วหุ้ม,พื้นที่ศึกษาที่ 12 แปลงเกษตร
7-31170-001-146/19,ตำลึงทอง,Passiflora foetida L.,PASSIFLORACEAE,ไม้ล้มลุก,ผลมีกลีบเลี้ยงเป็นริ้วหุ้ม,พื้นที่ศึกษาที่ 12 แปลงเกษตร
7-31170-001-146/20,ตำลึงทอง,Passiflora foetida L.,PASSIFLORACEAE,ไม้ล้มลุก,ผลมีกลีบเลี้ยงเป็นริ้วหุ้ม,พื้นที่ศึกษาที่ 12 แปลงเกษตร
7-31170-001-146/21,ตำลึงทอง,Passiflora foetida L.,PASSIFLORACEAE,ไม้ล้มลุก,ผลมีกลีบเลี้ยงเป็นริ้วหุ้ม,พื้นที่ศึกษาที่ 12 แปลงเกษตร
7-31170-001-146/22,ตำลึงทอง,Passiflora foetida L.,PASSIFLORACEAE,ไม้ล้มลุก,ผลมีกลีบเลี้ยงเป็นริ้วหุ้ม,พื้นที่ศึกษาที่ 12 แปลงเกษตร
7-31170-001-146/23,ตำลึงทอง,Passiflora foetida L.,PASSIFLORACEAE,ไม้ล้มลุก,ผลมีกลีบเลี้ยงเป็นริ้วหุ้ม,พื้นที่ศึกษาที่ 12 แปลงเกษตร
7-31170-001-146/24,ตำลึงทอง,Passiflora foetida L.,PASSIFLORACEAE,ไม้ล้มลุก,ผลมีกลีบเลี้ยงเป็นริ้วหุ้ม,พื้นที่ศึกษาที่ 12 แปลงเกษตร
7-31170-001-146/25,ตำลึงทอง,Passiflora foetida L.,PASSIFLORACEAE,ไม้ล้มลุก,ผลมีกลีบเลี้ยงเป็นริ้วหุ้ม,พื้นที่ศึกษาที่ 12 แปลงเกษตร
7-31170-001-146/26,ตำลึงทอง,Passiflora foetida L.,PASSIFLORACEAE,ไม้ล้มลุก,ผลมีกลีบเลี้ยงเป็นริ้วหุ้ม,พื้นที่ศึกษาที่ 12 แปลงเกษตร
7-31170-001-146/27,ตำลึงทอง,Passiflora foetida L.,PASSIFLORACEAE,ไม้ล้มลุก,ผลมีกลีบเลี้ยงเป็นริ้วหุ้ม,พื้นที่ศึกษาที่ 12 แปลงเกษตร
7-31170-001-146/28,ตำลึงทอง,Passiflora foetida L.,PASSIFLORACEAE,ไม้ล้มลุก,ผลมีกลีบเลี้ยงเป็นริ้วหุ้ม,พื้นที่ศึกษาที่ 12 แปลงเกษตร
7-31170-001-146/29,ตำลึงทอง,Passiflora foetida L.,PASSIFLORACEAE,ไม้ล้มลุก,ผลมีกลีบเลี้ยงเป็นริ้วหุ้ม,พื้นที่ศึกษาที่ 12 แปลงเกษตร
7-31170-001-146/30,ตำลึงทอง,Passiflora foetida L.,PASSIFLORACEAE,ไม้ล้มลุก,ผลมีกลีบเลี้ยงเป็นริ้วหุ้ม,พื้นที่ศึกษาที่ 12 แปลงเกษตร
7-31170-001-146/31,ตำลึงทอง,Passiflora foetida L.,PASSIFLORACEAE,ไม้ล้มลุก,ผลมีกลีบเลี้ยงเป็นริ้วหุ้ม,พื้นที่ศึกษาที่ 12 แปลงเกษตร
7-31170-001-146/32,ตำลึงทอง,Passiflora foetida L.,PASSIFLORACEAE,ไม้ล้มลุก,ผลมีกลีบเลี้ยงเป็นริ้วหุ้ม,พื้นที่ศึกษาที่ 12 แปลงเกษตร
7-31170-001-146/33,ตำลึงทอง,Passiflora foetida L.,PASSIFLORACEAE,ไม้ล้มลุก,ผลมีกลีบเลี้ยงเป็นริ้วหุ้ม,พื้นที่ศึกษาที่ 12 แปลงเกษตร
7-31170-001-146/34,ตำลึงทอง,Passiflora foetida L.,PASSIFLORACEAE,ไม้ล้มลุก,ผลมีกลีบเลี้ยงเป็นริ้วหุ้ม,พื้นที่ศึกษาที่ 12 แปลงเกษตร
7-31170-001-146/35,ตำลึงทอง,Passiflora foetida L.,PASSIFLORACEAE,ไม้ล้มลุก,ผลมีกลีบเลี้ยงเป็นริ้วหุ้ม,พื้นที่ศึกษาที่ 13 หลังห้องสมุด
7-31170-001-146/36,ตำลึงทอง,Passiflora foetida L.,PASSIFLORACEAE,ไม้ล้มลุก,ผลมีกลีบเลี้ยงเป็นริ้วหุ้ม,พื้นที่ศึกษาที่ 13 หลังห้องสมุด
7-31170-001-146/37,ตำลึงทอง,Passiflora foetida L.,PASSIFLORACEAE,ไม้ล้มลุก,ผลมีกลีบเลี้ยงเป็นริ้วหุ้ม,พื้นที่ศึกษาที่ 13 หลังห้องสมุด
7-31170-001-146/38,ตำลึงทอง,Passiflora foetida L.,PASSIFLORACEAE,ไม้ล้มลุก,ผลมีกลีบเลี้ยงเป็นริ้วหุ้ม,พื้นที่ศึกษาที่ 13 หลังห้องสมุด
7-31170-001-146/39,ตำลึงทอง,Passiflora foetida L.,PASSIFLORACEAE,ไม้ล้มลุก,ผลมีกลีบเลี้ยงเป็นริ้วหุ้ม,พื้นที่ศึกษาที่ 13 หลังห้องสมุด
7-31170-001-146/40,ตำลึงทอง,Passiflora foetida L.,PASSIFLORACEAE,ไม้ล้มลุก,ผลมีกลีบเลี้ยงเป็นริ้วหุ้ม,พื้นที่ศึกษาที่ 15 เตาเผาถ่าน
7-31170-001-146/41,ตำลึงทอง,Passiflora foetida L.,PASSIFLORACEAE,ไม้ล้มลุก,ผลมีกลีบเลี้ยงเป็นริ้วหุ้ม,พื้นที่ศึกษาที่ 15 เตาเผาถ่าน
7-31170-001-146/42,ตำลึงทอง,Passiflora foetida L.,PASSIFLORACEAE,ไม้ล้มลุก,ผลมีกลีบเลี้ยงเป็นริ้วหุ้ม,พื้นที่ศึกษาที่ 15 เตาเผาถ่าน
7-31170-001-146/43,ตำลึงทอง,Passiflora foetida L.,PASSIFLORACEAE,ไม้ล้มลุก,ผลมีกลีบเลี้ยงเป็นริ้วหุ้ม,พื้นที่ศึกษาที่ 15 เตาเผาถ่าน
7-31170-001-146/44,ตำลึงทอง,Passiflora foetida L.,PASSIFLORACEAE,ไม้ล้มลุก,ผลมีกลีบเลี้ยงเป็นริ้วหุ้ม,พื้นที่ศึกษาที่ 15 เตาเผาถ่าน
7-31170-001-146/45,ตำลึงทอง,Passiflora foetida L.,PASSIFLORACEAE,ไม้ล้มลุก,ผลมีกลีบเลี้ยงเป็นริ้วหุ้ม,พื้นที่ศึกษาที่ 15 เตาเผาถ่าน
7-31170-001-146/46,ตำลึงทอง,Passiflora foetida L.,PASSIFLORACEAE,ไม้ล้มลุก,ผลมีกลีบเลี้ยงเป็นริ้วหุ้ม,พื้นที่ศึกษาที่ 15 เตาเผาถ่าน
7-31170-001-146/47,ตำลึงทอง,Passiflora foetida L.,PASSIFLORACEAE,ไม้ล้มลุก,ผลมีกลีบเลี้ยงเป็นริ้วหุ้ม,พื้นที่ศึกษาที่ 15 เตาเผาถ่าน
7-31170-001-146/48,ตำลึงทอง,Passiflora foetida L.,PASSIFLORACEAE,ไม้ล้มลุก,ผลมีกลีบเลี้ยงเป็นริ้วหุ้ม,พื้นที่ศึกษาที่ 15 เตาเผาถ่าน
7-31170-001-146/49,ตำลึงทอง,Passiflora foetida L.,PASSIFLORACEAE,ไม้ล้มลุก,ผลมีกลีบเลี้ยงเป็นริ้วหุ้ม,พื้นที่ศึกษาที่ 15 เตาเผาถ่าน
7-31170-001-146/50,ตำลึงทอง,Passiflora foetida L.,PASSIFLORACEAE,ไม้ล้มลุก,ผลมีกลีบเลี้ยงเป็นริ้วหุ้ม,พื้นที่ศึกษาที่ 16 หอประชุม
7-31170-001-146/51,ตำลึงทอง,Passiflora foetida L.,PASSIFLORACEAE,ไม้ล้มลุก,ผลมีกลีบเลี้ยงเป็นริ้วหุ้ม,พื้นที่ศึกษาที่ 16 หอประชุม
7-31170-001-146/52,ตำลึงทอง,Passiflora foetida L.,PASSIFLORACEAE,ไม้ล้มลุก,ผลมีกลีบเลี้ยงเป็นริ้วหุ้ม,พื้นที่ศึกษาที่ 16 หอประชุม
7-31170-001-146/53,ตำลึงทอง,Passiflora foetida L.,PASSIFLORACEAE,ไม้ล้มลุก,ผลมีกลีบเลี้ยงเป็นริ้วหุ้ม,พื้นที่ศึกษาที่ 16 หอประชุม
7-31170-001-146/54,ตำลึงทอง,Passiflora foetida L.,PASSIFLORACEAE,ไม้ล้มลุก,ผลมีกลีบเลี้ยงเป็นริ้วหุ้ม,พื้นที่ศึกษาที่ 16 หอประชุม
7-31170-001-146/55,ตำลึงทอง,Passiflora foetida L.,PASSIFLORACEAE,ไม้ล้มลุก,ผลมีกลีบเลี้ยงเป็นริ้วหุ้ม,พื้นที่ศึกษาที่ 17 สนามฟุตบอล
7-31170-001-146/56,ตำลึงทอง,Passiflora foetida L.,PASSIFLORACEAE,ไม้ล้มลุก,ผลมีกลีบเลี้ยงเป็นริ้วหุ้ม,พื้นที่ศึกษาที่ 17 สนามฟุตบอล
7-31170-001-146/57,ตำลึงทอง,Passiflora foetida L.,PASSIFLORACEAE,ไม้ล้มลุก,ผลมีกลีบเลี้ยงเป็นริ้วหุ้ม,พื้นที่ศึกษาที่ 17 สนามฟุตบอล
7-31170-001-146/58,ตำลึงทอง,Passiflora foetida L.,PASSIFLORACEAE,ไม้ล้มลุก,ผลมีกลีบเลี้ยงเป็นริ้วหุ้ม,พื้นที่ศึกษาที่ 17 สนามฟุตบอล
7-31170-001-146/59,ตำลึงทอง,Passiflora foetida L.,PASSIFLORACEAE,ไม้ล้มลุก,ผลมีกลีบเลี้ยงเป็นริ้วหุ้ม,พื้นที่ศึกษาที่ 17 สนามฟุตบอล
7-31170-001-147,สะอึก,Ipomoea ochracea (Lindl.) G.Don,CONVOLVULACEAE,ไม้ล้มลุก,ดอกสีเหลืองนวล มีน้ำยางสีขาวขุ่น คล้ายน้ำนม,พื้นที่ศึกษาที่ 12 แปลงเกษตร
7-31170-001-148/1,ดาวกระจาย (ภาคกลาง) คำแพ (ภาคเหนือ),Cosmos sulphureus Cav.,COMPOSITAE (ASTERACEAE),ไม้ล้มลุก,ดอกสีส้ม กลีบดอกบางออก ที่ปลายยอด ทุกส่วนมีกลิ่นฉุน,พื้นที่ศึกษาที่ 12 แปลงเกษตร
7-31170-001-148/2,ดาวกระจาย (ภาคกลาง) คำแพ (ภาคเหนือ),Cosmos sulphureus Cav.,COMPOSITAE (ASTERACEAE),ไม้ล้มลุก,ดอกสีส้ม กลีบดอกบางออก ที่ปลายยอด ทุกส่วนมีกลิ่นฉุน,พื้นที่ศึกษาที่ 12 แปลงเกษตร
7-31170-001-148/3,ดาวกระจาย (ภาคกลาง) คำแพ (ภาคเหนือ),Cosmos sulphureus Cav.,COMPOSITAE (ASTERACEAE),ไม้ล้มลุก,ดอกสีส้ม กลีบดอกบางออก ที่ปลายยอด ทุกส่วนมีกลิ่นฉุน,พื้นที่ศึกษาที่ 12 แปลงเกษตร
7-31170-001-148/4,ดาวกระจาย (ภาคกลาง) คำแพ (ภาคเหนือ),Cosmos sulphureus Cav.,COMPOSITAE (ASTERACEAE),ไม้ล้มลุก,ดอกสีส้ม กลีบดอกบางออก ที่ปลายยอด ทุกส่วนมีกลิ่นฉุน,พื้นที่ศึกษาที่ 12 แปลงเกษตร
7-31170-001-148/5,ดาวกระจาย (ภาคกลาง) คำแพ (ภาคเหนือ),Cosmos sulphureus Cav.,COMPOSITAE (ASTERACEAE),ไม้ล้มลุก,ดอกสีส้ม กลีบดอกบางออก ที่ปลายยอด ทุกส่วนมีกลิ่นฉุน,พื้นที่ศึกษาที่ 12 แปลงเกษตร
7-31170-001-148/6,ดาวกระจาย (ภาคกลาง) คำแพ (ภาคเหนือ),Cosmos sulphureus Cav.,COMPOSITAE (ASTERACEAE),ไม้ล้มลุก,ดอกสีส้ม กลีบดอกบางออก ที่ปลายยอด ทุกส่วนมีกลิ่นฉุน,พื้นที่ศึกษาที่ 12 แปลงเกษตร
7-31170-001-148/7,ดาวกระจาย (ภาคกลาง) คำแพ (ภาคเหนือ),Cosmos sulphureus Cav.,COMPOSITAE (ASTERACEAE),ไม้ล้มลุก,ดอกสีส้ม กลีบดอกบางออก ที่ปลายยอด ทุกส่วนมีกลิ่นฉุน,พื้นที่ศึกษาที่ 12 แปลงเกษตร
7-31170-001-148/8,ดาวกระจาย (ภาคกลาง) คำแพ (ภาคเหนือ),Cosmos sulphureus Cav.,COMPOSITAE (ASTERACEAE),ไม้ล้มลุก,ดอกสีส้ม กลีบดอกบางออก ที่ปลายยอด ทุกส่วนมีกลิ่นฉุน,พื้นที่ศึกษาที่ 12 แปลงเกษตร
7-31170-001-148/9,ดาวกระจาย (ภาคกลาง) คำแพ (ภาคเหนือ),Cosmos sulphureus Cav.,COMPOSITAE (ASTERACEAE),ไม้ล้มลุก,ดอกสีส้ม กลีบดอกบางออก ที่ปลายยอด ทุกส่วนมีกลิ่นฉุน,พื้นที่ศึกษาที่ 12 แปลงเกษตร
7-31170-001-148/10,ดาวกระจาย (ภาคกลาง) คำแพ (ภาคเหนือ),Cosmos sulphureus Cav.,COMPOSITAE (ASTERACEAE),ไม้ล้มลุก,ดอกสีส้ม กลีบดอกบางออก ที่ปลายยอด ทุกส่วนมีกลิ่นฉุน,พื้นที่ศึกษาที่ 12 แปลงเกษตร
7-31170-001-148/11,ดาวกระจาย (ภาคกลาง) คำแพ (ภาคเหนือ),Cosmos sulphureus Cav.,COMPOSITAE (ASTERACEAE),ไม้ล้มลุก,ดอกสีส้ม กลีบดอกบางออก ที่ปลายยอด ทุกส่วนมีกลิ่นฉุน,พื้นที่ศึกษาที่ 12 แปลงเกษตร
7-31170-001-148/12,ดาวกระจาย (ภาคกลาง) คำแพ (ภาคเหนือ),Cosmos sulphureus Cav.,COMPOSITAE (ASTERACEAE),ไม้ล้มลุก,ดอกสีส้ม กลีบดอกบางออก ที่ปลายยอด ทุกส่วนมีกลิ่นฉุน,พื้นที่ศึกษาที่ 12 แปลงเกษตร
7-31170-001-148/13,ดาวกระจาย (ภาคกลาง) คำแพ (ภาคเหนือ),Cosmos sulphureus Cav.,COMPOSITAE (ASTERACEAE),ไม้ล้มลุก,ดอกสีส้ม กลีบดอกบางออก ที่ปลายยอด ทุกส่วนมีกลิ่นฉุน,พื้นที่ศึกษาที่ 12 แปลงเกษตร
7-31170-001-148/14,ดาวกระจาย (ภาคกลาง) คำแพ (ภาคเหนือ),Cosmos sulphureus Cav.,COMPOSITAE (ASTERACEAE),ไม้ล้มลุก,ดอกสีส้ม กลีบดอกบางออก ที่ปลายยอด ทุกส่วนมีกลิ่นฉุน,พื้นที่ศึกษาที่ 12 แปลงเกษตร
7-31170-001-148/15,ดาวกระจาย (ภาคกลาง) คำแพ (ภาคเหนือ),Cosmos sulphureus Cav.,COMPOSITAE (ASTERACEAE),ไม้ล้มลุก,ดอกสีส้ม กลีบดอกบางออก ที่ปลายยอด ทุกส่วนมีกลิ่นฉุน,พื้นที่ศึกษาที่ 12 แปลงเกษตร
7-31170-001-148/16,ดาวกระจาย (ภาคกลาง) คำแพ (ภาคเหนือ),Cosmos sulphureus Cav.,COMPOSITAE (ASTERACEAE),ไม้ล้มลุก,ดอกสีส้ม กลีบดอกบางออก ที่ปลายยอด ทุกส่วนมีกลิ่นฉุน,พื้นที่ศึกษาที่ 12 แปลงเกษตร
7-31170-001-148/17,ดาวกระจาย (ภาคกลาง) คำแพ (ภาคเหนือ),Cosmos sulphureus Cav.,COMPOSITAE (ASTERACEAE),ไม้ล้มลุก,ดอกสีส้ม กลีบดอกบางออก ที่ปลายยอด ทุกส่วนมีกลิ่นฉุน,พื้นที่ศึกษาที่ 12 แปลงเกษตร
7-31170-001-148/18,ดาวกระจาย (ภาคกลาง) คำแพ (ภาคเหนือ),Cosmos sulphureus Cav.,COMPOSITAE (ASTERACEAE),ไม้ล้มลุก,ดอกสีส้ม กลีบดอกบางออก ที่ปลายยอด ทุกส่วนมีกลิ่นฉุน,พื้นที่ศึกษาที่ 12 แปลงเกษตร
7-31170-001-148/19,ดาวกระจาย (ภาคกลาง) คำแพ (ภาคเหนือ),Cosmos sulphureus Cav.,COMPOSITAE (ASTERACEAE),ไม้ล้มลุก,ดอกสีส้ม กลีบดอกบางออก ที่ปลายยอด ทุกส่วนมีกลิ่นฉุน,พื้นที่ศึกษาที่ 12 แปลงเกษตร
7-31170-001-148/20,ดาวกระจาย (ภาคกลาง) คำแพ (ภาคเหนือ),Cosmos sulphureus Cav.,COMPOSITAE (ASTERACEAE),ไม้ล้มลุก,ดอกสีส้ม กลีบดอกบางออก ที่ปลายยอด ทุกส่วนมีกลิ่นฉุน,พื้นที่ศึกษาที่ 12 แปลงเกษตร
7-31170-001-148/21,ดาวกระจาย (ภาคกลาง) คำแพ (ภาคเหนือ),Cosmos sulphureus Cav.,COMPOSITAE (ASTERACEAE),ไม้ล้มลุก,ดอกสีส้ม กลีบดอกบางออก ที่ปลายยอด ทุกส่วนมีกลิ่นฉุน,พื้นที่ศึกษาที่ 12 แปลงเกษตร
7-31170-001-148/22,ดาวกระจาย (ภาคกลาง) คำแพ (ภาคเหนือ),Cosmos sulphureus Cav.,COMPOSITAE (ASTERACEAE),ไม้ล้มลุก,ดอกสีส้ม กลีบดอกบางออก ที่ปลายยอด ทุกส่วนมีกลิ่นฉุน,พื้นที่ศึกษาที่ 12 แปลงเกษตร
7-31170-001-148/23,ดาวกระจาย (ภาคกลาง) คำแพ (ภาคเหนือ),Cosmos sulphureus Cav.,COMPOSITAE (ASTERACEAE),ไม้ล้มลุก,ดอกสีส้ม กลีบดอกบางออก ที่ปลายยอด ทุกส่วนมีกลิ่นฉุน,พื้นที่ศึกษาที่ 12 แปลงเกษตร
7-31170-001-148/24,ดาวกระจาย (ภาคกลาง) คำแพ (ภาคเหนือ),Cosmos sulphureus Cav.,COMPOSITAE (ASTERACEAE),ไม้ล้มลุก,ดอกสีส้ม กลีบดอกบางออก ที่ปลายยอด ทุกส่วนมีกลิ่นฉุน,พื้นที่ศึกษาที่ 12 แปลงเกษตร
7-31170-001-148/25,ดาวกระจาย (ภาคกลาง) คำแพ (ภาคเหนือ),Cosmos sulphureus Cav.,COMPOSITAE (ASTERACEAE),ไม้ล้มลุก,ดอกสีส้ม กลีบดอกบางออก ที่ปลายยอด ทุกส่วนมีกลิ่นฉุน,พื้นที่ศึกษาที่ 12 แปลงเกษตร
7-31170-001-148/26,ดาวกระจาย (ภาคกลาง) คำแพ (ภาคเหนือ),Cosmos sulphureus Cav.,COMPOSITAE (ASTERACEAE),ไม้ล้มลุก,ดอกสีส้ม กลีบดอกบางออก ที่ปลายยอด ทุกส่วนมีกลิ่นฉุน,พื้นที่ศึกษาที่ 12 แปลงเกษตร
7-31170-001-148/27,ดาวกระจาย (ภาคกลาง) คำแพ (ภาคเหนือ),Cosmos sulphureus Cav.,COMPOSITAE (ASTERACEAE),ไม้ล้มลุก,ดอกสีส้ม กลีบดอกบางออก ที่ปลายยอด ทุกส่วนมีกลิ่นฉุน,พื้นที่ศึกษาที่ 12 แปลงเกษตร
7-31170-001-148/28,ดาวกระจาย (ภาคกลาง) คำแพ (ภาคเหนือ),Cosmos sulphureus Cav.,COMPOSITAE (ASTERACEAE),ไม้ล้มลุก,ดอกสีส้ม กลีบดอกบางออก ที่ปลายยอด ทุกส่วนมีกลิ่นฉุน,พื้นที่ศึกษาที่ 12 แปลงเกษตร
7-31170-001-148/29,ดาวกระจาย (ภาคกลาง) คำแพ (ภาคเหนือ),Cosmos sulphureus Cav.,COMPOSITAE (ASTERACEAE),ไม้ล้มลุก,ดอกสีส้ม กลีบดอกบางออก ที่ปลายยอด ทุกส่วนมีกลิ่นฉุน,พื้นที่ศึกษาที่ 12 แปลงเกษตร
7-31170-001-148/30,ดาวกระจาย (ภาคกลาง) คำแพ (ภาคเหนือ),Cosmos sulphureus Cav.,COMPOSITAE (ASTERACEAE),ไม้ล้มลุก,ดอกสีส้ม กลีบดอกบางออก ที่ปลายยอด ทุกส่วนมีกลิ่นฉุน,พื้นที่ศึกษาที่ 12 แปลงเกษตร
7-31170-001-148/31,ดาวกระจาย (ภาคกลาง) คำแพ (ภาคเหนือ),Cosmos sulphureus Cav.,COMPOSITAE (ASTERACEAE),ไม้ล้มลุก,ดอกสีส้ม กลีบดอกบางออก ที่ปลายยอด ทุกส่วนมีกลิ่นฉุน,พื้นที่ศึกษาที่ 12 แปลงเกษตร
7-31170-001-148/32,ดาวกระจาย (ภาคกลาง) คำแพ (ภาคเหนือ),Cosmos sulphureus Cav.,COMPOSITAE (ASTERACEAE),ไม้ล้มลุก,ดอกสีส้ม กลีบดอกบางออก ที่ปลายยอด ทุกส่วนมีกลิ่นฉุน,พื้นที่ศึกษาที่ 12 แปลงเกษตร
7-31170-001-148/33,ดาวกระจาย (ภาคกลาง) คำแพ (ภาคเหนือ),Cosmos sulphureus Cav.,COMPOSITAE (ASTERACEAE),ไม้ล้มลุก,ดอกสีส้ม กลีบดอกบางออก ที่ปลายยอด ทุกส่วนมีกลิ่นฉุน,พื้นที่ศึกษาที่ 12 แปลงเกษตร
7-31170-001-149/1,เทียนหยด,Duranta erecta L.,VERBENACEAE,ไม้พุ่ม,ดอกสีม่วง ผลสุกสีเหลือง,พื้นที่ศึกษาที่ 12 แปลงเกษตร
7-31170-001-149/2,เทียนหยด,Duranta erecta L.,VERBENACEAE,ไม้พุ่ม,ดอกสีม่วง ผลสุกสีเหลือง,พื้นที่ศึกษาที่ 6 หน้าอาคาร 1
7-31170-001-150,ชะมวง(ภาคกลาง) หมากโมง (อุดรธานี) กะมวง (ภาคใต้),Garcinia cowa Roxb. ex DC.,GUTTIFERAE (CLUSIACEAE),ไม้ต้น,มียางสีเหลืองขุ่นที่ผลและลำต้น,พื้นที่ศึกษาที่ 12 แปลงเกษตร
7-31170-001-151/1,เถาคันขาว,Cayratia trifolia (L.) Domin.,VITACEAE,ไม้เลื้อย,หน้าใบสีเขียว มีขนเล็กๆ ออกรากตามท่อ,พื้นที่ศึกษาที่ 12 แปลงเกษตร
7-31170-001-151/2,เถาคันขาว,Cayratia trifolia (L.) Domin.,VITACEAE,ไม้เลื้อย,หน้าใบสีเขียว มีขนเล็กๆ ออกรากตามท่อ,พื้นที่ศึกษาที่ 12 แปลงเกษตร
7-31170-001-151/3,เถาคันขาว,Cayratia trifolia (L.) Domin.,VITACEAE,ไม้เลื้อย,หน้าใบสีเขียว มีขนเล็กๆ ออกรากตามท่อ,พื้นที่ศึกษาที่ 16 หอประชุม
7-31170-001-151/4,เถาคันขาว,Cayratia trifolia (L.) Domin.,VITACEAE,ไม้เลื้อย,หน้าใบสีเขียว มีขนเล็กๆ ออกรากตามท่อ,พื้นที่ศึกษาที่ 16 หอประชุม
7-31170-001-152/1,ขลู่,Pluchea indica (L.) Less.,COMPOSITAE (ASTERACEAE),ไม้พุ่ม,ใบแก่สีเขียวอ่อน ผิวเรียบเป็นมัน,พื้นที่ศึกษาที่ 12 แปลงเกษตร
7-31170-001-152/2,ขลู่,Pluchea indica (L.) Less.,COMPOSITAE (ASTERACEAE),ไม้พุ่ม,ใบแก่สีเขียวอ่อน ผิวเรียบเป็นมัน,พื้นที่ศึกษาที่ 10 หน้าอาคาร 3
7-31170-001-152/3,ขลู่,Pluchea indica (L.) Less.,COMPOSITAE (ASTERACEAE),ไม้พุ่ม,ใบแก่สีเขียวอ่อน ผิวเรียบเป็นมัน,พื้นที่ศึกษาที่ 10 หน้าอาคาร 3
7-31170-001-152/4,ขลู่,Pluchea indica (L.) Less.,COMPOSITAE (ASTERACEAE),ไม้พุ่ม,ใบแก่สีเขียวอ่อน ผิวเรียบเป็นมัน,พื้นที่ศึกษาที่ 12 แปลงเกษตร
7-31170-001-152/5,ขลู่,Pluchea indica (L.) Less.,COMPOSITAE (ASTERACEAE),ไม้พุ่ม,ใบแก่สีเขียวอ่อน ผิวเรียบเป็นมัน,พื้นที่ศึกษาที่ 12 แปลงเกษตร
7-31170-001-152/6,ขลู่,Pluchea indica (L.) Less.,COMPOSITAE (ASTERACEAE),ไม้พุ่ม,ใบแก่สีเขียวอ่อน ผิวเรียบเป็นมัน,พื้นที่ศึกษาที่ 12 แปลงเกษตร
7-31170-001-152/7,ขลู่,Pluchea indica (L.) Less.,COMPOSITAE (ASTERACEAE),ไม้พุ่ม,ใบแก่สีเขียวอ่อน ผิวเรียบเป็นมัน,พื้นที่ศึกษาที่ 12 แปลงเกษตร
7-31170-001-152/8,ขลู่,Pluchea indica (L.) Less.,COMPOSITAE (ASTERACEAE),ไม้พุ่ม,ใบแก่สีเขียวอ่อน ผิวเรียบเป็นมัน,พื้นที่ศึกษาที่ 12 แปลงเกษตร
7-31170-001-152/9,ขลู่,Pluchea indica (L.) Less.,COMPOSITAE (ASTERACEAE),ไม้พุ่ม,ใบแก่สีเขียวอ่อน ผิวเรียบเป็นมัน,พื้นที่ศึกษาที่ 12 แปลงเกษตร
7-31170-001-152/10,ขลู่,Pluchea indica (L.) Less.,COMPOSITAE (ASTERACEAE),ไม้พุ่ม,ใบแก่สีเขียวอ่อน ผิวเรียบเป็นมัน,พื้นที่ศึกษาที่ 12 แปลงเกษตร
7-31170-001-152/11,ขลู่,Pluchea indica (L.) Less.,COMPOSITAE (ASTERACEAE),ไม้พุ่ม,ใบแก่สีเขียวอ่อน ผิวเรียบเป็นมัน,พื้นที่ศึกษาที่ 12 แปลงเกษตร
7-31170-001-152/12,ขลู่,Pluchea indica (L.) Less.,COMPOSITAE (ASTERACEAE),ไม้พุ่ม,ใบแก่สีเขียวอ่อน ผิวเรียบเป็นมัน,พื้นที่ศึกษาที่ 12 แปลงเกษตร
7-31170-001-152/13,ขลู่,Pluchea indica (L.) Less.,COMPOSITAE (ASTERACEAE),ไม้พุ่ม,ใบแก่สีเขียวอ่อน ผิวเรียบเป็นมัน,พื้นที่ศึกษาที่ 12 แปลงเกษตร
7-31170-001-152/14,ขลู่,Pluchea indica (L.) Less.,COMPOSITAE (ASTERACEAE),ไม้พุ่ม,ใบแก่สีเขียวอ่อน ผิวเรียบเป็นมัน,พื้นที่ศึกษาที่ 12 แปลงเกษตร
7-31170-001-152/15,ขลู่,Pluchea indica (L.) Less.,COMPOSITAE (ASTERACEAE),ไม้พุ่ม,ใบแก่สีเขียวอ่อน ผิวเรียบเป็นมัน,พื้นที่ศึกษาที่ 12 แปลงเกษตร
7-31170-001-152/16,ขลู่,Pluchea indica (L.) Less.,COMPOSITAE (ASTERACEAE),ไม้พุ่ม,ใบแก่สีเขียวอ่อน ผิวเรียบเป็นมัน,พื้นที่ศึกษาที่ 12 แปลงเกษตร
7-31170-001-152/17,ขลู่,Pluchea indica (L.) Less.,COMPOSITAE (ASTERACEAE),ไม้พุ่ม,ใบแก่สีเขียวอ่อน ผิวเรียบเป็นมัน,พื้นที่ศึกษาที่ 12 แปลงเกษตร
7-31170-001-152/18,ขลู่,Pluchea indica (L.) Less.,COMPOSITAE (ASTERACEAE),ไม้พุ่ม,ใบแก่สีเขียวอ่อน ผิวเรียบเป็นมัน,พื้นที่ศึกษาที่ 12 แปลงเกษตร
7-31170-001-153/1,บานไม่รู้โรยป่า,Gomphrena celosioides Mart.,AMARANTHACEAE,ไม้ล้มลุก,ดอกสีขาว ใบมีขนสีขาวสั้นๆ,พื้นที่ศึกษาที่ 12 แปลงเกษตร
7-31170-001-153/2,บานไม่รู้โรยป่า,Gomphrena celosioides Mart.,AMARANTHACEAE,ไม้ล้มลุก,ดอกสีขาว ใบมีขนสีขาวสั้นๆ,พื้นที่ศึกษาที่ 12 แปลงเกษตร
7-31170-001-153/3,บานไม่รู้โรยป่า,Gomphrena celosioides Mart.,AMARANTHACEAE,ไม้ล้มลุก,ดอกสีขาว ใบมีขนสีขาวสั้นๆ,พื้นที่ศึกษาที่ 12 แปลงเกษตร
7-31170-001-153/4,บานไม่รู้โรยป่า,Gomphrena celosioides Mart.,AMARANTHACEAE,ไม้ล้มลุก,ดอกสีขาว ใบมีขนสีขาวสั้นๆ,พื้นที่ศึกษาที่ 12 แปลงเกษตร
7-31170-001-153/5,บานไม่รู้โรยป่า,Gomphrena celosioides Mart.,AMARANTHACEAE,ไม้ล้มลุก,ดอกสีขาว ใบมีขนสีขาวสั้นๆ,พื้นที่ศึกษาที่ 12 แปลงเกษตร
7-31170-001-154/1,ส้มโอ,Citrus maxima (Burm.f.) Merr.,RUTACEAE,ไม้ต้น,ดอกมีกลิ่นหอม ออกผลเป้นพวง,พื้นที่ศึกษาที่ 12 แปลงเกษตร
7-31170-001-154/2,ส้มโอ,Citrus maxima (Burm.f.) Merr.,RUTACEAE,ไม้ต้น,ดอกมีกลิ่นหอม ออกผลเป้นพวง,พื้นที่ศึกษาที่ 12 แปลงเกษตร
7-31170-001-154/3,ส้มโอ,Citrus maxima (Burm.f.) Merr.,RUTACEAE,ไม้ต้น,ดอกมีกลิ่นหอม ออกผลเป้นพวง,พื้นที่ศึกษาที่ 12 แปลงเกษตร
7-31170-001-155/1,ยอบ้าน,Morinda citrifolia L.,RUBIACEAE,ไม้ต้น,ผลทรงรี ผิวขรุขระชัดเจน,พื้นที่ศึกษาที่ 12 แปลงเกษตร
7-31170-001-155/2,ยอบ้าน,Morinda citrifolia L.,RUBIACEAE,ไม้ต้น,ผลทรงรี ผิวขรุขระชัดเจน,พื้นที่ศึกษาที่ 12 แปลงเกษตร
7-31170-001-155/3,ยอบ้าน,Morinda citrifolia L.,RUBIACEAE,ไม้ต้น,ผลทรงรี ผิวขรุขระชัดเจน,พื้นที่ศึกษาที่ 12 แปลงเกษตร
7-31170-001-155/4,ยอบ้าน,Morinda citrifolia L.,RUBIACEAE,ไม้ต้น,ผลทรงรี ผิวขรุขระชัดเจน,พื้นที่ศึกษาที่ 12 แปลงเกษตร
7-31170-001-155/5,ยอบ้าน,Morinda citrifolia L.,RUBIACEAE,ไม้ต้น,ผลทรงรี ผิวขรุขระชัดเจน,พื้นที่ศึกษาที่ 12 แปลงเกษตร
7-31170-001-155/6,ยอบ้าน,Morinda citrifolia L.,RUBIACEAE,ไม้ต้น,ผลทรงรี ผิวขรุขระชัดเจน,พื้นที่ศึกษาที่ 12 แปลงเกษตร
7-31170-001-155/7,ยอบ้าน,Morinda citrifolia L.,RUBIACEAE,ไม้ต้น,ผลทรงรี ผิวขรุขระชัดเจน,พื้นที่ศึกษาที่ 12 แปลงเกษตร
7-31170-001-155/8,ยอบ้าน,Morinda citrifolia L.,RUBIACEAE,ไม้ต้น,ผลทรงรี ผิวขรุขระชัดเจน,พื้นที่ศึกษาที่ 12 แปลงเกษตร
7-31170-001-155/9,ยอบ้าน,Morinda citrifolia L.,RUBIACEAE,ไม้ต้น,ผลทรงรี ผิวขรุขระชัดเจน,พื้นที่ศึกษาที่ 12 แปลงเกษตร
7-31170-001-155/10,ยอบ้าน,Morinda citrifolia L.,RUBIACEAE,ไม้ต้น,ผลทรงรี ผิวขรุขระชัดเจน,พื้นที่ศึกษาที่ 12 แปลงเกษตร
7-31170-001-155/11,ยอบ้าน,Morinda citrifolia L.,RUBIACEAE,ไม้ต้น,ผลทรงรี ผิวขรุขระชัดเจน,พื้นที่ศึกษาที่ 12 แปลงเกษตร
7-31170-001-155/12,ยอบ้าน,Morinda citrifolia L.,RUBIACEAE,ไม้ต้น,ผลทรงรี ผิวขรุขระชัดเจน,พื้นที่ศึกษาที่ 12 แปลงเกษตร
7-31170-001-156/1,หญ้างวงช้าง,Heliotropium indicum L.,BORAGINACEAE,ไม้ล้มลุก,มีดอกคล้ายงวงช้าง สีขาว,พื้นที่ศึกษาที่ 12 แปลงเกษตร
7-31170-001-156/2,หญ้างวงช้าง,Heliotropium indicum L.,BORAGINACEAE,ไม้ล้มลุก,มีดอกคล้ายงวงช้าง สีขาว,พื้นที่ศึกษาที่ 12 แปลงเกษตร
7-31170-001-156/3,หญ้างวงช้าง,Heliotropium indicum L.,BORAGINACEAE,ไม้ล้มลุก,มีดอกคล้ายงวงช้าง สีขาว,พื้นที่ศึกษาที่ 12 แปลงเกษตร
7-31170-001-156/4,หญ้างวงช้าง,Heliotropium indicum L.,BORAGINACEAE,ไม้ล้มลุก,มีดอกคล้ายงวงช้าง สีขาว,พื้นที่ศึกษาที่ 12 แปลงเกษตร
7-31170-001-156/5,หญ้างวงช้าง,Heliotropium indicum L.,BORAGINACEAE,ไม้ล้มลุก,มีดอกคล้ายงวงช้าง สีขาว,พื้นที่ศึกษาที่ 12 แปลงเกษตร
7-31170-001-156/6,หญ้างวงช้าง,Heliotropium indicum L.,BORAGINACEAE,ไม้ล้มลุก,มีดอกคล้ายงวงช้าง สีขาว,พื้นที่ศึกษาที่ 12 แปลงเกษตร
7-31170-001-156/7,หญ้างวงช้าง,Heliotropium indicum L.,BORAGINACEAE,ไม้ล้มลุก,มีดอกคล้ายงวงช้าง สีขาว,พื้นที่ศึกษาที่ 12 แปลงเกษตร
7-31170-001-157/1,ถั่วพู,Psophocarpus tetragonolobus (L.) Dc. ex Hc.,LEGUMINOSAE-PAPILIONOIDEAE,ไม้ล้มลุก,ผลแบน มีปีกคล้ายระบายรอบผล,พื้นที่ศึกษาที่ 12 แปลงเกษตร
7-31170-001-157/2,ถั่วพู,Psophocarpus tetragonolobus (L.) Dc. ex Hc.,LEGUMINOSAE-PAPILIONOIDEAE,ไม้ล้มลุก,ผลแบน มีปีกคล้ายระบายรอบผล,พื้นที่ศึกษาที่ 12 แปลงเกษตร
7-31170-001-157/3,ถั่วพู,Psophocarpus tetragonolobus (L.) Dc. ex Hc.,LEGUMINOSAE-PAPILIONOIDEAE,ไม้ล้มลุก,ผลแบน มีปีกคล้ายระบายรอบผล,พื้นที่ศึกษาที่ 12 แปลงเกษตร
7-31170-001-157/4,ถั่วพู,Psophocarpus tetragonolobus (L.) Dc. ex Hc.,LEGUMINOSAE-PAPILIONOIDEAE,ไม้ล้มลุก,ผลแบน มีปีกคล้ายระบายรอบผล,พื้นที่ศึกษาที่ 12 แปลงเกษตร
7-31170-001-157/5,ถั่วพู,Psophocarpus tetragonolobus (L.) Dc. ex Hc.,LEGUMINOSAE-PAPILIONOIDEAE,ไม้ล้มลุก,ผลแบน มีปีกคล้ายระบายรอบผล,พื้นที่ศึกษาที่ 12 แปลงเกษตร
7-31170-001-157/6,ถั่วพู,Psophocarpus tetragonolobus (L.) Dc. ex Hc.,LEGUMINOSAE-PAPILIONOIDEAE,ไม้ล้มลุก,ผลแบน มีปีกคล้ายระบายรอบผล,พื้นที่ศึกษาที่ 12 แปลงเกษตร
7-31170-001-157/7,ถั่วพู,Psophocarpus tetragonolobus (L.) Dc. ex Hc.,LEGUMINOSAE-PAPILIONOIDEAE,ไม้ล้มลุก,ผลแบน มีปีกคล้ายระบายรอบผล,พื้นที่ศึกษาที่ 12 แปลงเกษตร
7-31170-001-157/8,ถั่วพู,Psophocarpus tetragonolobus (L.) Dc. ex Hc.,LEGUMINOSAE-PAPILIONOIDEAE,ไม้ล้มลุก,ผลแบน มีปีกคล้ายระบายรอบผล,พื้นที่ศึกษาที่ 12 แปลงเกษตร
7-31170-001-157/9,ถั่วพู,Psophocarpus tetragonolobus (L.) Dc. ex Hc.,LEGUMINOSAE-PAPILIONOIDEAE,ไม้ล้มลุก,ผลแบน มีปีกคล้ายระบายรอบผล,พื้นที่ศึกษาที่ 12 แปลงเกษตร
7-31170-001-157/10,ถั่วพู,Psophocarpus tetragonolobus (L.) Dc. ex Hc.,LEGUMINOSAE-PAPILIONOIDEAE,ไม้ล้มลุก,ผลแบน มีปีกคล้ายระบายรอบผล,พื้นที่ศึกษาที่ 12 แปลงเกษตร
7-31170-001-157/11,ถั่วพู,Psophocarpus tetragonolobus (L.) Dc. ex Hc.,LEGUMINOSAE-PAPILIONOIDEAE,ไม้ล้มลุก,ผลแบน มีปีกคล้ายระบายรอบผล,พื้นที่ศึกษาที่ 12 แปลงเกษตร
7-31170-001-157/12,ถั่วพู,Psophocarpus tetragonolobus (L.) Dc. ex Hc.,LEGUMINOSAE-PAPILIONOIDEAE,ไม้ล้มลุก,ผลแบน มีปีกคล้ายระบายรอบผล,พื้นที่ศึกษาที่ 12 แปลงเกษตร
7-31170-001-157/13,ถั่วพู,Psophocarpus tetragonolobus (L.) Dc. ex Hc.,LEGUMINOSAE-PAPILIONOIDEAE,ไม้ล้มลุก,ผลแบน มีปีกคล้ายระบายรอบผล,พื้นที่ศึกษาที่ 12 แปลงเกษตร
7-31170-001-157/14,ถั่วพู,Psophocarpus tetragonolobus (L.) Dc. ex Hc.,LEGUMINOSAE-PAPILIONOIDEAE,ไม้ล้มลุก,ผลแบน มีปีกคล้ายระบายรอบผล,พื้นที่ศึกษาที่ 12 แปลงเกษตร
7-31170-001-157/15,ถั่วพู,Psophocarpus tetragonolobus (L.) Dc. ex Hc.,LEGUMINOSAE-PAPILIONOIDEAE,ไม้ล้มลุก,ผลแบน มีปีกคล้ายระบายรอบผล,พื้นที่ศึกษาที่ 12 แปลงเกษตร
7-31170-001-157/16,ถั่วพู,Psophocarpus tetragonolobus (L.) Dc. ex Hc.,LEGUMINOSAE-PAPILIONOIDEAE,ไม้ล้มลุก,ผลแบน มีปีกคล้ายระบายรอบผล,พื้นที่ศึกษาที่ 12 แปลงเกษตร
7-31170-001-157/17,ถั่วพู,Psophocarpus tetragonolobus (L.) Dc. ex Hc.,LEGUMINOSAE-PAPILIONOIDEAE,ไม้ล้มลุก,ผลแบน มีปีกคล้ายระบายรอบผล,พื้นที่ศึกษาที่ 12 แปลงเกษตร
7-31170-001-157/18,ถั่วพู,Psophocarpus tetragonolobus (L.) Dc. ex Hc.,LEGUMINOSAE-PAPILIONOIDEAE,ไม้ล้มลุก,ผลแบน มีปีกคล้ายระบายรอบผล,พื้นที่ศึกษาที่ 12 แปลงเกษตร
7-31170-001-157/19,ถั่วพู,Psophocarpus tetragonolobus (L.) Dc. ex Hc.,LEGUMINOSAE-PAPILIONOIDEAE,ไม้ล้มลุก,ผลแบน มีปีกคล้ายระบายรอบผล,พื้นที่ศึกษาที่ 12 แปลงเกษตร
7-31170-001-157/20,ถั่วพู,Psophocarpus tetragonolobus (L.) Dc. ex Hc.,LEGUMINOSAE-PAPILIONOIDEAE,ไม้ล้มลุก,ผลแบน มีปีกคล้ายระบายรอบผล,พื้นที่ศึกษาที่ 12 แปลงเกษตร
7-31170-001-157/21,ถั่วพู,Psophocarpus tetragonolobus (L.) Dc. ex Hc.,LEGUMINOSAE-PAPILIONOIDEAE,ไม้ล้มลุก,ผลแบน มีปีกคล้ายระบายรอบผล,พื้นที่ศึกษาที่ 12 แปลงเกษตร
7-31170-001-157/22,ถั่วพู,Psophocarpus tetragonolobus (L.) Dc. ex Hc.,LEGUMINOSAE-PAPILIONOIDEAE,ไม้ล้มลุก,ผลแบน มีปีกคล้ายระบายรอบผล,พื้นที่ศึกษาที่ 12 แปลงเกษตร
7-31170-001-158/1,ถั่วผี,Phaseolus lathyroides L.f.,LEGUMINOSAE (PAPILIONIODEAE),ไม้ล้มลุก,ดอกสีบานเย็น เป็นช่อ,พื้นที่ศึกษาที่ 12 แปลงเกษตร
7-31170-001-158/2,ถั่วผี,Phaseolus lathyroides L.f.,LEGUMINOSAE (PAPILIONIODEAE),ไม้ล้มลุก,ดอกสีบานเย็น เป็นช่อ,พื้นที่ศึกษาที่ 12 แปลงเกษตร
7-31170-001-159/1,บัวแดง,Nymphaea pubescens Willd.,NYMPHAEACEAE,ไม้ล้มลุก,ดอกมีสีแดงอมชมพู ก้านใบ ก้านดอกสีแดง ใบหนือน้ำ แพร่ กว้าง กลม ผิวมัน,พื้นที่ศึกษาที่ 12 แปลงเกษตร
7-31170-001-159/2,บัวแดง,Nymphaea pubescens Willd.,NYMPHAEACEAE,ไม้ล้มลุก,ดอกมีสีแดงอมชมพู ก้านใบ ก้านดอกสีแดง ใบหนือน้ำ แพร่ กว้าง กลม ผิวมัน,พื้นที่ศึกษาที่ 12 แปลงเกษตร
7-31170-001-159/3,บัวแดง,Nymphaea pubescens Willd.,NYMPHAEACEAE,ไม้ล้มลุก,ดอกมีสีแดงอมชมพู ก้านใบ ก้านดอกสีแดง ใบหนือน้ำ แพร่ กว้าง กลม ผิวมัน,พื้นที่ศึกษาที่ 12 แปลงเกษตร
7-31170-001-160/1,เสาวรส,Passiflora edulis Sims.,PASSIFLORACEAE,ไม้เลื้อย,ผลสด กลมหรือรูปไข่ เมื่อสุก มีสีเหลืองอ่อน ผลอ่อนสีเขียว เรียบเป็นมัน มีจุดขาว ผลแก่ สีเหลือง ส้ม หรือม่วง เมล็ดสีดำ แบน,พื้นที่ศึกษาที่ 12 แปลงเกษตร
7-31170-001-160/2,เสาวรส,Passiflora edulis Sims.,PASSIFLORACEAE,ไม้เลื้อย,ผลสด กลมหรือรูปไข่ เมื่อสุก มีสีเหลืองอ่อน ผลอ่อนสีเขียว เรียบเป็นมัน มีจุดขาว ผลแก่ สีเหลือง ส้ม หรือม่วง เมล็ดสีดำ แบน,พื้นที่ศึกษาที่ 12 แปลงเกษตร
7-31170-001-160/3,เสาวรส,Passiflora edulis Sims.,PASSIFLORACEAE,ไม้เลื้อย,ผลสด กลมหรือรูปไข่ เมื่อสุก มีสีเหลืองอ่อน ผลอ่อนสีเขียว เรียบเป็นมัน มีจุดขาว ผลแก่ สีเหลือง ส้ม หรือม่วง เมล็ดสีดำ แบน,พื้นที่ศึกษาที่ 12 แปลงเกษตร
7-31170-001-160/4,เสาวรส,Passiflora edulis Sims.,PASSIFLORACEAE,ไม้เลื้อย,ผลสด กลมหรือรูปไข่ เมื่อสุก มีสีเหลืองอ่อน ผลอ่อนสีเขียว เรียบเป็นมัน มีจุดขาว ผลแก่ สีเหลือง ส้ม หรือม่วง เมล็ดสีดำ แบน,พื้นที่ศึกษาที่ 12 แปลงเกษตร
7-31170-001-160/5,เสาวรส,Passiflora edulis Sims.,PASSIFLORACEAE,ไม้เลื้อย,ผลสด กลมหรือรูปไข่ เมื่อสุก มีสีเหลืองอ่อน ผลอ่อนสีเขียว เรียบเป็นมัน มีจุดขาว ผลแก่ สีเหลือง ส้ม หรือม่วง เมล็ดสีดำ แบน,พื้นที่ศึกษาที่ 12 แปลงเกษตร
7-31170-001-160/6,เสาวรส,Passiflora edulis Sims.,PASSIFLORACEAE,ไม้เลื้อย,ผลสด กลมหรือรูปไข่ เมื่อสุก มีสีเหลืองอ่อน ผลอ่อนสีเขียว เรียบเป็นมัน มีจุดขาว ผลแก่ สีเหลือง ส้ม หรือม่วง เมล็ดสีดำ แบน,พื้นที่ศึกษาที่ 12 แปลงเกษตร
7-31170-001-160/7,เสาวรส,Passiflora edulis Sims.,PASSIFLORACEAE,ไม้เลื้อย,ผลสด กลมหรือรูปไข่ เมื่อสุก มีสีเหลืองอ่อน ผลอ่อนสีเขียว เรียบเป็นมัน มีจุดขาว ผลแก่ สีเหลือง ส้ม หรือม่วง เมล็ดสีดำ แบน,พื้นที่ศึกษาที่ 12 แปลงเกษตร
7-31170-001-160/8,เสาวรส,Passiflora edulis Sims.,PASSIFLORACEAE,ไม้เลื้อย,ผลสด กลมหรือรูปไข่ เมื่อสุก มีสีเหลืองอ่อน ผลอ่อนสีเขียว เรียบเป็นมัน มีจุดขาว ผลแก่ สีเหลือง ส้ม หรือม่วง เมล็ดสีดำ แบน,พื้นที่ศึกษาที่ 12 แปลงเกษตร
7-31170-001-160/9,เสาวรส,Passiflora edulis Sims.,PASSIFLORACEAE,ไม้เลื้อย,ผลสด กลมหรือรูปไข่ เมื่อสุก มีสีเหลืองอ่อน ผลอ่อนสีเขียว เรียบเป็นมัน มีจุดขาว ผลแก่ สีเหลือง ส้ม หรือม่วง เมล็ดสีดำ แบน,พื้นที่ศึกษาที่ 12 แปลงเกษตร
7-31170-001-160/10,เสาวรส,Passiflora edulis Sims.,PASSIFLORACEAE,ไม้เลื้อย,ผลสด กลมหรือรูปไข่ เมื่อสุก มีสีเหลืองอ่อน ผลอ่อนสีเขียว เรียบเป็นมัน มีจุดขาว ผลแก่ สีเหลือง ส้ม หรือม่วง เมล็ดสีดำ แบน,พื้นที่ศึกษาที่ 12 แปลงเกษตร
7-31170-001-160/11,เสาวรส,Passiflora edulis Sims.,PASSIFLORACEAE,ไม้เลื้อย,ผลสด กลมหรือรูปไข่ เมื่อสุก มีสีเหลืองอ่อน ผลอ่อนสีเขียว เรียบเป็นมัน มีจุดขาว ผลแก่ สีเหลือง ส้ม หรือม่วง เมล็ดสีดำ แบน,พื้นที่ศึกษาที่ 12 แปลงเกษตร
7-31170-001-160/12,เสาวรส,Passiflora edulis Sims.,PASSIFLORACEAE,ไม้เลื้อย,ผลสด กลมหรือรูปไข่ เมื่อสุก มีสีเหลืองอ่อน ผลอ่อนสีเขียว เรียบเป็นมัน มีจุดขาว ผลแก่ สีเหลือง ส้ม หรือม่วง เมล็ดสีดำ แบน,พื้นที่ศึกษาที่ 12 แปลงเกษตร
7-31170-001-160/13,เสาวรส,Passiflora edulis Sims.,PASSIFLORACEAE,ไม้เลื้อย,ผลสด กลมหรือรูปไข่ เมื่อสุก มีสีเหลืองอ่อน ผลอ่อนสีเขียว เรียบเป็นมัน มีจุดขาว ผลแก่ สีเหลือง ส้ม หรือม่วง เมล็ดสีดำ แบน,พื้นที่ศึกษาที่ 15 เตาเผาถ่าน
7-31170-001-160/14,เสาวรส,Passiflora edulis Sims.,PASSIFLORACEAE,ไม้เลื้อย,ผลสด กลมหรือรูปไข่ เมื่อสุก มีสีเหลืองอ่อน ผลอ่อนสีเขียว เรียบเป็นมัน มีจุดขาว ผลแก่ สีเหลือง ส้ม หรือม่วง เมล็ดสีดำ แบน,พื้นที่ศึกษาที่ 15 เตาเผาถ่าน
7-31170-001-160/15,เสาวรส,Passiflora edulis Sims.,PASSIFLORACEAE,ไม้เลื้อย,ผลสด กลมหรือรูปไข่ เมื่อสุก มีสีเหลืองอ่อน ผลอ่อนสีเขียว เรียบเป็นมัน มีจุดขาว ผลแก่ สีเหลือง ส้ม หรือม่วง เมล็ดสีดำ แบน,พื้นที่ศึกษาที่ 15 เตาเผาถ่าน
7-31170-001-160/16,เสาวรส,Passiflora edulis Sims.,PASSIFLORACEAE,ไม้เลื้อย,ผลสด กลมหรือรูปไข่ เมื่อสุก มีสีเหลืองอ่อน ผลอ่อนสีเขียว เรียบเป็นมัน มีจุดขาว ผลแก่ สีเหลือง ส้ม หรือม่วง เมล็ดสีดำ แบน,พื้นที่ศึกษาที่ 15 เตาเผาถ่าน
7-31170-001-160/17,เสาวรส,Passiflora edulis Sims.,PASSIFLORACEAE,ไม้เลื้อย,ผลสด กลมหรือรูปไข่ เมื่อสุก มีสีเหลืองอ่อน ผลอ่อนสีเขียว เรียบเป็นมัน มีจุดขาว ผลแก่ สีเหลือง ส้ม หรือม่วง เมล็ดสีดำ แบน,พื้นที่ศึกษาที่ 15 เตาเผาถ่าน
7-31170-001-160/18,เสาวรส,Passiflora edulis Sims.,PASSIFLORACEAE,ไม้เลื้อย,ผลสด กลมหรือรูปไข่ เมื่อสุก มีสีเหลืองอ่อน ผลอ่อนสีเขียว เรียบเป็นมัน มีจุดขาว ผลแก่ สีเหลือง ส้ม หรือม่วง เมล็ดสีดำ แบน,พื้นที่ศึกษาที่ 15 เตาเผาถ่าน
7-31170-001-160/19,เสาวรส,Passiflora edulis Sims.,PASSIFLORACEAE,ไม้เลื้อย,ผลสด กลมหรือรูปไข่ เมื่อสุก มีสีเหลืองอ่อน ผลอ่อนสีเขียว เรียบเป็นมัน มีจุดขาว ผลแก่ สีเหลือง ส้ม หรือม่วง เมล็ดสีดำ แบน,พื้นที่ศึกษาที่ 15 เตาเผาถ่าน
7-31170-001-160/20,เสาวรส,Passiflora edulis Sims.,PASSIFLORACEAE,ไม้เลื้อย,ผลสด กลมหรือรูปไข่ เมื่อสุก มีสีเหลืองอ่อน ผลอ่อนสีเขียว เรียบเป็นมัน มีจุดขาว ผลแก่ สีเหลือง ส้ม หรือม่วง เมล็ดสีดำ แบน,พื้นที่ศึกษาที่ 15 เตาเผาถ่าน
7-31170-001-160/21,เสาวรส,Passiflora edulis Sims.,PASSIFLORACEAE,ไม้เลื้อย,ผลสด กลมหรือรูปไข่ เมื่อสุก มีสีเหลืองอ่อน ผลอ่อนสีเขียว เรียบเป็นมัน มีจุดขาว ผลแก่ สีเหลือง ส้ม หรือม่วง เมล็ดสีดำ แบน,พื้นที่ศึกษาที่ 15 เตาเผาถ่าน
7-31170-001-160/22,เสาวรส,Passiflora edulis Sims.,PASSIFLORACEAE,ไม้เลื้อย,ผลสด กลมหรือรูปไข่ เมื่อสุก มีสีเหลืองอ่อน ผลอ่อนสีเขียว เรียบเป็นมัน มีจุดขาว ผลแก่ สีเหลือง ส้ม หรือม่วง เมล็ดสีดำ แบน,พื้นที่ศึกษาที่ 15 เตาเผาถ่าน
7-31170-001-160/23,เสาวรส,Passiflora edulis Sims.,PASSIFLORACEAE,ไม้เลื้อย,ผลสด กลมหรือรูปไข่ เมื่อสุก มีสีเหลืองอ่อน ผลอ่อนสีเขียว เรียบเป็นมัน มีจุดขาว ผลแก่ สีเหลือง ส้ม หรือม่วง เมล็ดสีดำ แบน,พื้นที่ศึกษาที่ 15 เตาเผาถ่าน
7-31170-001-160/24,เสาวรส,Passiflora edulis Sims.,PASSIFLORACEAE,ไม้เลื้อย,ผลสด กลมหรือรูปไข่ เมื่อสุก มีสีเหลืองอ่อน ผลอ่อนสีเขียว เรียบเป็นมัน มีจุดขาว ผลแก่ สีเหลือง ส้ม หรือม่วง เมล็ดสีดำ แบน,พื้นที่ศึกษาที่ 15 เตาเผาถ่าน
7-31170-001-160/25,เสาวรส,Passiflora edulis Sims.,PASSIFLORACEAE,ไม้เลื้อย,ผลสด กลมหรือรูปไข่ เมื่อสุก มีสีเหลืองอ่อน ผลอ่อนสีเขียว เรียบเป็นมัน มีจุดขาว ผลแก่ สีเหลือง ส้ม หรือม่วง เมล็ดสีดำ แบน,พื้นที่ศึกษาที่ 15 เตาเผาถ่าน
7-31170-001-160/26,เสาวรส,Passiflora edulis Sims.,PASSIFLORACEAE,ไม้เลื้อย,ผลสด กลมหรือรูปไข่ เมื่อสุก มีสีเหลืองอ่อน ผลอ่อนสีเขียว เรียบเป็นมัน มีจุดขาว ผลแก่ สีเหลือง ส้ม หรือม่วง เมล็ดสีดำ แบน,พื้นที่ศึกษาที่ 15 เตาเผาถ่าน
7-31170-001-160/27,เสาวรส,Passiflora edulis Sims.,PASSIFLORACEAE,ไม้เลื้อย,ผลสด กลมหรือรูปไข่ เมื่อสุก มีสีเหลืองอ่อน ผลอ่อนสีเขียว เรียบเป็นมัน มีจุดขาว ผลแก่ สีเหลือง ส้ม หรือม่วง เมล็ดสีดำ แบน,พื้นที่ศึกษาที่ 15 เตาเผาถ่าน
7-31170-001-161/1,ย่านาง,Tiliacora triandra (Colebr.) Diels,MENISPERMACEAE,ไม้เลื้อย,ใบแก่มีสีเขียวเข้มมาก ผลสุกสีแดง,พื้นที่ศึกษาที่ 12 แปลงเกษตร
7-31170-001-161/2,ย่านาง,Tiliacora triandra (Colebr.) Diels,MENISPERMACEAE,ไม้เลื้อย,ใบแก่มีสีเขียวเข้มมาก ผลสุกสีแดง,พื้นที่ศึกษาที่ 12 แปลงเกษตร
7-31170-001-161/3,ย่านาง,Tiliacora triandra (Colebr.) Diels,MENISPERMACEAE,ไม้เลื้อย,ใบแก่มีสีเขียวเข้มมาก ผลสุกสีแดง,พื้นที่ศึกษาที่ 12 แปลงเกษตร
7-31170-001-162/1,ตะไก้ กำแพงเจ็ดชั้น,Salacia chinensis L.,CELASTRACEAE,ไม้พุ่ม,ดอกสีเหลือง ผลกลม เมื่อดิบสีเขียว ผลสุก สีส้มแดง,พื้นที่ศึกษาที่ 12 แปลงเกษตร
7-31170-001-162/2,ตะไก้ กำแพงเจ็ดชั้น,Salacia chinensis L.,CELASTRACEAE,ไม้พุ่ม,ดอกสีเหลือง ผลกลม เมื่อดิบสีเขียว ผลสุก สีส้มแดง,พื้นที่ศึกษาที่ 12 แปลงเกษตร
7-31170-001-162/3,ตะไก้ กำแพงเจ็ดชั้น,Salacia chinensis L.,CELASTRACEAE,ไม้พุ่ม,ดอกสีเหลือง ผลกลม เมื่อดิบสีเขียว ผลสุก สีส้มแดง,พื้นที่ศึกษาที่ 15 เตาเผาถ่าน
7-31170-001-162/4,ตะไก้ กำแพงเจ็ดชั้น,Salacia chinensis L.,CELASTRACEAE,ไม้พุ่ม,ดอกสีเหลือง ผลกลม เมื่อดิบสีเขียว ผลสุก สีส้มแดง,พื้นที่ศึกษาที่ 15 เตาเผาถ่าน
7-31170-001-162/5,ตะไก้ กำแพงเจ็ดชั้น,Salacia chinensis L.,CELASTRACEAE,ไม้พุ่ม,ดอกสีเหลือง ผลกลม เมื่อดิบสีเขียว ผลสุก สีส้มแดง,พื้นที่ศึกษาที่ 15 เตาเผาถ่าน
7-31170-001-163/1,กระดุมทองเลื้อย,Wedelia trilobata (L.) Hitchc.,COMPOSITAE (ASTERACEAE),ไม้ล้มลุก,ทุกส่วนมีกลิ่นฉุน ดอกสีเหลือง,พื้นที่ศึกษาที่ 12 แปลงเกษตร
7-31170-001-163/2,กระดุมทองเลื้อย,Wedelia trilobata (L.) Hitchc.,COMPOSITAE (ASTERACEAE),ไม้ล้มลุก,ทุกส่วนมีกลิ่นฉุน ดอกสีเหลือง,พื้นที่ศึกษาที่ 12 แปลงเกษตร
7-31170-001-163/3,กระดุมทองเลื้อย,Wedelia trilobata (L.) Hitchc.,COMPOSITAE (ASTERACEAE),ไม้ล้มลุก,ทุกส่วนมีกลิ่นฉุน ดอกสีเหลือง,พื้นที่ศึกษาที่ 12 แปลงเกษตร
7-31170-001-163/4,กระดุมทองเลื้อย,Wedelia trilobata (L.) Hitchc.,COMPOSITAE (ASTERACEAE),ไม้ล้มลุก,ทุกส่วนมีกลิ่นฉุน ดอกสีเหลือง,พื้นที่ศึกษาที่ 12 แปลงเกษตร
7-31170-001-163/5,กระดุมทองเลื้อย,Wedelia trilobata (L.) Hitchc.,COMPOSITAE (ASTERACEAE),ไม้ล้มลุก,ทุกส่วนมีกลิ่นฉุน ดอกสีเหลือง,พื้นที่ศึกษาที่ 12 แปลงเกษตร
7-31170-001-163/6,กระดุมทองเลื้อย,Wedelia trilobata (L.) Hitchc.,COMPOSITAE (ASTERACEAE),ไม้ล้มลุก,ทุกส่วนมีกลิ่นฉุน ดอกสีเหลือง,พื้นที่ศึกษาที่ 12 แปลงเกษตร
7-31170-001-163/7,กระดุมทองเลื้อย,Wedelia trilobata (L.) Hitchc.,COMPOSITAE (ASTERACEAE),ไม้ล้มลุก,ทุกส่วนมีกลิ่นฉุน ดอกสีเหลือง,พื้นที่ศึกษาที่ 12 แปลงเกษตร
7-31170-001-163/8,กระดุมทองเลื้อย,Wedelia trilobata (L.) Hitchc.,COMPOSITAE (ASTERACEAE),ไม้ล้มลุก,ทุกส่วนมีกลิ่นฉุน ดอกสีเหลือง,พื้นที่ศึกษาที่ 12 แปลงเกษตร
7-31170-001-163/9,กระดุมทองเลื้อย,Wedelia trilobata (L.) Hitchc.,COMPOSITAE (ASTERACEAE),ไม้ล้มลุก,ทุกส่วนมีกลิ่นฉุน ดอกสีเหลือง,พื้นที่ศึกษาที่ 12 แปลงเกษตร
7-31170-001-163/10,กระดุมทองเลื้อย,Wedelia trilobata (L.) Hitchc.,COMPOSITAE (ASTERACEAE),ไม้ล้มลุก,ทุกส่วนมีกลิ่นฉุน ดอกสีเหลือง,พื้นที่ศึกษาที่ 12 แปลงเกษตร
7-31170-001-163/11,กระดุมทองเลื้อย,Wedelia trilobata (L.) Hitchc.,COMPOSITAE (ASTERACEAE),ไม้ล้มลุก,ทุกส่วนมีกลิ่นฉุน ดอกสีเหลือง,พื้นที่ศึกษาที่ 12 แปลงเกษตร
7-31170-001-163/12,กระดุมทองเลื้อย,Wedelia trilobata (L.) Hitchc.,COMPOSITAE (ASTERACEAE),ไม้ล้มลุก,ทุกส่วนมีกลิ่นฉุน ดอกสีเหลือง,พื้นที่ศึกษาที่ 12 แปลงเกษตร
7-31170-001-163/13,กระดุมทองเลื้อย,Wedelia trilobata (L.) Hitchc.,COMPOSITAE (ASTERACEAE),ไม้ล้มลุก,ทุกส่วนมีกลิ่นฉุน ดอกสีเหลือง,พื้นที่ศึกษาที่ 12 แปลงเกษตร
7-31170-001-163/14,กระดุมทองเลื้อย,Wedelia trilobata (L.) Hitchc.,COMPOSITAE (ASTERACEAE),ไม้ล้มลุก,ทุกส่วนมีกลิ่นฉุน ดอกสีเหลือง,พื้นที่ศึกษาที่ 12 แปลงเกษตร
7-31170-001-163/15,กระดุมทองเลื้อย,Wedelia trilobata (L.) Hitchc.,COMPOSITAE (ASTERACEAE),ไม้ล้มลุก,ทุกส่วนมีกลิ่นฉุน ดอกสีเหลือง,พื้นที่ศึกษาที่ 12 แปลงเกษตร
7-31170-001-163/16,กระดุมทองเลื้อย,Wedelia trilobata (L.) Hitchc.,COMPOSITAE (ASTERACEAE),ไม้ล้มลุก,ทุกส่วนมีกลิ่นฉุน ดอกสีเหลือง,พื้นที่ศึกษาที่ 12 แปลงเกษตร
7-31170-001-163/17,กระดุมทองเลื้อย,Wedelia trilobata (L.) Hitchc.,COMPOSITAE (ASTERACEAE),ไม้ล้มลุก,ทุกส่วนมีกลิ่นฉุน ดอกสีเหลือง,พื้นที่ศึกษาที่ 12 แปลงเกษตร
7-31170-001-163/18,กระดุมทองเลื้อย,Wedelia trilobata (L.) Hitchc.,COMPOSITAE (ASTERACEAE),ไม้ล้มลุก,ทุกส่วนมีกลิ่นฉุน ดอกสีเหลือง,พื้นที่ศึกษาที่ 12 แปลงเกษตร
7-31170-001-163/19,กระดุมทองเลื้อย,Wedelia trilobata (L.) Hitchc.,COMPOSITAE (ASTERACEAE),ไม้ล้มลุก,ทุกส่วนมีกลิ่นฉุน ดอกสีเหลือง,พื้นที่ศึกษาที่ 12 แปลงเกษตร
7-31170-001-163/20,กระดุมทองเลื้อย,Wedelia trilobata (L.) Hitchc.,COMPOSITAE (ASTERACEAE),ไม้ล้มลุก,ทุกส่วนมีกลิ่นฉุน ดอกสีเหลือง,พื้นที่ศึกษาที่ 12 แปลงเกษตร
7-31170-001-163/21,กระดุมทองเลื้อย,Wedelia trilobata (L.) Hitchc.,COMPOSITAE (ASTERACEAE),ไม้ล้มลุก,ทุกส่วนมีกลิ่นฉุน ดอกสีเหลือง,พื้นที่ศึกษาที่ 12 แปลงเกษตร
7-31170-001-163/22,กระดุมทองเลื้อย,Wedelia trilobata (L.) Hitchc.,COMPOSITAE (ASTERACEAE),ไม้ล้มลุก,ทุกส่วนมีกลิ่นฉุน ดอกสีเหลือง,พื้นที่ศึกษาที่ 12 แปลงเกษตร
7-31170-001-163/23,กระดุมทองเลื้อย,Wedelia trilobata (L.) Hitchc.,COMPOSITAE (ASTERACEAE),ไม้ล้มลุก,ทุกส่วนมีกลิ่นฉุน ดอกสีเหลือง,พื้นที่ศึกษาที่ 12 แปลงเกษตร
7-31170-001-163/24,กระดุมทองเลื้อย,Wedelia trilobata (L.) Hitchc.,COMPOSITAE (ASTERACEAE),ไม้ล้มลุก,ทุกส่วนมีกลิ่นฉุน ดอกสีเหลือง,พื้นที่ศึกษาที่ 12 แปลงเกษตร
7-31170-001-163/25,กระดุมทองเลื้อย,Wedelia trilobata (L.) Hitchc.,COMPOSITAE (ASTERACEAE),ไม้ล้มลุก,ทุกส่วนมีกลิ่นฉุน ดอกสีเหลือง,พื้นที่ศึกษาที่ 12 แปลงเกษตร
7-31170-001-163/26,กระดุมทองเลื้อย,Wedelia trilobata (L.) Hitchc.,COMPOSITAE (ASTERACEAE),ไม้ล้มลุก,ทุกส่วนมีกลิ่นฉุน ดอกสีเหลือง,พื้นที่ศึกษาที่ 12 แปลงเกษตร
7-31170-001-163/27,กระดุมทองเลื้อย,Wedelia trilobata (L.) Hitchc.,COMPOSITAE (ASTERACEAE),ไม้ล้มลุก,ทุกส่วนมีกลิ่นฉุน ดอกสีเหลือง,พื้นที่ศึกษาที่ 12 แปลงเกษตร
7-31170-001-163/28,กระดุมทองเลื้อย,Wedelia trilobata (L.) Hitchc.,COMPOSITAE (ASTERACEAE),ไม้ล้มลุก,ทุกส่วนมีกลิ่นฉุน ดอกสีเหลือง,พื้นที่ศึกษาที่ 12 แปลงเกษตร
7-31170-001-163/29,กระดุมทองเลื้อย,Wedelia trilobata (L.) Hitchc.,COMPOSITAE (ASTERACEAE),ไม้ล้มลุก,ทุกส่วนมีกลิ่นฉุน ดอกสีเหลือง,พื้นที่ศึกษาที่ 12 แปลงเกษตร
7-31170-001-163/30,กระดุมทองเลื้อย,Wedelia trilobata (L.) Hitchc.,COMPOSITAE (ASTERACEAE),ไม้ล้มลุก,ทุกส่วนมีกลิ่นฉุน ดอกสีเหลือง,พื้นที่ศึกษาที่ 12 แปลงเกษตร
7-31170-001-163/31,กระดุมทองเลื้อย,Wedelia trilobata (L.) Hitchc.,COMPOSITAE (ASTERACEAE),ไม้ล้มลุก,ทุกส่วนมีกลิ่นฉุน ดอกสีเหลือง,พื้นที่ศึกษาที่ 12 แปลงเกษตร
7-31170-001-163/32,กระดุมทองเลื้อย,Wedelia trilobata (L.) Hitchc.,COMPOSITAE (ASTERACEAE),ไม้ล้มลุก,ทุกส่วนมีกลิ่นฉุน ดอกสีเหลือง,พื้นที่ศึกษาที่ 12 แปลงเกษตร
7-31170-001-163/33,กระดุมทองเลื้อย,Wedelia trilobata (L.) Hitchc.,COMPOSITAE (ASTERACEAE),ไม้ล้มลุก,ทุกส่วนมีกลิ่นฉุน ดอกสีเหลือง,พื้นที่ศึกษาที่ 16 หอประชุม
7-31170-001-163/34,กระดุมทองเลื้อย,Wedelia trilobata (L.) Hitchc.,COMPOSITAE (ASTERACEAE),ไม้ล้มลุก,ทุกส่วนมีกลิ่นฉุน ดอกสีเหลือง,พื้นที่ศึกษาที่ 16 หอประชุม
7-31170-001-163/35,กระดุมทองเลื้อย,Wedelia trilobata (L.) Hitchc.,COMPOSITAE (ASTERACEAE),ไม้ล้มลุก,ทุกส่วนมีกลิ่นฉุน ดอกสีเหลือง,พื้นที่ศึกษาที่ 16 หอประชุม
7-31170-001-163/36,กระดุมทองเลื้อย,Wedelia trilobata (L.) Hitchc.,COMPOSITAE (ASTERACEAE),ไม้ล้มลุก,ทุกส่วนมีกลิ่นฉุน ดอกสีเหลือง,พื้นที่ศึกษาที่ 16 หอประชุม
7-31170-001-163/37,กระดุมทองเลื้อย,Wedelia trilobata (L.) Hitchc.,COMPOSITAE (ASTERACEAE),ไม้ล้มลุก,ทุกส่วนมีกลิ่นฉุน ดอกสีเหลือง,พื้นที่ศึกษาที่ 16 หอประชุม
7-31170-001-163/38,กระดุมทองเลื้อย,Wedelia trilobata (L.) Hitchc.,COMPOSITAE (ASTERACEAE),ไม้ล้มลุก,ทุกส่วนมีกลิ่นฉุน ดอกสีเหลือง,พื้นที่ศึกษาที่ 16 หอประชุม
7-31170-001-163/39,กระดุมทองเลื้อย,Wedelia trilobata (L.) Hitchc.,COMPOSITAE (ASTERACEAE),ไม้ล้มลุก,ทุกส่วนมีกลิ่นฉุน ดอกสีเหลือง,พื้นที่ศึกษาที่ 16 หอประชุม
7-31170-001-163/40,กระดุมทองเลื้อย,Wedelia trilobata (L.) Hitchc.,COMPOSITAE (ASTERACEAE),ไม้ล้มลุก,ทุกส่วนมีกลิ่นฉุน ดอกสีเหลือง,พื้นที่ศึกษาที่ 16 หอประชุม
7-31170-001-163/41,กระดุมทองเลื้อย,Wedelia trilobata (L.) Hitchc.,COMPOSITAE (ASTERACEAE),ไม้ล้มลุก,ทุกส่วนมีกลิ่นฉุน ดอกสีเหลือง,พื้นที่ศึกษาที่ 16 หอประชุม
7-31170-001-163/42,กระดุมทองเลื้อย,Wedelia trilobata (L.) Hitchc.,COMPOSITAE (ASTERACEAE),ไม้ล้มลุก,ทุกส่วนมีกลิ่นฉุน ดอกสีเหลือง,พื้นที่ศึกษาที่ 16 หอประชุม
7-31170-001-164/1,กระเจี๊ยบแดง,Hibiscus sabdariffa L.,MALVACEAE,ไม้ล้มลุก,กลีบเลี้ยงสีแดงสด รับประทานได้,พื้นที่ศึกษาที่ 12 แปลงเกษตร
7-31170-001-164/2,กระเจี๊ยบแดง,Hibiscus sabdariffa L.,MALVACEAE,ไม้ล้มลุก,กลีบเลี้ยงสีแดงสด รับประทานได้,พื้นที่ศึกษาที่ 12 แปลงเกษตร
7-31170-001-164/3,กระเจี๊ยบแดง,Hibiscus sabdariffa L.,MALVACEAE,ไม้ล้มลุก,กลีบเลี้ยงสีแดงสด รับประทานได้,พื้นที่ศึกษาที่ 12 แปลงเกษตร
7-31170-001-164/4,กระเจี๊ยบแดง,Hibiscus sabdariffa L.,MALVACEAE,ไม้ล้มลุก,กลีบเลี้ยงสีแดงสด รับประทานได้,พื้นที่ศึกษาที่ 12 แปลงเกษตร
7-31170-001-164/5,กระเจี๊ยบแดง,Hibiscus sabdariffa L.,MALVACEAE,ไม้ล้มลุก,กลีบเลี้ยงสีแดงสด รับประทานได้,พื้นที่ศึกษาที่ 12 แปลงเกษตร
7-31170-001-164/6,กระเจี๊ยบแดง,Hibiscus sabdariffa L.,MALVACEAE,ไม้ล้มลุก,กลีบเลี้ยงสีแดงสด รับประทานได้,พื้นที่ศึกษาที่ 12 แปลงเกษตร
7-31170-001-164/7,กระเจี๊ยบแดง,Hibiscus sabdariffa L.,MALVACEAE,ไม้ล้มลุก,กลีบเลี้ยงสีแดงสด รับประทานได้,พื้นที่ศึกษาที่ 12 แปลงเกษตร
7-31170-001-164/8,กระเจี๊ยบแดง,Hibiscus sabdariffa L.,MALVACEAE,ไม้ล้มลุก,กลีบเลี้ยงสีแดงสด รับประทานได้,พื้นที่ศึกษาที่ 12 แปลงเกษตร
7-31170-001-164/9,กระเจี๊ยบแดง,Hibiscus sabdariffa L.,MALVACEAE,ไม้ล้มลุก,กลีบเลี้ยงสีแดงสด รับประทานได้,พื้นที่ศึกษาที่ 12 แปลงเกษตร
7-31170-001-164/10,กระเจี๊ยบแดง,Hibiscus sabdariffa L.,MALVACEAE,ไม้ล้มลุก,กลีบเลี้ยงสีแดงสด รับประทานได้,พื้นที่ศึกษาที่ 12 แปลงเกษตร
7-31170-001-164/11,กระเจี๊ยบแดง,Hibiscus sabdariffa L.,MALVACEAE,ไม้ล้มลุก,กลีบเลี้ยงสีแดงสด รับประทานได้,พื้นที่ศึกษาที่ 12 แปลงเกษตร
7-31170-001-164/12,กระเจี๊ยบแดง,Hibiscus sabdariffa L.,MALVACEAE,ไม้ล้มลุก,กลีบเลี้ยงสีแดงสด รับประทานได้,พื้นที่ศึกษาที่ 12 แปลงเกษตร
7-31170-001-164/13,กระเจี๊ยบแดง,Hibiscus sabdariffa L.,MALVACEAE,ไม้ล้มลุก,กลีบเลี้ยงสีแดงสด รับประทานได้,พื้นที่ศึกษาที่ 12 แปลงเกษตร
7-31170-001-164/14,กระเจี๊ยบแดง,Hibiscus sabdariffa L.,MALVACEAE,ไม้ล้มลุก,กลีบเลี้ยงสีแดงสด รับประทานได้,พื้นที่ศึกษาที่ 12 แปลงเกษตร
7-31170-001-164/15,กระเจี๊ยบแดง,Hibiscus sabdariffa L.,MALVACEAE,ไม้ล้มลุก,กลีบเลี้ยงสีแดงสด รับประทานได้,พื้นที่ศึกษาที่ 12 แปลงเกษตร
7-31170-001-164/16,กระเจี๊ยบแดง,Hibiscus sabdariffa L.,MALVACEAE,ไม้ล้มลุก,กลีบเลี้ยงสีแดงสด รับประทานได้,พื้นที่ศึกษาที่ 12 แปลงเกษตร
7-31170-001-164/17,กระเจี๊ยบแดง,Hibiscus sabdariffa L.,MALVACEAE,ไม้ล้มลุก,กลีบเลี้ยงสีแดงสด รับประทานได้,พื้นที่ศึกษาที่ 12 แปลงเกษตร
7-31170-001-164/18,กระเจี๊ยบแดง,Hibiscus sabdariffa L.,MALVACEAE,ไม้ล้มลุก,กลีบเลี้ยงสีแดงสด รับประทานได้,พื้นที่ศึกษาที่ 12 แปลงเกษตร
7-31170-001-164/19,กระเจี๊ยบแดง,Hibiscus sabdariffa L.,MALVACEAE,ไม้ล้มลุก,กลีบเลี้ยงสีแดงสด รับประทานได้,พื้นที่ศึกษาที่ 12 แปลงเกษตร
7-31170-001-164/20,กระเจี๊ยบแดง,Hibiscus sabdariffa L.,MALVACEAE,ไม้ล้มลุก,กลีบเลี้ยงสีแดงสด รับประทานได้,พื้นที่ศึกษาที่ 12 แปลงเกษตร
7-31170-001-164/21,กระเจี๊ยบแดง,Hibiscus sabdariffa L.,MALVACEAE,ไม้ล้มลุก,กลีบเลี้ยงสีแดงสด รับประทานได้,พื้นที่ศึกษาที่ 12 แปลงเกษตร
7-31170-001-164/22,กระเจี๊ยบแดง,Hibiscus sabdariffa L.,MALVACEAE,ไม้ล้มลุก,กลีบเลี้ยงสีแดงสด รับประทานได้,พื้นที่ศึกษาที่ 12 แปลงเกษตร
7-31170-001-164/23,กระเจี๊ยบแดง,Hibiscus sabdariffa L.,MALVACEAE,ไม้ล้มลุก,กลีบเลี้ยงสีแดงสด รับประทานได้,พื้นที่ศึกษาที่ 12 แปลงเกษตร
7-31170-001-164/24,กระเจี๊ยบแดง,Hibiscus sabdariffa L.,MALVACEAE,ไม้ล้มลุก,กลีบเลี้ยงสีแดงสด รับประทานได้,พื้นที่ศึกษาที่ 12 แปลงเกษตร
7-31170-001-164/25,กระเจี๊ยบแดง,Hibiscus sabdariffa L.,MALVACEAE,ไม้ล้มลุก,กลีบเลี้ยงสีแดงสด รับประทานได้,พื้นที่ศึกษาที่ 12 แปลงเกษตร
7-31170-001-165/1,ตะไคร้,Cymbopogon citratus Stapf,GRAMINEAE (POACEAE),ไม้ล้มลุก หญ้า,ใบยาว เรียว ขอบใบทั้งสองข้างสีเขียว,พื้นที่ศึกษาที่ 12 แปลงเกษตร
7-31170-001-165/2,ตะไคร้,Cymbopogon citratus Stapf,GRAMINEAE (POACEAE),ไม้ล้มลุก หญ้า,ใบยาว เรียว ขอบใบทั้งสองข้างสีเขียว,พื้นที่ศึกษาที่ 12 แปลงเกษตร
7-31170-001-166/1,หญ้าตีนกา,Eleusine indica (L.) Gaertn.,GRAMINEAE (POACEAE),ไม้ล้มลุก หญ้า,เติบโตเป็นกอ ลำต้นชู,พื้นที่ศึกษาที่ 12 แปลงเกษตร
7-31170-001-166/2,หญ้าตีนกา,Eleusine indica (L.) Gaertn.,GRAMINEAE (POACEAE),ไม้ล้มลุก หญ้า,เติบโตเป็นกอ ลำต้นชู,พื้นที่ศึกษาที่ 12 แปลงเกษตร
7-31170-001-167,ละหุ่งแดง,Jatropha gossypifolia L.,EUPHORBIACEAE,ไม้ล้มลุก ไม้พุ่ม,ออกดอกที่ปลายยอด ผลมีหนามแหลม,พื้นที่ศึกษาที่ 12 แปลงเกษตร
7-31170-001-168/1,ข่า,Alpinia galanga (L.) Willd,ZINGIBERACEAE,ไม้ล้มลุก,ดอกสีขาว เป็นช่อ เชิงลด ลำต้นใต้ดิน,พื้นที่ศึกษาที่ 12 แปลงเกษตร
7-31170-001-168/2,ข่า,Alpinia galanga (L.) Willd,ZINGIBERACEAE,ไม้ล้มลุก,ดอกสีขาว เป็นช่อ เชิงลด ลำต้นใต้ดิน,พื้นที่ศึกษาที่ 12 แปลงเกษตร
7-31170-001-168/3,ข่า,Alpinia galanga (L.) Willd,ZINGIBERACEAE,ไม้ล้มลุก,ดอกสีขาว เป็นช่อ เชิงลด ลำต้นใต้ดิน,พื้นที่ศึกษาที่ 12 แปลงเกษตร
7-31170-001-168/4,ข่า,Alpinia galanga (L.) Willd,ZINGIBERACEAE,ไม้ล้มลุก,ดอกสีขาว เป็นช่อ เชิงลด ลำต้นใต้ดิน,พื้นที่ศึกษาที่ 12 แปลงเกษตร
7-31170-001-168/5,ข่า,Alpinia galanga (L.) Willd,ZINGIBERACEAE,ไม้ล้มลุก,ดอกสีขาว เป็นช่อ เชิงลด ลำต้นใต้ดิน,พื้นที่ศึกษาที่ 12 แปลงเกษตร
7-31170-001-168/6,ข่า,Alpinia galanga (L.) Willd,ZINGIBERACEAE,ไม้ล้มลุก,ดอกสีขาว เป็นช่อ เชิงลด ลำต้นใต้ดิน,พื้นที่ศึกษาที่ 12 แปลงเกษตร
7-31170-001-168/7,ข่า,Alpinia galanga (L.) Willd,ZINGIBERACEAE,ไม้ล้มลุก,ดอกสีขาว เป็นช่อ เชิงลด ลำต้นใต้ดิน,พื้นที่ศึกษาที่ 12 แปลงเกษตร
7-31170-001-168/8,ข่า,Alpinia galanga (L.) Willd,ZINGIBERACEAE,ไม้ล้มลุก,ดอกสีขาว เป็นช่อ เชิงลด ลำต้นใต้ดิน,พื้นที่ศึกษาที่ 12 แปลงเกษตร
7-31170-001-168/9,ข่า,Alpinia galanga (L.) Willd,ZINGIBERACEAE,ไม้ล้มลุก,ดอกสีขาว เป็นช่อ เชิงลด ลำต้นใต้ดิน,พื้นที่ศึกษาที่ 12 แปลงเกษตร
7-31170-001-169/1,หญ้าปล้องข้าวนก,Brachiaria ramosa (L.) Stapf,GRAMINEAE (POACEAE),ไม้ล้มลุก หญ้า,แผ่นใบมีขนบางๆ ขอบใบย่นเล็กน้อย,พื้นที่ศึกษาที่ 12 แปลงเกษตร
7-31170-001-169/2,หญ้าปล้องข้าวนก,Brachiaria ramosa (L.) Stapf,GRAMINEAE (POACEAE),ไม้ล้มลุก หญ้า,แผ่นใบมีขนบางๆ ขอบใบย่นเล็กน้อย,พื้นที่ศึกษาที่ 12 แปลงเกษตร
7-31170-001-170/1,หญ้ายาง ใบต่างดอก ลูกเขยตายแม่ยายทำศพ,Euphorbia heterophylla L.,EUPHORBIACEAE,ไม้ล้มลุก,มียางสีขาวขุ่น,พื้นที่ศึกษาที่ 12 แปลงเกษตร
7-31170-001-170/2,หญ้ายาง ใบต่างดอก ลูกเขยตายแม่ยายทำศพ,Euphorbia heterophylla L.,EUPHORBIACEAE,ไม้ล้มลุก,มียางสีขาวขุ่น,พื้นที่ศึกษาที่ 12 แปลงเกษตร
7-31170-001-170/3,หญ้ายาง ใบต่างดอก ลูกเขยตายแม่ยายทำศพ,Euphorbia heterophylla L.,EUPHORBIACEAE,ไม้ล้มลุก,มียางสีขาวขุ่น,พื้นที่ศึกษาที่ 12 แปลงเกษตร
7-31170-001-170/4,หญ้ายาง ใบต่างดอก ลูกเขยตายแม่ยายทำศพ,Euphorbia heterophylla L.,EUPHORBIACEAE,ไม้ล้มลุก,มียางสีขาวขุ่น,พื้นที่ศึกษาที่ 12 แปลงเกษตร
7-31170-001-171/1,มะระขี้นก,Momordica charantia L.,CUCURBITACEAE,ไม้ล้มลุก,ใบและผลดิบ มีรสขม,พื้นที่ศึกษาที่ 12 แปลงเกษตร
7-31170-001-171/2,มะระขี้นก,Momordica charantia L.,CUCURBITACEAE,ไม้ล้มลุก,ใบและผลดิบ มีรสขม,พื้นที่ศึกษาที่ 12 แปลงเกษตร
7-31170-001-171/3,มะระขี้นก,Momordica charantia L.,CUCURBITACEAE,ไม้ล้มลุก,ใบและผลดิบ มีรสขม,พื้นที่ศึกษาที่ 12 แปลงเกษตร
7-31170-001-171/4,มะระขี้นก,Momordica charantia L.,CUCURBITACEAE,ไม้ล้มลุก,ใบและผลดิบ มีรสขม,พื้นที่ศึกษาที่ 12 แปลงเกษตร
7-31170-001-171/5,มะระขี้นก,Momordica charantia L.,CUCURBITACEAE,ไม้ล้มลุก,ใบและผลดิบ มีรสขม,พื้นที่ศึกษาที่ 12 แปลงเกษตร
7-31170-001-171/6,มะระขี้นก,Momordica charantia L.,CUCURBITACEAE,ไม้ล้มลุก,ใบและผลดิบ มีรสขม,พื้นที่ศึกษาที่ 12 แปลงเกษตร
7-31170-001-171/7,มะระขี้นก,Momordica charantia L.,CUCURBITACEAE,ไม้ล้มลุก,ใบและผลดิบ มีรสขม,พื้นที่ศึกษาที่ 12 แปลงเกษตร
7-31170-001-172,หญ้าขน,Brachiaria mutica (Forssk.) Stapf,GRAMINEAE (POACEAE),ไม้ล้มลุก หญ้า,ลำต้น ข้อปล้อง และใบมีขนสีขาว,พื้นที่ศึกษาที่ 12 แปลงเกษตร
7-31170-001-173/1,มะไฟนกคุ่ม แก้วรักนา มะไฟนา (ราชบุรี) สะเดานา หญ้ารักนา (ภาคเหนือ),Ammannia baccifera L.,LYTHRACEAE,ไม้ล้มลุก,ใบเรียวยาวสีเขียวอ่อน ลำต้นสีแดง,พื้นที่ศึกษาที่ 12 แปลงเกษตร
7-31170-001-173/2,มะไฟนกคุ่ม แก้วรักนา มะไฟนา (ราชบุรี) สะเดานา หญ้ารักนา (ภาคเหนือ),Ammannia baccifera L.,LYTHRACEAE,ไม้ล้มลุก,ใบเรียวยาวสีเขียวอ่อน ลำต้นสีแดง,พื้นที่ศึกษาที่ 12 แปลงเกษตร
7-31170-001-174/1,ถั่วแปบ,Lablab purpureus (L.) Sweet,LEGUMINOSAE-PAPILIONIDEAE,ไม้ล้มลุก ไม้เลื้อย,ผลแบนสีขาวนวล,พื้นที่ศึกษาที่ 12 แปลงเกษตร
7-31170-001-174/2,ถั่วแปบ,Lablab purpureus (L.) Sweet,LEGUMINOSAE-PAPILIONIDEAE,ไม้ล้มลุก ไม้เลื้อย,ผลแบนสีขาวนวล,พื้นที่ศึกษาที่ 12 แปลงเกษตร
7-31170-001-174/3,ถั่วแปบ,Lablab purpureus (L.) Sweet,LEGUMINOSAE-PAPILIONIDEAE,ไม้ล้มลุก ไม้เลื้อย,ผลแบนสีขาวนวล,พื้นที่ศึกษาที่ 12 แปลงเกษตร
7-31170-001-174/4,ถั่วแปบ,Lablab purpureus (L.) Sweet,LEGUMINOSAE-PAPILIONIDEAE,ไม้ล้มลุก ไม้เลื้อย,ผลแบนสีขาวนวล,พื้นที่ศึกษาที่ 12 แปลงเกษตร
7-31170-001-174/5,ถั่วแปบ,Lablab purpureus (L.) Sweet,LEGUMINOSAE-PAPILIONIDEAE,ไม้ล้มลุก ไม้เลื้อย,ผลแบนสีขาวนวล,พื้นที่ศึกษาที่ 12 แปลงเกษตร
7-31170-001-174/6,ถั่วแปบ,Lablab purpureus (L.) Sweet,LEGUMINOSAE-PAPILIONIDEAE,ไม้ล้มลุก ไม้เลื้อย,ผลแบนสีขาวนวล,พื้นที่ศึกษาที่ 12 แปลงเกษตร
7-31170-001-174/7,ถั่วแปบ,Lablab purpureus (L.) Sweet,LEGUMINOSAE-PAPILIONIDEAE,ไม้ล้มลุก ไม้เลื้อย,ผลแบนสีขาวนวล,พื้นที่ศึกษาที่ 12 แปลงเกษตร
7-31170-001-174/8,ถั่วแปบ,Lablab purpureus (L.) Sweet,LEGUMINOSAE-PAPILIONIDEAE,ไม้ล้มลุก ไม้เลื้อย,ผลแบนสีขาวนวล,พื้นที่ศึกษาที่ 12 แปลงเกษตร
7-31170-001-174/9,ถั่วแปบ,Lablab purpureus (L.) Sweet,LEGUMINOSAE-PAPILIONIDEAE,ไม้ล้มลุก ไม้เลื้อย,ผลแบนสีขาวนวล,พื้นที่ศึกษาที่ 12 แปลงเกษตร
7-31170-001-174/10,ถั่วแปบ,Lablab purpureus (L.) Sweet,LEGUMINOSAE-PAPILIONIDEAE,ไม้ล้มลุก ไม้เลื้อย,ผลแบนสีขาวนวล,พื้นที่ศึกษาที่ 12 แปลงเกษตร
7-31170-001-174/11,ถั่วแปบ,Lablab purpureus (L.) Sweet,LEGUMINOSAE-PAPILIONIDEAE,ไม้ล้มลุก ไม้เลื้อย,ผลแบนสีขาวนวล,พื้นที่ศึกษาที่ 12 แปลงเกษตร
7-31170-001-174/12,ถั่วแปบ,Lablab purpureus (L.) Sweet,LEGUMINOSAE-PAPILIONIDEAE,ไม้ล้มลุก ไม้เลื้อย,ผลแบนสีขาวนวล,พื้นที่ศึกษาที่ 12 แปลงเกษตร
7-31170-001-174/13,ถั่วแปบ,Lablab purpureus (L.) Sweet,LEGUMINOSAE-PAPILIONIDEAE,ไม้ล้มลุก ไม้เลื้อย,ผลแบนสีขาวนวล,พื้นที่ศึกษาที่ 12 แปลงเกษตร
7-31170-001-174/14,ถั่วแปบ,Lablab purpureus (L.) Sweet,LEGUMINOSAE-PAPILIONIDEAE,ไม้ล้มลุก ไม้เลื้อย,ผลแบนสีขาวนวล,พื้นที่ศึกษาที่ 12 แปลงเกษตร
7-31170-001-174/15,ถั่วแปบ,Lablab purpureus (L.) Sweet,LEGUMINOSAE-PAPILIONIDEAE,ไม้ล้มลุก ไม้เลื้อย,ผลแบนสีขาวนวล,พื้นที่ศึกษาที่ 12 แปลงเกษตร
7-31170-001-174/16,ถั่วแปบ,Lablab purpureus (L.) Sweet,LEGUMINOSAE-PAPILIONIDEAE,ไม้ล้มลุก ไม้เลื้อย,ผลแบนสีขาวนวล,พื้นที่ศึกษาที่ 12 แปลงเกษตร
7-31170-001-175,ปอพาน,Colona auriculata (Desv.) Craib,TILIACEAE,ไม้พุ่ม,ผลมีขนเล็กๆสีน้ำตาล,พื้นที่ศึกษาที่ 13 หลังห้องสมุด
7-31170-001-176/1,นมงัว,Artabotrys harmandii Finet & Gagnep.,ANNONACEAE,ไม้เลื้อย,ผลเป็นพวง มีขนเล็กๆ ผลสุกมีสีแดงสด,พื้นที่ศึกษาที่ 13 หลังห้องสมุด
7-31170-001-176/2,นมงัว,Artabotrys harmandii Finet & Gagnep.,ANNONACEAE,ไม้เลื้อย,ผลเป็นพวง มีขนเล็กๆ ผลสุกมีสีแดงสด,พื้นที่ศึกษาที่ 13 หลังห้องสมุด
7-31170-001-176/3,นมงัว,Artabotrys harmandii Finet & Gagnep.,ANNONACEAE,ไม้เลื้อย,ผลเป็นพวง มีขนเล็กๆ ผลสุกมีสีแดงสด,พื้นที่ศึกษาที่ 13 หลังห้องสมุด
7-31170-001-176/4,นมงัว,Artabotrys harmandii Finet & Gagnep.,ANNONACEAE,ไม้เลื้อย,ผลเป็นพวง มีขนเล็กๆ ผลสุกมีสีแดงสด,พื้นที่ศึกษาที่ 13 หลังห้องสมุด
7-31170-001-176/5,นมงัว,Artabotrys harmandii Finet & Gagnep.,ANNONACEAE,ไม้เลื้อย,ผลเป็นพวง มีขนเล็กๆ ผลสุกมีสีแดงสด,พื้นที่ศึกษาที่ 13 หลังห้องสมุด
7-31170-001-176/6,นมงัว,Artabotrys harmandii Finet & Gagnep.,ANNONACEAE,ไม้เลื้อย,ผลเป็นพวง มีขนเล็กๆ ผลสุกมีสีแดงสด,พื้นที่ศึกษาที่ 13 หลังห้องสมุด
7-31170-001-176/7,นมงัว,Artabotrys harmandii Finet & Gagnep.,ANNONACEAE,ไม้เลื้อย,ผลเป็นพวง มีขนเล็กๆ ผลสุกมีสีแดงสด,พื้นที่ศึกษาที่ 13 หลังห้องสมุด
7-31170-001-176/8,นมงัว,Artabotrys harmandii Finet & Gagnep.,ANNONACEAE,ไม้เลื้อย,ผลเป็นพวง มีขนเล็กๆ ผลสุกมีสีแดงสด,พื้นที่ศึกษาที่ 13 หลังห้องสมุด
7-31170-001-176/9,นมงัว,Artabotrys harmandii Finet & Gagnep.,ANNONACEAE,ไม้เลื้อย,ผลเป็นพวง มีขนเล็กๆ ผลสุกมีสีแดงสด,พื้นที่ศึกษาที่ 13 หลังห้องสมุด
7-31170-001-176/10,นมงัว,Artabotrys harmandii Finet & Gagnep.,ANNONACEAE,ไม้เลื้อย,ผลเป็นพวง มีขนเล็กๆ ผลสุกมีสีแดงสด,พื้นที่ศึกษาที่ 13 หลังห้องสมุด
7-31170-001-177/1,ไหลแดง เครือไหลน้ำ,Derris elliptica (Roxb.) Benth.,LEGUMINOSAE-PAPILIONOIDEAE,ไม้เลื้อย,ช่อดอกสีชมพู ยอดอ่อนสีส้ม,พื้นที่ศึกษาที่ 13 หลังห้องสมุด
7-31170-001-177/2,ไหลแดง เครือไหลน้ำ,Derris elliptica (Roxb.) Benth.,LEGUMINOSAE-PAPILIONOIDEAE,ไม้เลื้อย,ช่อดอกสีชมพู ยอดอ่อนสีส้ม,พื้นที่ศึกษาที่ 13 หลังห้องสมุด
7-31170-001-177/3,ไหลแดง เครือไหลน้ำ,Derris elliptica (Roxb.) Benth.,LEGUMINOSAE-PAPILIONOIDEAE,ไม้เลื้อย,ช่อดอกสีชมพู ยอดอ่อนสีส้ม,พื้นที่ศึกษาที่ 13 หลังห้องสมุด
7-31170-001-177/4,ไหลแดง เครือไหลน้ำ,Derris elliptica (Roxb.) Benth.,LEGUMINOSAE-PAPILIONOIDEAE,ไม้เลื้อย,ช่อดอกสีชมพู ยอดอ่อนสีส้ม,พื้นที่ศึกษาที่ 13 หลังห้องสมุด
7-31170-001-178,กันเกรา,Fagraea fragrans Roxb.,GENTIANACEAE,ไม้ต้น,ช่อดอกตั้งตรง กลิ่นหอม ผลอ่อนสีเขียว ผลแก่สีส้มแดง,พื้นที่ศึกษาที่ 13 หลังห้องสมุด
7-31170-001-179/1,หวาย,Calamus sp.,PALMAE (ARECACEAE),ไม้รอเลื้อย ปาล์ม,ลำต้นก้านใบมีหนามแหลม,พื้นที่ศึกษาที่ 13 หลังห้องสมุด
7-31170-001-179/2,หวาย,Calamus sp.,PALMAE (ARECACEAE),ไม้รอเลื้อย ปาล์ม,ลำต้นก้านใบมีหนามแหลม,พื้นที่ศึกษาที่ 13 หลังห้องสมุด
7-31170-001-179/3,หวาย,Calamus sp.,PALMAE (ARECACEAE),ไม้รอเลื้อย ปาล์ม,ลำต้นก้านใบมีหนามแหลม,พื้นที่ศึกษาที่ 13 หลังห้องสมุด
7-31170-001-179/4,หวาย,Calamus sp.,PALMAE (ARECACEAE),ไม้รอเลื้อย ปาล์ม,ลำต้นก้านใบมีหนามแหลม,พื้นที่ศึกษาที่ 13 หลังห้องสมุด
7-31170-001-179/5,หวาย,Calamus sp.,PALMAE (ARECACEAE),ไม้รอเลื้อย ปาล์ม,ลำต้นก้านใบมีหนามแหลม,พื้นที่ศึกษาที่ 13 หลังห้องสมุด
7-31170-001-179/6,หวาย,Calamus sp.,PALMAE (ARECACEAE),ไม้รอเลื้อย ปาล์ม,ลำต้นก้านใบมีหนามแหลม,พื้นที่ศึกษาที่ 13 หลังห้องสมุด
7-31170-001-179/7,หวาย,Calamus sp.,PALMAE (ARECACEAE),ไม้รอเลื้อย ปาล์ม,ลำต้นก้านใบมีหนามแหลม,พื้นที่ศึกษาที่ 13 หลังห้องสมุด
7-31170-001-179/8,หวาย,Calamus sp.,PALMAE (ARECACEAE),ไม้รอเลื้อย ปาล์ม,ลำต้นก้านใบมีหนามแหลม,พื้นที่ศึกษาที่ 13 หลังห้องสมุด
7-31170-001-179/9,หวาย,Calamus sp.,PALMAE (ARECACEAE),ไม้รอเลื้อย ปาล์ม,ลำต้นก้านใบมีหนามแหลม,พื้นที่ศึกษาที่ 13 หลังห้องสมุด
7-31170-001-179/10,หวาย,Calamus sp.,PALMAE (ARECACEAE),ไม้รอเลื้อย ปาล์ม,ลำต้นก้านใบมีหนามแหลม,พื้นที่ศึกษาที่ 13 หลังห้องสมุด
7-31170-001-179/11,หวาย,Calamus sp.,PALMAE (ARECACEAE),ไม้รอเลื้อย ปาล์ม,ลำต้นก้านใบมีหนามแหลม,พื้นที่ศึกษาที่ 13 หลังห้องสมุด
7-31170-001-179/12,หวาย,Calamus sp.,PALMAE (ARECACEAE),ไม้รอเลื้อย ปาล์ม,ลำต้นก้านใบมีหนามแหลม,พื้นที่ศึกษาที่ 13 หลังห้องสมุด
7-31170-001-179/13,หวาย,Calamus sp.,PALMAE (ARECACEAE),ไม้รอเลื้อย ปาล์ม,ลำต้นก้านใบมีหนามแหลม,พื้นที่ศึกษาที่ 13 หลังห้องสมุด
7-31170-001-179/14,หวาย,Calamus sp.,PALMAE (ARECACEAE),ไม้รอเลื้อย ปาล์ม,ลำต้นก้านใบมีหนามแหลม,พื้นที่ศึกษาที่ 13 หลังห้องสมุด
7-31170-001-179/15,หวาย,Calamus sp.,PALMAE (ARECACEAE),ไม้รอเลื้อย ปาล์ม,ลำต้นก้านใบมีหนามแหลม,พื้นที่ศึกษาที่ 13 หลังห้องสมุด
7-31170-001-179/16,หวาย,Calamus sp.,PALMAE (ARECACEAE),ไม้รอเลื้อย ปาล์ม,ลำต้นก้านใบมีหนามแหลม,พื้นที่ศึกษาที่ 13 หลังห้องสมุด
7-31170-001-179/17,หวาย,Calamus sp.,PALMAE (ARECACEAE),ไม้รอเลื้อย ปาล์ม,ลำต้นก้านใบมีหนามแหลม,พื้นที่ศึกษาที่ 13 หลังห้องสมุด
7-31170-001-179/18,หวาย,Calamus sp.,PALMAE (ARECACEAE),ไม้รอเลื้อย ปาล์ม,ลำต้นก้านใบมีหนามแหลม,พื้นที่ศึกษาที่ 13 หลังห้องสมุด
7-31170-001-179/19,หวาย,Calamus sp.,PALMAE (ARECACEAE),ไม้รอเลื้อย ปาล์ม,ลำต้นก้านใบมีหนามแหลม,พื้นที่ศึกษาที่ 13 หลังห้องสมุด
7-31170-001-179/20,หวาย,Calamus sp.,PALMAE (ARECACEAE),ไม้รอเลื้อย ปาล์ม,ลำต้นก้านใบมีหนามแหลม,พื้นที่ศึกษาที่ 13 หลังห้องสมุด
7-31170-001-179/21,หวาย,Calamus sp.,PALMAE (ARECACEAE),ไม้รอเลื้อย ปาล์ม,ลำต้นก้านใบมีหนามแหลม,พื้นที่ศึกษาที่ 13 หลังห้องสมุด
7-31170-001-179/22,หวาย,Calamus sp.,PALMAE (ARECACEAE),ไม้รอเลื้อย ปาล์ม,ลำต้นก้านใบมีหนามแหลม,พื้นที่ศึกษาที่ 13 หลังห้องสมุด
7-31170-001-179/23,หวาย,Calamus sp.,PALMAE (ARECACEAE),ไม้รอเลื้อย ปาล์ม,ลำต้นก้านใบมีหนามแหลม,พื้นที่ศึกษาที่ 13 หลังห้องสมุด
7-31170-001-179/24,หวาย,Calamus sp.,PALMAE (ARECACEAE),ไม้รอเลื้อย ปาล์ม,ลำต้นก้านใบมีหนามแหลม,พื้นที่ศึกษาที่ 13 หลังห้องสมุด
7-31170-001-179/25,หวาย,Calamus sp.,PALMAE (ARECACEAE),ไม้รอเลื้อย ปาล์ม,ลำต้นก้านใบมีหนามแหลม,พื้นที่ศึกษาที่ 13 หลังห้องสมุด
7-31170-001-179/26,หวาย,Calamus sp.,PALMAE (ARECACEAE),ไม้รอเลื้อย ปาล์ม,ลำต้นก้านใบมีหนามแหลม,พื้นที่ศึกษาที่ 13 หลังห้องสมุด
7-31170-001-179/27,หวาย,Calamus sp.,PALMAE (ARECACEAE),ไม้รอเลื้อย ปาล์ม,ลำต้นก้านใบมีหนามแหลม,พื้นที่ศึกษาที่ 13 หลังห้องสมุด
7-31170-001-179/28,หวาย,Calamus sp.,PALMAE (ARECACEAE),ไม้รอเลื้อย ปาล์ม,ลำต้นก้านใบมีหนามแหลม,พื้นที่ศึกษาที่ 13 หลังห้องสมุด
7-31170-001-179/29,หวาย,Calamus sp.,PALMAE (ARECACEAE),ไม้รอเลื้อย ปาล์ม,ลำต้นก้านใบมีหนามแหลม,พื้นที่ศึกษาที่ 13 หลังห้องสมุด
7-31170-001-179/30,หวาย,Calamus sp.,PALMAE (ARECACEAE),ไม้รอเลื้อย ปาล์ม,ลำต้นก้านใบมีหนามแหลม,พื้นที่ศึกษาที่ 13 หลังห้องสมุด
7-31170-001-179/31,หวาย,Calamus sp.,PALMAE (ARECACEAE),ไม้รอเลื้อย ปาล์ม,ลำต้นก้านใบมีหนามแหลม,พื้นที่ศึกษาที่ 13 หลังห้องสมุด
7-31170-001-179/32,หวาย,Calamus sp.,PALMAE (ARECACEAE),ไม้รอเลื้อย ปาล์ม,ลำต้นก้านใบมีหนามแหลม,พื้นที่ศึกษาที่ 13 หลังห้องสมุด
7-31170-001-179/33,หวาย,Calamus sp.,PALMAE (ARECACEAE),ไม้รอเลื้อย ปาล์ม,ลำต้นก้านใบมีหนามแหลม,พื้นที่ศึกษาที่ 13 หลังห้องสมุด
7-31170-001-179/34,หวาย,Calamus sp.,PALMAE (ARECACEAE),ไม้รอเลื้อย ปาล์ม,ลำต้นก้านใบมีหนามแหลม,พื้นที่ศึกษาที่ 13 หลังห้องสมุด
7-31170-001-179/35,หวาย,Calamus sp.,PALMAE (ARECACEAE),ไม้รอเลื้อย ปาล์ม,ลำต้นก้านใบมีหนามแหลม,พื้นที่ศึกษาที่ 13 หลังห้องสมุด
7-31170-001-179/36,หวาย,Calamus sp.,PALMAE (ARECACEAE),ไม้รอเลื้อย ปาล์ม,ลำต้นก้านใบมีหนามแหลม,พื้นที่ศึกษาที่ 13 หลังห้องสมุด
7-31170-001-179/37,หวาย,Calamus sp.,PALMAE (ARECACEAE),ไม้รอเลื้อย ปาล์ม,ลำต้นก้านใบมีหนามแหลม,พื้นที่ศึกษาที่ 13 หลังห้องสมุด
7-31170-001-179/38,หวาย,Calamus sp.,PALMAE (ARECACEAE),ไม้รอเลื้อย ปาล์ม,ลำต้นก้านใบมีหนามแหลม,พื้นที่ศึกษาที่ 13 หลังห้องสมุด
7-31170-001-179/39,หวาย,Calamus sp.,PALMAE (ARECACEAE),ไม้รอเลื้อย ปาล์ม,ลำต้นก้านใบมีหนามแหลม,พื้นที่ศึกษาที่ 13 หลังห้องสมุด
7-31170-001-179/40,หวาย,Calamus sp.,PALMAE (ARECACEAE),ไม้รอเลื้อย ปาล์ม,ลำต้นก้านใบมีหนามแหลม,พื้นที่ศึกษาที่ 13 หลังห้องสมุด
7-31170-001-179/41,หวาย,Calamus sp.,PALMAE (ARECACEAE),ไม้รอเลื้อย ปาล์ม,ลำต้นก้านใบมีหนามแหลม,พื้นที่ศึกษาที่ 13 หลังห้องสมุด
7-31170-001-179/42,หวาย,Calamus sp.,PALMAE (ARECACEAE),ไม้รอเลื้อย ปาล์ม,ลำต้นก้านใบมีหนามแหลม,พื้นที่ศึกษาที่ 13 หลังห้องสมุด
7-31170-001-179/43,หวาย,Calamus sp.,PALMAE (ARECACEAE),ไม้รอเลื้อย ปาล์ม,ลำต้นก้านใบมีหนามแหลม,พื้นที่ศึกษาที่ 13 หลังห้องสมุด
7-31170-001-179/44,หวาย,Calamus sp.,PALMAE (ARECACEAE),ไม้รอเลื้อย ปาล์ม,ลำต้นก้านใบมีหนามแหลม,พื้นที่ศึกษาที่ 13 หลังห้องสมุด
7-31170-001-179/45,หวาย,Calamus sp.,PALMAE (ARECACEAE),ไม้รอเลื้อย ปาล์ม,ลำต้นก้านใบมีหนามแหลม,พื้นที่ศึกษาที่ 13 หลังห้องสมุด
7-31170-001-179/46,หวาย,Calamus sp.,PALMAE (ARECACEAE),ไม้รอเลื้อย ปาล์ม,ลำต้นก้านใบมีหนามแหลม,พื้นที่ศึกษาที่ 13 หลังห้องสมุด
7-31170-001-179/47,หวาย,Calamus sp.,PALMAE (ARECACEAE),ไม้รอเลื้อย ปาล์ม,ลำต้นก้านใบมีหนามแหลม,พื้นที่ศึกษาที่ 13 หลังห้องสมุด
7-31170-001-179/48,หวาย,Calamus sp.,PALMAE (ARECACEAE),ไม้รอเลื้อย ปาล์ม,ลำต้นก้านใบมีหนามแหลม,พื้นที่ศึกษาที่ 13 หลังห้องสมุด
7-31170-001-179/49,หวาย,Calamus sp.,PALMAE (ARECACEAE),ไม้รอเลื้อย ปาล์ม,ลำต้นก้านใบมีหนามแหลม,พื้นที่ศึกษาที่ 13 หลังห้องสมุด
7-31170-001-179/50,หวาย,Calamus sp.,PALMAE (ARECACEAE),ไม้รอเลื้อย ปาล์ม,ลำต้นก้านใบมีหนามแหลม,พื้นที่ศึกษาที่ 13 หลังห้องสมุด
7-31170-001-179/51,หวาย,Calamus sp.,PALMAE (ARECACEAE),ไม้รอเลื้อย ปาล์ม,ลำต้นก้านใบมีหนามแหลม,พื้นที่ศึกษาที่ 13 หลังห้องสมุด
7-31170-001-179/52,หวาย,Calamus sp.,PALMAE (ARECACEAE),ไม้รอเลื้อย ปาล์ม,ลำต้นก้านใบมีหนามแหลม,พื้นที่ศึกษาที่ 13 หลังห้องสมุด
7-31170-001-179/53,หวาย,Calamus sp.,PALMAE (ARECACEAE),ไม้รอเลื้อย ปาล์ม,ลำต้นก้านใบมีหนามแหลม,พื้นที่ศึกษาที่ 13 หลังห้องสมุด
7-31170-001-179/54,หวาย,Calamus sp.,PALMAE (ARECACEAE),ไม้รอเลื้อย ปาล์ม,ลำต้นก้านใบมีหนามแหลม,พื้นที่ศึกษาที่ 14 บ้านพักครูทิศตะวันตก
7-31170-001-179/55,หวาย,Calamus sp.,PALMAE (ARECACEAE),ไม้รอเลื้อย ปาล์ม,ลำต้นก้านใบมีหนามแหลม,พื้นที่ศึกษาที่ 14 บ้านพักครูทิศตะวันตก
7-31170-001-179/56,หวาย,Calamus sp.,PALMAE (ARECACEAE),ไม้รอเลื้อย ปาล์ม,ลำต้นก้านใบมีหนามแหลม,พื้นที่ศึกษาที่ 14 บ้านพักครูทิศตะวันตก
7-31170-001-179/57,หวาย,Calamus sp.,PALMAE (ARECACEAE),ไม้รอเลื้อย ปาล์ม,ลำต้นก้านใบมีหนามแหลม,พื้นที่ศึกษาที่ 14 บ้านพักครูทิศตะวันตก
7-31170-001-179/58,หวาย,Calamus sp.,PALMAE (ARECACEAE),ไม้รอเลื้อย ปาล์ม,ลำต้นก้านใบมีหนามแหลม,พื้นที่ศึกษาที่ 14 บ้านพักครูทิศตะวันตก
7-31170-001-179/59,หวาย,Calamus sp.,PALMAE (ARECACEAE),ไม้รอเลื้อย ปาล์ม,ลำต้นก้านใบมีหนามแหลม,พื้นที่ศึกษาที่ 14 บ้านพักครูทิศตะวันตก
7-31170-001-179/60,หวาย,Calamus sp.,PALMAE (ARECACEAE),ไม้รอเลื้อย ปาล์ม,ลำต้นก้านใบมีหนามแหลม,พื้นที่ศึกษาที่ 14 บ้านพักครูทิศตะวันตก
7-31170-001-179/61,หวาย,Calamus sp.,PALMAE (ARECACEAE),ไม้รอเลื้อย ปาล์ม,ลำต้นก้านใบมีหนามแหลม,พื้นที่ศึกษาที่ 14 บ้านพักครูทิศตะวันตก
7-31170-001-179/62,หวาย,Calamus sp.,PALMAE (ARECACEAE),ไม้รอเลื้อย ปาล์ม,ลำต้นก้านใบมีหนามแหลม,พื้นที่ศึกษาที่ 14 บ้านพักครูทิศตะวันตก
7-31170-001-179/63,หวาย,Calamus sp.,PALMAE (ARECACEAE),ไม้รอเลื้อย ปาล์ม,ลำต้นก้านใบมีหนามแหลม,พื้นที่ศึกษาที่ 14 บ้านพักครูทิศตะวันตก
7-31170-001-180/1,โทงเทง ปุงปิง ต้อมต๊อก,Physalis angulata L.,SOLANACEAE,ไม้ล้มลุก,ผลมีกลีบรองดอกแผ่ขยายหุ้ม,พื้นที่ศึกษาที่ 13 หลังห้องสมุด
7-31170-001-180/2,โทงเทง ปุงปิง ต้อมต๊อก,Physalis angulata L.,SOLANACEAE,ไม้ล้มลุก,ผลมีกลีบรองดอกแผ่ขยายหุ้ม,พื้นที่ศึกษาที่ 13 หลังห้องสมุด
7-31170-001-180/3,โทงเทง ปุงปิง ต้อมต๊อก,Physalis angulata L.,SOLANACEAE,ไม้ล้มลุก,ผลมีกลีบรองดอกแผ่ขยายหุ้ม,พื้นที่ศึกษาที่ 13 หลังห้องสมุด
7-31170-001-180/4,โทงเทง ปุงปิง ต้อมต๊อก,Physalis angulata L.,SOLANACEAE,ไม้ล้มลุก,ผลมีกลีบรองดอกแผ่ขยายหุ้ม,พื้นที่ศึกษาที่ 13 หลังห้องสมุด
7-31170-001-180/5,โทงเทง ปุงปิง ต้อมต๊อก,Physalis angulata L.,SOLANACEAE,ไม้ล้มลุก,ผลมีกลีบรองดอกแผ่ขยายหุ้ม,พื้นที่ศึกษาที่ 13 หลังห้องสมุด
7-31170-001-181/1,ก้ามกุ้งสีทอง,Heliconia latispatha Benth.,HELICONIACEAE,ไม้พุ่ม ไม้ล้มลุก,ดอกสีเหลืองส้มตั้งตรง เส้นกลางใบ เป็นร่อง ก้านใบกลมยาว ดอกช่อออกที่ปลายยอด,พื้นที่ศึกษาที่ 14 บ้านพักครูทิศตะวันตก
7-31170-001-181/2,ก้ามกุ้งสีทอง,Heliconia latispatha Benth.,HELICONIACEAE,ไม้พุ่ม ไม้ล้มลุก,ดอกสีเหลืองส้มตั้งตรง เส้นกลางใบ เป็นร่อง ก้านใบกลมยาว ดอกช่อออกที่ปลายยอด,พื้นที่ศึกษาที่ 14 บ้านพักครูทิศตะวันตก
7-31170-001-181/3,ก้ามกุ้งสีทอง,Heliconia latispatha Benth.,HELICONIACEAE,ไม้พุ่ม ไม้ล้มลุก,ดอกสีเหลืองส้มตั้งตรง เส้นกลางใบ เป็นร่อง ก้านใบกลมยาว ดอกช่อออกที่ปลายยอด,พื้นที่ศึกษาที่ 13 หลังห้องสมุด
7-31170-001-181/4,ก้ามกุ้งสีทอง,Heliconia latispatha Benth.,HELICONIACEAE,ไม้พุ่ม ไม้ล้มลุก,ดอกสีเหลืองส้มตั้งตรง เส้นกลางใบ เป็นร่อง ก้านใบกลมยาว ดอกช่อออกที่ปลายยอด,พื้นที่ศึกษาที่ 13 หลังห้องสมุด
7-31170-001-181/5,ก้ามกุ้งสีทอง,Heliconia latispatha Benth.,HELICONIACEAE,ไม้พุ่ม ไม้ล้มลุก,ดอกสีเหลืองส้มตั้งตรง เส้นกลางใบ เป็นร่อง ก้านใบกลมยาว ดอกช่อออกที่ปลายยอด,พื้นที่ศึกษาที่ 13 หลังห้องสมุด
7-31170-001-181/6,ก้ามกุ้งสีทอง,Heliconia latispatha Benth.,HELICONIACEAE,ไม้พุ่ม ไม้ล้มลุก,ดอกสีเหลืองส้มตั้งตรง เส้นกลางใบ เป็นร่อง ก้านใบกลมยาว ดอกช่อออกที่ปลายยอด,พื้นที่ศึกษาที่ 13 หลังห้องสมุด
7-31170-001-181/7,ก้ามกุ้งสีทอง,Heliconia latispatha Benth.,HELICONIACEAE,ไม้พุ่ม ไม้ล้มลุก,ดอกสีเหลืองส้มตั้งตรง เส้นกลางใบ เป็นร่อง ก้านใบกลมยาว ดอกช่อออกที่ปลายยอด,พื้นที่ศึกษาที่ 13 หลังห้องสมุด
7-31170-001-181/8,ก้ามกุ้งสีทอง,Heliconia latispatha Benth.,HELICONIACEAE,ไม้พุ่ม ไม้ล้มลุก,ดอกสีเหลืองส้มตั้งตรง เส้นกลางใบ เป็นร่อง ก้านใบกลมยาว ดอกช่อออกที่ปลายยอด,พื้นที่ศึกษาที่ 13 หลังห้องสมุด
7-31170-001-181/9,ก้ามกุ้งสีทอง,Heliconia latispatha Benth.,HELICONIACEAE,ไม้พุ่ม ไม้ล้มลุก,ดอกสีเหลืองส้มตั้งตรง เส้นกลางใบ เป็นร่อง ก้านใบกลมยาว ดอกช่อออกที่ปลายยอด,พื้นที่ศึกษาที่ 13 หลังห้องสมุด
7-31170-001-181/10,ก้ามกุ้งสีทอง,Heliconia latispatha Benth.,HELICONIACEAE,ไม้พุ่ม ไม้ล้มลุก,ดอกสีเหลืองส้มตั้งตรง เส้นกลางใบ เป็นร่อง ก้านใบกลมยาว ดอกช่อออกที่ปลายยอด,พื้นที่ศึกษาที่ 13 หลังห้องสมุด
7-31170-001-181/11,ก้ามกุ้งสีทอง,Heliconia latispatha Benth.,HELICONIACEAE,ไม้พุ่ม ไม้ล้มลุก,ดอกสีเหลืองส้มตั้งตรง เส้นกลางใบ เป็นร่อง ก้านใบกลมยาว ดอกช่อออกที่ปลายยอด,พื้นที่ศึกษาที่ 13 หลังห้องสมุด
7-31170-001-181/12,ก้ามกุ้งสีทอง,Heliconia latispatha Benth.,HELICONIACEAE,ไม้พุ่ม ไม้ล้มลุก,ดอกสีเหลืองส้มตั้งตรง เส้นกลางใบ เป็นร่อง ก้านใบกลมยาว ดอกช่อออกที่ปลายยอด,พื้นที่ศึกษาที่ 13 หลังห้องสมุด
7-31170-001-181/13,ก้ามกุ้งสีทอง,Heliconia latispatha Benth.,HELICONIACEAE,ไม้พุ่ม ไม้ล้มลุก,ดอกสีเหลืองส้มตั้งตรง เส้นกลางใบ เป็นร่อง ก้านใบกลมยาว ดอกช่อออกที่ปลายยอด,พื้นที่ศึกษาที่ 13 หลังห้องสมุด
7-31170-001-181/14,ก้ามกุ้งสีทอง,Heliconia latispatha Benth.,HELICONIACEAE,ไม้พุ่ม ไม้ล้มลุก,ดอกสีเหลืองส้มตั้งตรง เส้นกลางใบ เป็นร่อง ก้านใบกลมยาว ดอกช่อออกที่ปลายยอด,พื้นที่ศึกษาที่ 13 หลังห้องสมุด
7-31170-001-181/15,ก้ามกุ้งสีทอง,Heliconia latispatha Benth.,HELICONIACEAE,ไม้พุ่ม ไม้ล้มลุก,ดอกสีเหลืองส้มตั้งตรง เส้นกลางใบ เป็นร่อง ก้านใบกลมยาว ดอกช่อออกที่ปลายยอด,พื้นที่ศึกษาที่ 13 หลังห้องสมุด
7-31170-001-181/16,ก้ามกุ้งสีทอง,Heliconia latispatha Benth.,HELICONIACEAE,ไม้พุ่ม ไม้ล้มลุก,ดอกสีเหลืองส้มตั้งตรง เส้นกลางใบ เป็นร่อง ก้านใบกลมยาว ดอกช่อออกที่ปลายยอด,พื้นที่ศึกษาที่ 13 หลังห้องสมุด
7-31170-001-181/17,ก้ามกุ้งสีทอง,Heliconia latispatha Benth.,HELICONIACEAE,ไม้พุ่ม ไม้ล้มลุก,ดอกสีเหลืองส้มตั้งตรง เส้นกลางใบ เป็นร่อง ก้านใบกลมยาว ดอกช่อออกที่ปลายยอด,พื้นที่ศึกษาที่ 13 หลังห้องสมุด
7-31170-001-181/18,ก้ามกุ้งสีทอง,Heliconia latispatha Benth.,HELICONIACEAE,ไม้พุ่ม ไม้ล้มลุก,ดอกสีเหลืองส้มตั้งตรง เส้นกลางใบ เป็นร่อง ก้านใบกลมยาว ดอกช่อออกที่ปลายยอด,พื้นที่ศึกษาที่ 13 หลังห้องสมุด
7-31170-001-181/19,ก้ามกุ้งสีทอง,Heliconia latispatha Benth.,HELICONIACEAE,ไม้พุ่ม ไม้ล้มลุก,ดอกสีเหลืองส้มตั้งตรง เส้นกลางใบ เป็นร่อง ก้านใบกลมยาว ดอกช่อออกที่ปลายยอด,พื้นที่ศึกษาที่ 13 หลังห้องสมุด
7-31170-001-181/20,ก้ามกุ้งสีทอง,Heliconia latispatha Benth.,HELICONIACEAE,ไม้พุ่ม ไม้ล้มลุก,ดอกสีเหลืองส้มตั้งตรง เส้นกลางใบ เป็นร่อง ก้านใบกลมยาว ดอกช่อออกที่ปลายยอด,พื้นที่ศึกษาที่ 13 หลังห้องสมุด
7-31170-001-181/21,ก้ามกุ้งสีทอง,Heliconia latispatha Benth.,HELICONIACEAE,ไม้พุ่ม ไม้ล้มลุก,ดอกสีเหลืองส้มตั้งตรง เส้นกลางใบ เป็นร่อง ก้านใบกลมยาว ดอกช่อออกที่ปลายยอด,พื้นที่ศึกษาที่ 13 หลังห้องสมุด
7-31170-001-181/22,ก้ามกุ้งสีทอง,Heliconia latispatha Benth.,HELICONIACEAE,ไม้พุ่ม ไม้ล้มลุก,ดอกสีเหลืองส้มตั้งตรง เส้นกลางใบ เป็นร่อง ก้านใบกลมยาว ดอกช่อออกที่ปลายยอด,พื้นที่ศึกษาที่ 13 หลังห้องสมุด
7-31170-001-181/23,ก้ามกุ้งสีทอง,Heliconia latispatha Benth.,HELICONIACEAE,ไม้พุ่ม ไม้ล้มลุก,ดอกสีเหลืองส้มตั้งตรง เส้นกลางใบ เป็นร่อง ก้านใบกลมยาว ดอกช่อออกที่ปลายยอด,พื้นที่ศึกษาที่ 14 บ้านพักครูทิศตะวันตก
7-31170-001-181/24,ก้ามกุ้งสีทอง,Heliconia latispatha Benth.,HELICONIACEAE,ไม้พุ่ม ไม้ล้มลุก,ดอกสีเหลืองส้มตั้งตรง เส้นกลางใบ เป็นร่อง ก้านใบกลมยาว ดอกช่อออกที่ปลายยอด,พื้นที่ศึกษาที่ 14 บ้านพักครูทิศตะวันตก
7-31170-001-181/25,ก้ามกุ้งสีทอง,Heliconia latispatha Benth.,HELICONIACEAE,ไม้พุ่ม ไม้ล้มลุก,ดอกสีเหลืองส้มตั้งตรง เส้นกลางใบ เป็นร่อง ก้านใบกลมยาว ดอกช่อออกที่ปลายยอด,พื้นที่ศึกษาที่ 14 บ้านพักครูทิศตะวันตก
7-31170-001-181/26,ก้ามกุ้งสีทอง,Heliconia latispatha Benth.,HELICONIACEAE,ไม้พุ่ม ไม้ล้มลุก,ดอกสีเหลืองส้มตั้งตรง เส้นกลางใบ เป็นร่อง ก้านใบกลมยาว ดอกช่อออกที่ปลายยอด,พื้นที่ศึกษาที่ 14 บ้านพักครูทิศตะวันตก
7-31170-001-181/27,ก้ามกุ้งสีทอง,Heliconia latispatha Benth.,HELICONIACEAE,ไม้พุ่ม ไม้ล้มลุก,ดอกสีเหลืองส้มตั้งตรง เส้นกลางใบ เป็นร่อง ก้านใบกลมยาว ดอกช่อออกที่ปลายยอด,พื้นที่ศึกษาที่ 14 บ้านพักครูทิศตะวันตก
7-31170-001-181/28,ก้ามกุ้งสีทอง,Heliconia latispatha Benth.,HELICONIACEAE,ไม้พุ่ม ไม้ล้มลุก,ดอกสีเหลืองส้มตั้งตรง เส้นกลางใบ เป็นร่อง ก้านใบกลมยาว ดอกช่อออกที่ปลายยอด,พื้นที่ศึกษาที่ 14 บ้านพักครูทิศตะวันตก
7-31170-001-181/29,ก้ามกุ้งสีทอง,Heliconia latispatha Benth.,HELICONIACEAE,ไม้พุ่ม ไม้ล้มลุก,ดอกสีเหลืองส้มตั้งตรง เส้นกลางใบ เป็นร่อง ก้านใบกลมยาว ดอกช่อออกที่ปลายยอด,พื้นที่ศึกษาที่ 14 บ้านพักครูทิศตะวันตก
7-31170-001-181/30,ก้ามกุ้งสีทอง,Heliconia latispatha Benth.,HELICONIACEAE,ไม้พุ่ม ไม้ล้มลุก,ดอกสีเหลืองส้มตั้งตรง เส้นกลางใบ เป็นร่อง ก้านใบกลมยาว ดอกช่อออกที่ปลายยอด,พื้นที่ศึกษาที่ 14 บ้านพักครูทิศตะวันตก
7-31170-001-181/31,ก้ามกุ้งสีทอง,Heliconia latispatha Benth.,HELICONIACEAE,ไม้พุ่ม ไม้ล้มลุก,ดอกสีเหลืองส้มตั้งตรง เส้นกลางใบ เป็นร่อง ก้านใบกลมยาว ดอกช่อออกที่ปลายยอด,พื้นที่ศึกษาที่ 14 บ้านพักครูทิศตะวันตก
7-31170-001-181/32,ก้ามกุ้งสีทอง,Heliconia latispatha Benth.,HELICONIACEAE,ไม้พุ่ม ไม้ล้มลุก,ดอกสีเหลืองส้มตั้งตรง เส้นกลางใบ เป็นร่อง ก้านใบกลมยาว ดอกช่อออกที่ปลายยอด,พื้นที่ศึกษาที่ 14 บ้านพักครูทิศตะวันตก
7-31170-001-182/1,มะกรูด,Citrus hystrix DC.,RUTACEAE,ไม้ต้น,ผลมีผิวขรุขระ ผิวใบมีต่อมน้ำมัน กลิ่นหอม,พื้นที่ศึกษาที่ 14 บ้านพักครูทิศตะวันตก
7-31170-001-182/2,มะกรูด,Citrus hystrix DC.,RUTACEAE,ไม้ต้น,ผลมีผิวขรุขระ ผิวใบมีต่อมน้ำมัน กลิ่นหอม,พื้นที่ศึกษาที่ 14 บ้านพักครูทิศตะวันตก
7-31170-001-182/3,มะกรูด,Citrus hystrix DC.,RUTACEAE,ไม้ต้น,ผลมีผิวขรุขระ ผิวใบมีต่อมน้ำมัน กลิ่นหอม,พื้นที่ศึกษาที่ 14 บ้านพักครูทิศตะวันตก
7-31170-001-182/4,มะกรูด,Citrus hystrix DC.,RUTACEAE,ไม้ต้น,ผลมีผิวขรุขระ ผิวใบมีต่อมน้ำมัน กลิ่นหอม,พื้นที่ศึกษาที่ 14 บ้านพักครูทิศตะวันตก
7-31170-001-182/5,มะกรูด,Citrus hystrix DC.,RUTACEAE,ไม้ต้น,ผลมีผิวขรุขระ ผิวใบมีต่อมน้ำมัน กลิ่นหอม,พื้นที่ศึกษาที่ 14 บ้านพักครูทิศตะวันตก
7-31170-001-182/6,มะกรูด,Citrus hystrix DC.,RUTACEAE,ไม้ต้น,ผลมีผิวขรุขระ ผิวใบมีต่อมน้ำมัน กลิ่นหอม,พื้นที่ศึกษาที่ 14 บ้านพักครูทิศตะวันตก
7-31170-001-182/7,มะกรูด,Citrus hystrix DC.,RUTACEAE,ไม้ต้น,ผลมีผิวขรุขระ ผิวใบมีต่อมน้ำมัน กลิ่นหอม,พื้นที่ศึกษาที่ 14 บ้านพักครูทิศตะวันตก
7-31170-001-182/8,มะกรูด,Citrus hystrix DC.,RUTACEAE,ไม้ต้น,ผลมีผิวขรุขระ ผิวใบมีต่อมน้ำมัน กลิ่นหอม,พื้นที่ศึกษาที่ 14 บ้านพักครูทิศตะวันตก
7-31170-001-183/1,ผักขมหนาม,Amaranthus spinosus L.,AMARANTHACEAE,ไม้ล้มลุก,มีหนามแหลมออกบริเวณข้อ,พื้นที่ศึกษาที่ 14 บ้านพักครูทิศตะวันตก
7-31170-001-183/2,ผักขมหนาม,Amaranthus spinosus L.,AMARANTHACEAE,ไม้ล้มลุก,มีหนามแหลมออกบริเวณข้อ,พื้นที่ศึกษาที่ 14 บ้านพักครูทิศตะวันตก
7-31170-001-184/1,สาบแร้งสาบกา,Ageratum conyzoides L.,COMPOSITAE (ASTERACEAE),ไม้ล้มลุก,ดอกเป็นดอกช่อกระจุกแน่น,พื้นที่ศึกษาที่ 14 บ้านพักครูทิศตะวันตก
7-31170-001-184/2,สาบแร้งสาบกา,Ageratum conyzoides L.,COMPOSITAE (ASTERACEAE),ไม้ล้มลุก,ดอกเป็นดอกช่อกระจุกแน่น,พื้นที่ศึกษาที่ 14 บ้านพักครูทิศตะวันตก
7-31170-001-184/3,สาบแร้งสาบกา,Ageratum conyzoides L.,COMPOSITAE (ASTERACEAE),ไม้ล้มลุก,ดอกเป็นดอกช่อกระจุกแน่น,พื้นที่ศึกษาที่ 14 บ้านพักครูทิศตะวันตก
7-31170-001-185/1,หิ่งเม่น,Crotalaria pallida Aiton,LEGUMINOSAE-PAPILIONOIDEAE,ไม้ล้มลุก,มีใบย่อย 3 ใบ โคนใบสอบ ปลายใบโค้งมน ดอกออก ที่ปลายยอด ดอกช่อสีเหลือง,พื้นที่ศึกษาที่ 14 บ้านพักครูทิศตะวันตก
7-31170-001-185/2,หิ่งเม่น,Crotalaria pallida Aiton,LEGUMINOSAE-PAPILIONOIDEAE,ไม้ล้มลุก,มีใบย่อย 3 ใบ โคนใบสอบ ปลายใบโค้งมน ดอกออก ที่ปลายยอด ดอกช่อสีเหลือง,พื้นที่ศึกษาที่ 14 บ้านพักครูทิศตะวันตก
7-31170-001-186/1,ผักขมหิน ผักเบี้ยหิน,Boerhavia diffusa L.,NYCTAGINACEAE,ไม้ล้มลุก,ใบกลม ขอบเรียบพริ้วเป็นคลื่น,พื้นที่ศึกษาที่ 14 บ้านพักครูทิศตะวันตก
7-31170-001-186/2,ผักขมหิน ผักเบี้ยหิน,Boerhavia diffusa L.,NYCTAGINACEAE,ไม้ล้มลุก,ใบกลม ขอบเรียบพริ้วเป็นคลื่น,พื้นที่ศึกษาที่ 14 บ้านพักครูทิศตะวันตก
7-31170-001-187/1,หญ้าขัดมอน,Sida acuta Burm.f.,MALVACEAE,ไม้ล้มลุก,ขอบใบหยักใบเลื่อย ดอกสีเหลืองรูประฆัง,พื้นที่ศึกษาที่ 14 บ้านพักครูทิศตะวันตก
7-31170-001-187/2,หญ้าขัดมอน,Sida acuta Burm.f.,MALVACEAE,ไม้ล้มลุก,ขอบใบหยักใบเลื่อย ดอกสีเหลืองรูประฆัง,พื้นที่ศึกษาที่ 14 บ้านพักครูทิศตะวันตก
7-31170-001-187/3,หญ้าขัดมอน,Sida acuta Burm.f.,MALVACEAE,ไม้ล้มลุก,ขอบใบหยักใบเลื่อย ดอกสีเหลืองรูประฆัง,พื้นที่ศึกษาที่ 14 บ้านพักครูทิศตะวันตก
7-31170-001-187/4,หญ้าขัดมอน,Sida acuta Burm.f.,MALVACEAE,ไม้ล้มลุก,ขอบใบหยักใบเลื่อย ดอกสีเหลืองรูประฆัง,พื้นที่ศึกษาที่ 14 บ้านพักครูทิศตะวันตก
7-31170-001-187/5,หญ้าขัดมอน,Sida acuta Burm.f.,MALVACEAE,ไม้ล้มลุก,ขอบใบหยักใบเลื่อย ดอกสีเหลืองรูประฆัง,พื้นที่ศึกษาที่ 14 บ้านพักครูทิศตะวันตก
7-31170-001-187/6,หญ้าขัดมอน,Sida acuta Burm.f.,MALVACEAE,ไม้ล้มลุก,ขอบใบหยักใบเลื่อย ดอกสีเหลืองรูประฆัง,พื้นที่ศึกษาที่ 14 บ้านพักครูทิศตะวันตก
7-31170-001-188/1,บอระเพ็ด,Tinospora crispa (L.) Miers ex Hook.f. & Thomson,MENISPERMACEAE,ไม้เลื้อย,ใบ ลำต้น ผล มีรสขม,พื้นที่ศึกษาที่ 15 เตาเผาถ่าน
7-31170-001-188/2,บอระเพ็ด,Tinospora crispa (L.) Miers ex Hook.f. & Thomson,MENISPERMACEAE,ไม้เลื้อย,ใบ ลำต้น ผล มีรสขม,พื้นที่ศึกษาที่ 12 แปลงเกษตร
7-31170-001-188/3,บอระเพ็ด,Tinospora crispa (L.) Miers ex Hook.f. & Thomson,MENISPERMACEAE,ไม้เลื้อย,ใบ ลำต้น ผล มีรสขม,พื้นที่ศึกษาที่ 12 แปลงเกษตร
7-31170-001-188/4,บอระเพ็ด,Tinospora crispa (L.) Miers ex Hook.f. & Thomson,MENISPERMACEAE,ไม้เลื้อย,ใบ ลำต้น ผล มีรสขม,พื้นที่ศึกษาที่ 12 แปลงเกษตร
7-31170-001-188/5,บอระเพ็ด,Tinospora crispa (L.) Miers ex Hook.f. & Thomson,MENISPERMACEAE,ไม้เลื้อย,ใบ ลำต้น ผล มีรสขม,พื้นที่ศึกษาที่ 12 แปลงเกษตร
7-31170-001-188/6,บอระเพ็ด,Tinospora crispa (L.) Miers ex Hook.f. & Thomson,MENISPERMACEAE,ไม้เลื้อย,ใบ ลำต้น ผล มีรสขม,พื้นที่ศึกษาที่ 12 แปลงเกษตร
7-31170-001-188/7,บอระเพ็ด,Tinospora crispa (L.) Miers ex Hook.f. & Thomson,MENISPERMACEAE,ไม้เลื้อย,ใบ ลำต้น ผล มีรสขม,พื้นที่ศึกษาที่ 12 แปลงเกษตร
7-31170-001-188/8,บอระเพ็ด,Tinospora crispa (L.) Miers ex Hook.f. & Thomson,MENISPERMACEAE,ไม้เลื้อย,ใบ ลำต้น ผล มีรสขม,พื้นที่ศึกษาที่ 13 หลังห้องสมุด
7-31170-001-188/9,บอระเพ็ด,Tinospora crispa (L.) Miers ex Hook.f. & Thomson,MENISPERMACEAE,ไม้เลื้อย,ใบ ลำต้น ผล มีรสขม,พื้นที่ศึกษาที่ 13 หลังห้องสมุด
7-31170-001-188/10,บอระเพ็ด,Tinospora crispa (L.) Miers ex Hook.f. & Thomson,MENISPERMACEAE,ไม้เลื้อย,ใบ ลำต้น ผล มีรสขม,พื้นที่ศึกษาที่ 13 หลังห้องสมุด
7-31170-001-188/11,บอระเพ็ด,Tinospora crispa (L.) Miers ex Hook.f. & Thomson,MENISPERMACEAE,ไม้เลื้อย,ใบ ลำต้น ผล มีรสขม,พื้นที่ศึกษาที่ 13 หลังห้องสมุด
7-31170-001-188/12,บอระเพ็ด,Tinospora crispa (L.) Miers ex Hook.f. & Thomson,MENISPERMACEAE,ไม้เลื้อย,ใบ ลำต้น ผล มีรสขม,พื้นที่ศึกษาที่ 13 หลังห้องสมุด
7-31170-001-188/13,บอระเพ็ด,Tinospora crispa (L.) Miers ex Hook.f. & Thomson,MENISPERMACEAE,ไม้เลื้อย,ใบ ลำต้น ผล มีรสขม,พื้นที่ศึกษาที่ 13 หลังห้องสมุด
7-31170-001-188/14,บอระเพ็ด,Tinospora crispa (L.) Miers ex Hook.f. & Thomson,MENISPERMACEAE,ไม้เลื้อย,ใบ ลำต้น ผล มีรสขม,พื้นที่ศึกษาที่ 13 หลังห้องสมุด
7-31170-001-188/15,บอระเพ็ด,Tinospora crispa (L.) Miers ex Hook.f. & Thomson,MENISPERMACEAE,ไม้เลื้อย,ใบ ลำต้น ผล มีรสขม,พื้นที่ศึกษาที่ 13 หลังห้องสมุด
7-31170-001-188/16,บอระเพ็ด,Tinospora crispa (L.) Miers ex Hook.f. & Thomson,MENISPERMACEAE,ไม้เลื้อย,ใบ ลำต้น ผล มีรสขม,พื้นที่ศึกษาที่ 13 หลังห้องสมุด
7-31170-001-188/17,บอระเพ็ด,Tinospora crispa (L.) Miers ex Hook.f. & Thomson,MENISPERMACEAE,ไม้เลื้อย,ใบ ลำต้น ผล มีรสขม,พื้นที่ศึกษาที่ 13 หลังห้องสมุด
7-31170-001-188/18,บอระเพ็ด,Tinospora crispa (L.) Miers ex Hook.f. & Thomson,MENISPERMACEAE,ไม้เลื้อย,ใบ ลำต้น ผล มีรสขม,พื้นที่ศึกษาที่ 13 หลังห้องสมุด
7-31170-001-188/19,บอระเพ็ด,Tinospora crispa (L.) Miers ex Hook.f. & Thomson,MENISPERMACEAE,ไม้เลื้อย,ใบ ลำต้น ผล มีรสขม,พื้นที่ศึกษาที่ 13 หลังห้องสมุด
7-31170-001-188/20,บอระเพ็ด,Tinospora crispa (L.) Miers ex Hook.f. & Thomson,MENISPERMACEAE,ไม้เลื้อย,ใบ ลำต้น ผล มีรสขม,พื้นที่ศึกษาที่ 13 หลังห้องสมุด
7-31170-001-188/21,บอระเพ็ด,Tinospora crispa (L.) Miers ex Hook.f. & Thomson,MENISPERMACEAE,ไม้เลื้อย,ใบ ลำต้น ผล มีรสขม,พื้นที่ศึกษาที่ 13 หลังห้องสมุด
7-31170-001-188/22,บอระเพ็ด,Tinospora crispa (L.) Miers ex Hook.f. & Thomson,MENISPERMACEAE,ไม้เลื้อย,ใบ ลำต้น ผล มีรสขม,พื้นที่ศึกษาที่ 13 หลังห้องสมุด
7-31170-001-188/23,บอระเพ็ด,Tinospora crispa (L.) Miers ex Hook.f. & Thomson,MENISPERMACEAE,ไม้เลื้อย,ใบ ลำต้น ผล มีรสขม,พื้นที่ศึกษาที่ 15 เตาเผาถ่าน
7-31170-001-188/24,บอระเพ็ด,Tinospora crispa (L.) Miers ex Hook.f. & Thomson,MENISPERMACEAE,ไม้เลื้อย,ใบ ลำต้น ผล มีรสขม,พื้นที่ศึกษาที่ 15 เตาเผาถ่าน
7-31170-001-188/25,บอระเพ็ด,Tinospora crispa (L.) Miers ex Hook.f. & Thomson,MENISPERMACEAE,ไม้เลื้อย,ใบ ลำต้น ผล มีรสขม,พื้นที่ศึกษาที่ 15 เตาเผาถ่าน
7-31170-001-188/26,บอระเพ็ด,Tinospora crispa (L.) Miers ex Hook.f. & Thomson,MENISPERMACEAE,ไม้เลื้อย,ใบ ลำต้น ผล มีรสขม,พื้นที่ศึกษาที่ 15 เตาเผาถ่าน
7-31170-001-188/27,บอระเพ็ด,Tinospora crispa (L.) Miers ex Hook.f. & Thomson,MENISPERMACEAE,ไม้เลื้อย,ใบ ลำต้น ผล มีรสขม,พื้นที่ศึกษาที่ 15 เตาเผาถ่าน
7-31170-001-188/28,บอระเพ็ด,Tinospora crispa (L.) Miers ex Hook.f. & Thomson,MENISPERMACEAE,ไม้เลื้อย,ใบ ลำต้น ผล มีรสขม,พื้นที่ศึกษาที่ 15 เตาเผาถ่าน
7-31170-001-188/29,บอระเพ็ด,Tinospora crispa (L.) Miers ex Hook.f. & Thomson,MENISPERMACEAE,ไม้เลื้อย,ใบ ลำต้น ผล มีรสขม,พื้นที่ศึกษาที่ 15 เตาเผาถ่าน
7-31170-001-188/30,บอระเพ็ด,Tinospora crispa (L.) Miers ex Hook.f. & Thomson,MENISPERMACEAE,ไม้เลื้อย,ใบ ลำต้น ผล มีรสขม,พื้นที่ศึกษาที่ 15 เตาเผาถ่าน
7-31170-001-188/31,บอระเพ็ด,Tinospora crispa (L.) Miers ex Hook.f. & Thomson,MENISPERMACEAE,ไม้เลื้อย,ใบ ลำต้น ผล มีรสขม,พื้นที่ศึกษาที่ 15 เตาเผาถ่าน
7-31170-001-188/32,บอระเพ็ด,Tinospora crispa (L.) Miers ex Hook.f. & Thomson,MENISPERMACEAE,ไม้เลื้อย,ใบ ลำต้น ผล มีรสขม,พื้นที่ศึกษาที่ 15 เตาเผาถ่าน
7-31170-001-188/33,บอระเพ็ด,Tinospora crispa (L.) Miers ex Hook.f. & Thomson,MENISPERMACEAE,ไม้เลื้อย,ใบ ลำต้น ผล มีรสขม,พื้นที่ศึกษาที่ 15 เตาเผาถ่าน
7-31170-001-188/34,บอระเพ็ด,Tinospora crispa (L.) Miers ex Hook.f. & Thomson,MENISPERMACEAE,ไม้เลื้อย,ใบ ลำต้น ผล มีรสขม,พื้นที่ศึกษาที่ 15 เตาเผาถ่าน
7-31170-001-188/35,บอระเพ็ด,Tinospora crispa (L.) Miers ex Hook.f. & Thomson,MENISPERMACEAE,ไม้เลื้อย,ใบ ลำต้น ผล มีรสขม,พื้นที่ศึกษาที่ 15 เตาเผาถ่าน
7-31170-001-188/36,บอระเพ็ด,Tinospora crispa (L.) Miers ex Hook.f. & Thomson,MENISPERMACEAE,ไม้เลื้อย,ใบ ลำต้น ผล มีรสขม,พื้นที่ศึกษาที่ 15 เตาเผาถ่าน
7-31170-001-188/37,บอระเพ็ด,Tinospora crispa (L.) Miers ex Hook.f. & Thomson,MENISPERMACEAE,ไม้เลื้อย,ใบ ลำต้น ผล มีรสขม,พื้นที่ศึกษาที่ 15 เตาเผาถ่าน
7-31170-001-189/1,เถาหัวลิง,Sarcolobus globosus Wall.,ASCLEPIADACEAE,ไม้พุ่ม ไม้เลื้อย,ผลมีลักษณะเป็นฝักรูปกลม แบน มีรสเปรี้ยว,พื้นที่ศึกษาที่ 12 แปลงเกษตร
7-31170-001-189/2,เถาหัวลิง,Sarcolobus globosus Wall.,ASCLEPIADACEAE,ไม้พุ่ม ไม้เลื้อย,ผลมีลักษณะเป็นฝักรูปกลม แบน มีรสเปรี้ยว,พื้นที่ศึกษาที่ 15 เตาเผาถ่าน
7-31170-001-190/1,กระโดน (ภาคกลาง) ปุย (ภาคเหนือ) ปุยกระโดน (ภาคใต้),Careya sphaerica Roxb.,LECYTHIDACEAE,ไม้ต้น,ผลกลมเนื้อในสีขาวเมล็ดแข็ง ดอกใหญ่ ออกเป็นช่อ แต่ละดอกมีใบประดับ 3 ใบ กลีบเลี้ยง 4 กลีบ โคนกลีบติดกัน เป็นรูประฆัง กลีบดอก 4 กลีบ สีขาว เกสรเพศผู้มีจำนวนมาก,พื้นที่ศึกษาที่ 15 เตาเผาถ่าน
7-31170-001-190/2,กระโดน (ภาคกลาง) ปุย (ภาคเหนือ) ปุยกระโดน (ภาคใต้),Careya sphaerica Roxb.,LECYTHIDACEAE,ไม้ต้น,ผลกลมเนื้อในสีขาวเมล็ดแข็ง ดอกใหญ่ ออกเป็นช่อ แต่ละดอกมีใบประดับ 3 ใบ กลีบเลี้ยง 4 กลีบ โคนกลีบติดกัน เป็นรูประฆัง กลีบดอก 4 กลีบ สีขาว เกสรเพศผู้มีจำนวนมาก,พื้นที่ศึกษาที่ 15 เตาเผาถ่าน
7-31170-001-191/1,ไทรย้อยใบแหลม,Ficus benjamina L.,MORACEAE,ไม้ต้น,ใบเรียวแหลมสีเขียว มีรากอากาศ,พื้นที่ศึกษาที่ 9 สระน้ำข้างศาลาธรรม
7-31170-001-191/2,ไทรย้อยใบแหลม,Ficus benjamina L.,MORACEAE,ไม้ต้น,ใบเรียวแหลมสีเขียว มีรากอากาศ,พื้นที่ศึกษาที่ 11 สวนกาญจนาภิเษก
7-31170-001-191/3,ไทรย้อยใบแหลม,Ficus benjamina L.,MORACEAE,ไม้ต้น,ใบเรียวแหลมสีเขียว มีรากอากาศ,พื้นที่ศึกษาที่ 16 หอประชุม
7-31170-001-191/4,ไทรย้อยใบแหลม,Ficus benjamina L.,MORACEAE,ไม้ต้น,ใบเรียวแหลมสีเขียว มีรากอากาศ,พื้นที่ศึกษาที่ 16 หอประชุม
7-31170-001-192,ผักคออ่อน ผักกาดขม ผักห่าน,Crassocephalum crepidioides (Benth.) S. Moore,COMPOSITAE (ASTERACEAE),ไม้ล้มลุก,ก้านดอกโค้งโน้มลง ดอกย่อย อยู่รวมกันเป็นกระจุก มีเกสรผู้ 5 อัน โคนเชื่อมติดกัน ผลขนาดเล็กมาก รูปทรงกระบอกผลขนาดเล็กมาก รูปทรงกระบอก ยาวประมาณ 1ซม. มีขนฟูสีขาวเป็นพู่ที่ปลาย น้ำหนักเบา,พื้นที่ศึกษาที่ 15 เตาเผาถ่าน
7-31170-001-193/1,ขันทองพยาบาท ขันทอง ดูกไทร ไฟ ดูกหิน ขุนทอง,Suregada multiflorum (A. Juss.) Baill.,EUPHORBIACEAE,ไม้ต้น,ดอก สีเขียวอมเหลืองอ่อน ออกเป็นช่อสั้นๆตรงซอกใบ ผลค่อนข้างกลมผิวเกลี้ยงขนาด 2 ซม. ผลอ่อนสีเขียว เมื่อสุกสีเหลือง แตกตามพู เมล็ดค่อนข้างกลม ขนาด 7-8 มม.,พื้นที่ศึกษาที่ 16 หอประชุม
7-31170-001-193/2,ขันทองพยาบาท ขันทอง ดูกไทร ไฟ ดูกหิน ขุนทอง,Suregada multiflorum (A. Juss.) Baill.,EUPHORBIACEAE,ไม้ต้น,ดอก สีเขียวอมเหลืองอ่อน ออกเป็นช่อสั้นๆตรงซอกใบ ผลค่อนข้างกลมผิวเกลี้ยงขนาด 2 ซม. ผลอ่อนสีเขียว เมื่อสุกสีเหลือง แตกตามพู เมล็ดค่อนข้างกลม ขนาด 7-8 มม.,พื้นที่ศึกษาที่ 16 หอประชุม
7-31170-001-194/1,ดาหลา,Etlingera elatior (Jack) R.M. Sm.,ZINGIBERACEAE,ไม้ล้มลุก,ลำต้นเหนือดิน ก้านช่อดอกกลมยาวสีเขียว มีดอกจะมีขนาดเล็กกลีบดอกสีแดง ซึ่งเป็นดอกสมบูรณ์เพศอยู่จำนวนมาก,พื้นที่ศึกษาที่ 16 หอประชุม
7-31170-001-194/2,ดาหลา,Etlingera elatior (Jack) R.M. Sm.,ZINGIBERACEAE,ไม้ล้มลุก,ลำต้นเหนือดิน ก้านช่อดอกกลมยาวสีเขียว มีดอกจะมีขนาดเล็กกลีบดอกสีแดง ซึ่งเป็นดอกสมบูรณ์เพศอยู่จำนวนมาก,พื้นที่ศึกษาที่ 16 หอประชุม
7-31170-001-194/3,ดาหลา,Etlingera elatior (Jack) R.M. Sm.,ZINGIBERACEAE,ไม้ล้มลุก,ลำต้นเหนือดิน ก้านช่อดอกกลมยาวสีเขียว มีดอกจะมีขนาดเล็กกลีบดอกสีแดง ซึ่งเป็นดอกสมบูรณ์เพศอยู่จำนวนมาก,พื้นที่ศึกษาที่ 16 หอประชุม
7-31170-001-194/4,ดาหลา,Etlingera elatior (Jack) R.M. Sm.,ZINGIBERACEAE,ไม้ล้มลุก,ลำต้นเหนือดิน ก้านช่อดอกกลมยาวสีเขียว มีดอกจะมีขนาดเล็กกลีบดอกสีแดง ซึ่งเป็นดอกสมบูรณ์เพศอยู่จำนวนมาก,พื้นที่ศึกษาที่ 16 หอประชุม
7-31170-001-194/5,ดาหลา,Etlingera elatior (Jack) R.M. Sm.,ZINGIBERACEAE,ไม้ล้มลุก,ลำต้นเหนือดิน ก้านช่อดอกกลมยาวสีเขียว มีดอกจะมีขนาดเล็กกลีบดอกสีแดง ซึ่งเป็นดอกสมบูรณ์เพศอยู่จำนวนมาก,พื้นที่ศึกษาที่ 16 หอประชุม
7-31170-001-194/6,ดาหลา,Etlingera elatior (Jack) R.M. Sm.,ZINGIBERACEAE,ไม้ล้มลุก,ลำต้นเหนือดิน ก้านช่อดอกกลมยาวสีเขียว มีดอกจะมีขนาดเล็กกลีบดอกสีแดง ซึ่งเป็นดอกสมบูรณ์เพศอยู่จำนวนมาก,พื้นที่ศึกษาที่ 16 หอประชุม
7-31170-001-194/7,ดาหลา,Etlingera elatior (Jack) R.M. Sm.,ZINGIBERACEAE,ไม้ล้มลุก,ลำต้นเหนือดิน ก้านช่อดอกกลมยาวสีเขียว มีดอกจะมีขนาดเล็กกลีบดอกสีแดง ซึ่งเป็นดอกสมบูรณ์เพศอยู่จำนวนมาก,พื้นที่ศึกษาที่ 16 หอประชุม
7-31170-001-195/1,ลิ้นกระบือ ท้องใบแดง กระบือเจ็ดตัว,Excoecaria cochinchinensis Lour. var. cochinchinensis,EUPHORBIACEAE,ไม้พุ่ม,ผิวใบด้านบนสีเขียวเข้มเป็นมัน ผิวใบด้านล่างสีม่วงแดงหรือม่วง,พื้นที่ศึกษาที่ 16 หอประชุม
7-31170-001-195/2,ลิ้นกระบือ ท้องใบแดง กระบือเจ็ดตัว,Excoecaria cochinchinensis Lour. var. cochinchinensis,EUPHORBIACEAE,ไม้พุ่ม,ผิวใบด้านบนสีเขียวเข้มเป็นมัน ผิวใบด้านล่างสีม่วงแดงหรือม่วง,พื้นที่ศึกษาที่ 16 หอประชุม
7-31170-001-195/3,ลิ้นกระบือ ท้องใบแดง กระบือเจ็ดตัว,Excoecaria cochinchinensis Lour. var. cochinchinensis,EUPHORBIACEAE,ไม้พุ่ม,ผิวใบด้านบนสีเขียวเข้มเป็นมัน ผิวใบด้านล่างสีม่วงแดงหรือม่วง,พื้นที่ศึกษาที่ 16 หอประชุม
7-31170-001-195/4,ลิ้นกระบือ ท้องใบแดง กระบือเจ็ดตัว,Excoecaria cochinchinensis Lour. var. cochinchinensis,EUPHORBIACEAE,ไม้พุ่ม,ผิวใบด้านบนสีเขียวเข้มเป็นมัน ผิวใบด้านล่างสีม่วงแดงหรือม่วง,พื้นที่ศึกษาที่ 16 หอประชุม
7-31170-001-195/5,ลิ้นกระบือ ท้องใบแดง กระบือเจ็ดตัว,Excoecaria cochinchinensis Lour. var. cochinchinensis,EUPHORBIACEAE,ไม้พุ่ม,ผิวใบด้านบนสีเขียวเข้มเป็นมัน ผิวใบด้านล่างสีม่วงแดงหรือม่วง,พื้นที่ศึกษาที่ 16 หอประชุม
7-31170-001-195/6,ลิ้นกระบือ ท้องใบแดง กระบือเจ็ดตัว,Excoecaria cochinchinensis Lour. var. cochinchinensis,EUPHORBIACEAE,ไม้พุ่ม,ผิวใบด้านบนสีเขียวเข้มเป็นมัน ผิวใบด้านล่างสีม่วงแดงหรือม่วง,พื้นที่ศึกษาที่ 16 หอประชุม
7-31170-001-195/7,ลิ้นกระบือ ท้องใบแดง กระบือเจ็ดตัว,Excoecaria cochinchinensis Lour. var. cochinchinensis,EUPHORBIACEAE,ไม้พุ่ม,ผิวใบด้านบนสีเขียวเข้มเป็นมัน ผิวใบด้านล่างสีม่วงแดงหรือม่วง,พื้นที่ศึกษาที่ 16 หอประชุม
7-31170-001-195/8,ลิ้นกระบือ ท้องใบแดง กระบือเจ็ดตัว,Excoecaria cochinchinensis Lour. var. cochinchinensis,EUPHORBIACEAE,ไม้พุ่ม,ผิวใบด้านบนสีเขียวเข้มเป็นมัน ผิวใบด้านล่างสีม่วงแดงหรือม่วง,พื้นที่ศึกษาที่ 16 หอประชุม
7-31170-001-195/9,ลิ้นกระบือ ท้องใบแดง กระบือเจ็ดตัว,Excoecaria cochinchinensis Lour. var. cochinchinensis,EUPHORBIACEAE,ไม้พุ่ม,ผิวใบด้านบนสีเขียวเข้มเป็นมัน ผิวใบด้านล่างสีม่วงแดงหรือม่วง,พื้นที่ศึกษาที่ 16 หอประชุม
7-31170-001-195/10,ลิ้นกระบือ ท้องใบแดง กระบือเจ็ดตัว,Excoecaria cochinchinensis Lour. var. cochinchinensis,EUPHORBIACEAE,ไม้พุ่ม,ผิวใบด้านบนสีเขียวเข้มเป็นมัน ผิวใบด้านล่างสีม่วงแดงหรือม่วง,พื้นที่ศึกษาที่ 16 หอประชุม
7-31170-001-195/11,ลิ้นกระบือ ท้องใบแดง กระบือเจ็ดตัว,Excoecaria cochinchinensis Lour. var. cochinchinensis,EUPHORBIACEAE,ไม้พุ่ม,ผิวใบด้านบนสีเขียวเข้มเป็นมัน ผิวใบด้านล่างสีม่วงแดงหรือม่วง,พื้นที่ศึกษาที่ 16 หอประชุม
7-31170-001-195/12,ลิ้นกระบือ ท้องใบแดง กระบือเจ็ดตัว,Excoecaria cochinchinensis Lour. var. cochinchinensis,EUPHORBIACEAE,ไม้พุ่ม,ผิวใบด้านบนสีเขียวเข้มเป็นมัน ผิวใบด้านล่างสีม่วงแดงหรือม่วง,พื้นที่ศึกษาที่ 16 หอประชุม
7-31170-001-195/13,ลิ้นกระบือ ท้องใบแดง กระบือเจ็ดตัว,Excoecaria cochinchinensis Lour. var. cochinchinensis,EUPHORBIACEAE,ไม้พุ่ม,ผิวใบด้านบนสีเขียวเข้มเป็นมัน ผิวใบด้านล่างสีม่วงแดงหรือม่วง,พื้นที่ศึกษาที่ 16 หอประชุม
7-31170-001-195/14,ลิ้นกระบือ ท้องใบแดง กระบือเจ็ดตัว,Excoecaria cochinchinensis Lour. var. cochinchinensis,EUPHORBIACEAE,ไม้พุ่ม,ผิวใบด้านบนสีเขียวเข้มเป็นมัน ผิวใบด้านล่างสีม่วงแดงหรือม่วง,พื้นที่ศึกษาที่ 16 หอประชุม
7-31170-001-195/15,ลิ้นกระบือ ท้องใบแดง กระบือเจ็ดตัว,Excoecaria cochinchinensis Lour. var. cochinchinensis,EUPHORBIACEAE,ไม้พุ่ม,ผิวใบด้านบนสีเขียวเข้มเป็นมัน ผิวใบด้านล่างสีม่วงแดงหรือม่วง,พื้นที่ศึกษาที่ 16 หอประชุม
7-31170-001-195/16,ลิ้นกระบือ ท้องใบแดง กระบือเจ็ดตัว,Excoecaria cochinchinensis Lour. var. cochinchinensis,EUPHORBIACEAE,ไม้พุ่ม,ผิวใบด้านบนสีเขียวเข้มเป็นมัน ผิวใบด้านล่างสีม่วงแดงหรือม่วง,พื้นที่ศึกษาที่ 16 หอประชุม
7-31170-001-195/17,ลิ้นกระบือ ท้องใบแดง กระบือเจ็ดตัว,Excoecaria cochinchinensis Lour. var. cochinchinensis,EUPHORBIACEAE,ไม้พุ่ม,ผิวใบด้านบนสีเขียวเข้มเป็นมัน ผิวใบด้านล่างสีม่วงแดงหรือม่วง,พื้นที่ศึกษาที่ 16 หอประชุม
7-31170-001-195/18,ลิ้นกระบือ ท้องใบแดง กระบือเจ็ดตัว,Excoecaria cochinchinensis Lour. var. cochinchinensis,EUPHORBIACEAE,ไม้พุ่ม,ผิวใบด้านบนสีเขียวเข้มเป็นมัน ผิวใบด้านล่างสีม่วงแดงหรือม่วง,พื้นที่ศึกษาที่ 16 หอประชุม
7-31170-001-195/19,ลิ้นกระบือ ท้องใบแดง กระบือเจ็ดตัว,Excoecaria cochinchinensis Lour. var. cochinchinensis,EUPHORBIACEAE,ไม้พุ่ม,ผิวใบด้านบนสีเขียวเข้มเป็นมัน ผิวใบด้านล่างสีม่วงแดงหรือม่วง,พื้นที่ศึกษาที่ 16 หอประชุม
7-31170-001-195/20,ลิ้นกระบือ ท้องใบแดง กระบือเจ็ดตัว,Excoecaria cochinchinensis Lour. var. cochinchinensis,EUPHORBIACEAE,ไม้พุ่ม,ผิวใบด้านบนสีเขียวเข้มเป็นมัน ผิวใบด้านล่างสีม่วงแดงหรือม่วง,พื้นที่ศึกษาที่ 16 หอประชุม
7-31170-001-195/21,ลิ้นกระบือ ท้องใบแดง กระบือเจ็ดตัว,Excoecaria cochinchinensis Lour. var. cochinchinensis,EUPHORBIACEAE,ไม้พุ่ม,ผิวใบด้านบนสีเขียวเข้มเป็นมัน ผิวใบด้านล่างสีม่วงแดงหรือม่วง,พื้นที่ศึกษาที่ 16 หอประชุม
7-31170-001-195/22,ลิ้นกระบือ ท้องใบแดง กระบือเจ็ดตัว,Excoecaria cochinchinensis Lour. var. cochinchinensis,EUPHORBIACEAE,ไม้พุ่ม,ผิวใบด้านบนสีเขียวเข้มเป็นมัน ผิวใบด้านล่างสีม่วงแดงหรือม่วง,พื้นที่ศึกษาที่ 16 หอประชุม
7-31170-001-195/23,ลิ้นกระบือ ท้องใบแดง กระบือเจ็ดตัว,Excoecaria cochinchinensis Lour. var. cochinchinensis,EUPHORBIACEAE,ไม้พุ่ม,ผิวใบด้านบนสีเขียวเข้มเป็นมัน ผิวใบด้านล่างสีม่วงแดงหรือม่วง,พื้นที่ศึกษาที่ 16 หอประชุม
7-31170-001-195/24,ลิ้นกระบือ ท้องใบแดง กระบือเจ็ดตัว,Excoecaria cochinchinensis Lour. var. cochinchinensis,EUPHORBIACEAE,ไม้พุ่ม,ผิวใบด้านบนสีเขียวเข้มเป็นมัน ผิวใบด้านล่างสีม่วงแดงหรือม่วง,พื้นที่ศึกษาที่ 16 หอประชุม
7-31170-001-195/25,ลิ้นกระบือ ท้องใบแดง กระบือเจ็ดตัว,Excoecaria cochinchinensis Lour. var. cochinchinensis,EUPHORBIACEAE,ไม้พุ่ม,ผิวใบด้านบนสีเขียวเข้มเป็นมัน ผิวใบด้านล่างสีม่วงแดงหรือม่วง,พื้นที่ศึกษาที่ 16 หอประชุม
7-31170-001-195/26,ลิ้นกระบือ ท้องใบแดง กระบือเจ็ดตัว,Excoecaria cochinchinensis Lour. var. cochinchinensis,EUPHORBIACEAE,ไม้พุ่ม,ผิวใบด้านบนสีเขียวเข้มเป็นมัน ผิวใบด้านล่างสีม่วงแดงหรือม่วง,พื้นที่ศึกษาที่ 16 หอประชุม
7-31170-001-195/27,ลิ้นกระบือ ท้องใบแดง กระบือเจ็ดตัว,Excoecaria cochinchinensis Lour. var. cochinchinensis,EUPHORBIACEAE,ไม้พุ่ม,ผิวใบด้านบนสีเขียวเข้มเป็นมัน ผิวใบด้านล่างสีม่วงแดงหรือม่วง,พื้นที่ศึกษาที่ 16 หอประชุม
7-31170-001-195/28,ลิ้นกระบือ ท้องใบแดง กระบือเจ็ดตัว,Excoecaria cochinchinensis Lour. var. cochinchinensis,EUPHORBIACEAE,ไม้พุ่ม,ผิวใบด้านบนสีเขียวเข้มเป็นมัน ผิวใบด้านล่างสีม่วงแดงหรือม่วง,พื้นที่ศึกษาที่ 16 หอประชุม
7-31170-001-195/29,ลิ้นกระบือ ท้องใบแดง กระบือเจ็ดตัว,Excoecaria cochinchinensis Lour. var. cochinchinensis,EUPHORBIACEAE,ไม้พุ่ม,ผิวใบด้านบนสีเขียวเข้มเป็นมัน ผิวใบด้านล่างสีม่วงแดงหรือม่วง,พื้นที่ศึกษาที่ 16 หอประชุม
7-31170-001-195/30,ลิ้นกระบือ ท้องใบแดง กระบือเจ็ดตัว,Excoecaria cochinchinensis Lour. var. cochinchinensis,EUPHORBIACEAE,ไม้พุ่ม,ผิวใบด้านบนสีเขียวเข้มเป็นมัน ผิวใบด้านล่างสีม่วงแดงหรือม่วง,พื้นที่ศึกษาที่ 16 หอประชุม
7-31170-001-195/31,ลิ้นกระบือ ท้องใบแดง กระบือเจ็ดตัว,Excoecaria cochinchinensis Lour. var. cochinchinensis,EUPHORBIACEAE,ไม้พุ่ม,ผิวใบด้านบนสีเขียวเข้มเป็นมัน ผิวใบด้านล่างสีม่วงแดงหรือม่วง,พื้นที่ศึกษาที่ 16 หอประชุม
7-31170-001-195/32,ลิ้นกระบือ ท้องใบแดง กระบือเจ็ดตัว,Excoecaria cochinchinensis Lour. var. cochinchinensis,EUPHORBIACEAE,ไม้พุ่ม,ผิวใบด้านบนสีเขียวเข้มเป็นมัน ผิวใบด้านล่างสีม่วงแดงหรือม่วง,พื้นที่ศึกษาที่ 16 หอประชุม
7-31170-001-195/33,ลิ้นกระบือ ท้องใบแดง กระบือเจ็ดตัว,Excoecaria cochinchinensis Lour. var. cochinchinensis,EUPHORBIACEAE,ไม้พุ่ม,ผิวใบด้านบนสีเขียวเข้มเป็นมัน ผิวใบด้านล่างสีม่วงแดงหรือม่วง,พื้นที่ศึกษาที่ 16 หอประชุม
7-31170-001-195/34,ลิ้นกระบือ ท้องใบแดง กระบือเจ็ดตัว,Excoecaria cochinchinensis Lour. var. cochinchinensis,EUPHORBIACEAE,ไม้พุ่ม,ผิวใบด้านบนสีเขียวเข้มเป็นมัน ผิวใบด้านล่างสีม่วงแดงหรือม่วง,พื้นที่ศึกษาที่ 16 หอประชุม
7-31170-001-195/35,ลิ้นกระบือ ท้องใบแดง กระบือเจ็ดตัว,Excoecaria cochinchinensis Lour. var. cochinchinensis,EUPHORBIACEAE,ไม้พุ่ม,ผิวใบด้านบนสีเขียวเข้มเป็นมัน ผิวใบด้านล่างสีม่วงแดงหรือม่วง,พื้นที่ศึกษาที่ 16 หอประชุม
7-31170-001-195/36,ลิ้นกระบือ ท้องใบแดง กระบือเจ็ดตัว,Excoecaria cochinchinensis Lour. var. cochinchinensis,EUPHORBIACEAE,ไม้พุ่ม,ผิวใบด้านบนสีเขียวเข้มเป็นมัน ผิวใบด้านล่างสีม่วงแดงหรือม่วง,พื้นที่ศึกษาที่ 16 หอประชุม
7-31170-001-195/37,ลิ้นกระบือ ท้องใบแดง กระบือเจ็ดตัว,Excoecaria cochinchinensis Lour. var. cochinchinensis,EUPHORBIACEAE,ไม้พุ่ม,ผิวใบด้านบนสีเขียวเข้มเป็นมัน ผิวใบด้านล่างสีม่วงแดงหรือม่วง,พื้นที่ศึกษาที่ 16 หอประชุม
7-31170-001-195/38,ลิ้นกระบือ ท้องใบแดง กระบือเจ็ดตัว,Excoecaria cochinchinensis Lour. var. cochinchinensis,EUPHORBIACEAE,ไม้พุ่ม,ผิวใบด้านบนสีเขียวเข้มเป็นมัน ผิวใบด้านล่างสีม่วงแดงหรือม่วง,พื้นที่ศึกษาที่ 16 หอประชุม
7-31170-001-195/39,ลิ้นกระบือ ท้องใบแดง กระบือเจ็ดตัว,Excoecaria cochinchinensis Lour. var. cochinchinensis,EUPHORBIACEAE,ไม้พุ่ม,ผิวใบด้านบนสีเขียวเข้มเป็นมัน ผิวใบด้านล่างสีม่วงแดงหรือม่วง,พื้นที่ศึกษาที่ 16 หอประชุม
7-31170-001-195/40,ลิ้นกระบือ ท้องใบแดง กระบือเจ็ดตัว,Excoecaria cochinchinensis Lour. var. cochinchinensis,EUPHORBIACEAE,ไม้พุ่ม,ผิวใบด้านบนสีเขียวเข้มเป็นมัน ผิวใบด้านล่างสีม่วงแดงหรือม่วง,พื้นที่ศึกษาที่ 16 หอประชุม
7-31170-001-195/41,ลิ้นกระบือ ท้องใบแดง กระบือเจ็ดตัว,Excoecaria cochinchinensis Lour. var. cochinchinensis,EUPHORBIACEAE,ไม้พุ่ม,ผิวใบด้านบนสีเขียวเข้มเป็นมัน ผิวใบด้านล่างสีม่วงแดงหรือม่วง,พื้นที่ศึกษาที่ 16 หอประชุม
7-31170-001-195/42,ลิ้นกระบือ ท้องใบแดง กระบือเจ็ดตัว,Excoecaria cochinchinensis Lour. var. cochinchinensis,EUPHORBIACEAE,ไม้พุ่ม,ผิวใบด้านบนสีเขียวเข้มเป็นมัน ผิวใบด้านล่างสีม่วงแดงหรือม่วง,พื้นที่ศึกษาที่ 16 หอประชุม
7-31170-001-195/43,ลิ้นกระบือ ท้องใบแดง กระบือเจ็ดตัว,Excoecaria cochinchinensis Lour. var. cochinchinensis,EUPHORBIACEAE,ไม้พุ่ม,ผิวใบด้านบนสีเขียวเข้มเป็นมัน ผิวใบด้านล่างสีม่วงแดงหรือม่วง,พื้นที่ศึกษาที่ 16 หอประชุม
7-31170-001-195/44,ลิ้นกระบือ ท้องใบแดง กระบือเจ็ดตัว,Excoecaria cochinchinensis Lour. var. cochinchinensis,EUPHORBIACEAE,ไม้พุ่ม,ผิวใบด้านบนสีเขียวเข้มเป็นมัน ผิวใบด้านล่างสีม่วงแดงหรือม่วง,พื้นที่ศึกษาที่ 16 หอประชุม
7-31170-001-195/45,ลิ้นกระบือ ท้องใบแดง กระบือเจ็ดตัว,Excoecaria cochinchinensis Lour. var. cochinchinensis,EUPHORBIACEAE,ไม้พุ่ม,ผิวใบด้านบนสีเขียวเข้มเป็นมัน ผิวใบด้านล่างสีม่วงแดงหรือม่วง,พื้นที่ศึกษาที่ 16 หอประชุม
7-31170-001-195/46,ลิ้นกระบือ ท้องใบแดง กระบือเจ็ดตัว,Excoecaria cochinchinensis Lour. var. cochinchinensis,EUPHORBIACEAE,ไม้พุ่ม,ผิวใบด้านบนสีเขียวเข้มเป็นมัน ผิวใบด้านล่างสีม่วงแดงหรือม่วง,พื้นที่ศึกษาที่ 16 หอประชุม
7-31170-001-195/47,ลิ้นกระบือ ท้องใบแดง กระบือเจ็ดตัว,Excoecaria cochinchinensis Lour. var. cochinchinensis,EUPHORBIACEAE,ไม้พุ่ม,ผิวใบด้านบนสีเขียวเข้มเป็นมัน ผิวใบด้านล่างสีม่วงแดงหรือม่วง,พื้นที่ศึกษาที่ 16 หอประชุม
7-31170-001-195/48,ลิ้นกระบือ ท้องใบแดง กระบือเจ็ดตัว,Excoecaria cochinchinensis Lour. var. cochinchinensis,EUPHORBIACEAE,ไม้พุ่ม,ผิวใบด้านบนสีเขียวเข้มเป็นมัน ผิวใบด้านล่างสีม่วงแดงหรือม่วง,พื้นที่ศึกษาที่ 16 หอประชุม
7-31170-001-195/49,ลิ้นกระบือ ท้องใบแดง กระบือเจ็ดตัว,Excoecaria cochinchinensis Lour. var. cochinchinensis,EUPHORBIACEAE,ไม้พุ่ม,ผิวใบด้านบนสีเขียวเข้มเป็นมัน ผิวใบด้านล่างสีม่วงแดงหรือม่วง,พื้นที่ศึกษาที่ 16 หอประชุม
7-31170-001-195/50,ลิ้นกระบือ ท้องใบแดง กระบือเจ็ดตัว,Excoecaria cochinchinensis Lour. var. cochinchinensis,EUPHORBIACEAE,ไม้พุ่ม,ผิวใบด้านบนสีเขียวเข้มเป็นมัน ผิวใบด้านล่างสีม่วงแดงหรือม่วง,พื้นที่ศึกษาที่ 16 หอประชุม
7-31170-001-195/51,ลิ้นกระบือ ท้องใบแดง กระบือเจ็ดตัว,Excoecaria cochinchinensis Lour. var. cochinchinensis,EUPHORBIACEAE,ไม้พุ่ม,ผิวใบด้านบนสีเขียวเข้มเป็นมัน ผิวใบด้านล่างสีม่วงแดงหรือม่วง,พื้นที่ศึกษาที่ 16 หอประชุม
7-31170-001-196/1,รสสุคนธ์ มะตาดเครือ สุคนธรส อรคนธ์ ย่านปด (นครศรีธรรมราช) รสสุคนธ์ขาว มะตาดเครือ เสาวรส (กรุงเทพมหานคร),Tetracera loureiri (Fin. & Gagnep.) Pierre ex Craib,DILLENIACEAE,ไม้เลื้อย,ดอกเล็กๆ ออกเป็นช่อ แบบแยกแขนง ออกที่ซอกใบ หรือปลายยอด ดอกมีทรงกลม สีขาว กลีบดอกบางมี 5 กลีบ,พื้นที่ศึกษาที่ 11 สวนกาญจนาภิเษก
7-31170-001-196/2,รสสุคนธ์ มะตาดเครือ สุคนธรส อรคนธ์ ย่านปด (นครศรีธรรมราช) รสสุคนธ์ขาว มะตาดเครือ เสาวรส (กรุงเทพมหานคร),Tetracera loureiri (Fin. & Gagnep.) Pierre ex Craib,DILLENIACEAE,ไม้เลื้อย,ดอกเล็กๆ ออกเป็นช่อ แบบแยกแขนง ออกที่ซอกใบ หรือปลายยอด ดอกมีทรงกลม สีขาว กลีบดอกบางมี 5 กลีบ,พื้นที่ศึกษาที่ 16 หอประชุม
7-31170-001-197/1,กกสามเหลี่ยมใหญ่ กกอียิปต์,Cyperus papyrus L.,CYPERACEAE,ไม้ล้มลุก,ลำต้นเป็นรูปสามเหลี่ยมผิวเรียบ ดอกสีน้ำตาลปนแดง ออกเป็นช่อแบบช่อซี่ร่มย่อยที่ปลายกิ่ง,พื้นที่ศึกษาที่ 16 หอประชุม
7-31170-001-197/2,กกสามเหลี่ยมใหญ่ กกอียิปต์,Cyperus papyrus L.,CYPERACEAE,ไม้ล้มลุก,ลำต้นเป็นรูปสามเหลี่ยมผิวเรียบ ดอกสีน้ำตาลปนแดง ออกเป็นช่อแบบช่อซี่ร่มย่อยที่ปลายกิ่ง,พื้นที่ศึกษาที่ 16 หอประชุม
7-31170-001-197/3,กกสามเหลี่ยมใหญ่ กกอียิปต์,Cyperus papyrus L.,CYPERACEAE,ไม้ล้มลุก,ลำต้นเป็นรูปสามเหลี่ยมผิวเรียบ ดอกสีน้ำตาลปนแดง ออกเป็นช่อแบบช่อซี่ร่มย่อยที่ปลายกิ่ง,พื้นที่ศึกษาที่ 16 หอประชุม
7-31170-001-198/1,เข็มปัตตาเวีย ปัตตาเวีย,Jatropha integerrima Jacq.,EUPHORBIACEAE,ไม้พุ่ม,สีแดง ชมพู ออกเป็นช่อแบบช่อ กระจุกตามซอกใบที่ปลายกิ่ง โคนกลีบดอกเชื่อมติดกัน ปลาย แยกเป็น 5 แฉก ดอกทยอยบาน,พื้นที่ศึกษาที่ 16 หอประชุม
7-31170-001-198/2,เข็มปัตตาเวีย ปัตตาเวีย,Jatropha integerrima Jacq.,EUPHORBIACEAE,ไม้พุ่ม,สีแดง ชมพู ออกเป็นช่อแบบช่อ กระจุกตามซอกใบที่ปลายกิ่ง โคนกลีบดอกเชื่อมติดกัน ปลาย แยกเป็น 5 แฉก ดอกทยอยบาน,พื้นที่ศึกษาที่ 16 หอประชุม
7-31170-001-199/1,หญ้าคอมมิวนิสต์,Pennisetum polystachyon (L.) Schult.,GRAMINEAE (POACEAE),ไม้ล้มลุก หญ้า,ช่อดอกจะแทงออกมาตามซอกใบ และปลายยอด ช่อดอกตั้งประกอบด้วย ดอกย่อยจำนวนมาก มีสีม่วง มีลักษณะเป็นขนแต่ไม่ฟูมาก,พื้นที่ศึกษาที่ 16 หอประชุม
7-31170-001-199/2,หญ้าคอมมิวนิสต์,Pennisetum polystachyon (L.) Schult.,GRAMINEAE (POACEAE),ไม้ล้มลุก หญ้า,ช่อดอกจะแทงออกมาตามซอกใบ และปลายยอด ช่อดอกตั้งประกอบด้วย ดอกย่อยจำนวนมาก มีสีม่วง มีลักษณะเป็นขนแต่ไม่ฟูมาก,พื้นที่ศึกษาที่ 16 หอประชุม
7-31170-001-199/3,หญ้าคอมมิวนิสต์,Pennisetum polystachyon (L.) Schult.,GRAMINEAE (POACEAE),ไม้ล้มลุก หญ้า,ช่อดอกจะแทงออกมาตามซอกใบ และปลายยอด ช่อดอกตั้งประกอบด้วย ดอกย่อยจำนวนมาก มีสีม่วง มีลักษณะเป็นขนแต่ไม่ฟูมาก,พื้นที่ศึกษาที่ 16 หอประชุม
7-31170-001-200/1,หญ้าเจ้าชู้,Chrysopogon aciculatus (Retz.) Trin.,GRAMINEAE (POACEAE),ไม้ล้มลุก หญ้า,ดอกช่อตั้งตรงที่ปลายยอด สีม่วงแกมแดง ผล รูปขอบขนาน ติดไปกับผ้าได้ง่าย,พื้นที่ศึกษาที่ 16 หอประชุม
7-31170-001-200/2,หญ้าเจ้าชู้,Chrysopogon aciculatus (Retz.) Trin.,GRAMINEAE (POACEAE),ไม้ล้มลุก หญ้า,ดอกช่อตั้งตรงที่ปลายยอด สีม่วงแกมแดง ผล รูปขอบขนาน ติดไปกับผ้าได้ง่าย,พื้นที่ศึกษาที่ 16 หอประชุม
7-31170-001-200/3,หญ้าเจ้าชู้,Chrysopogon aciculatus (Retz.) Trin.,GRAMINEAE (POACEAE),ไม้ล้มลุก หญ้า,ดอกช่อตั้งตรงที่ปลายยอด สีม่วงแกมแดง ผล รูปขอบขนาน ติดไปกับผ้าได้ง่าย,พื้นที่ศึกษาที่ 16 หอประชุม
7-31170-001-201/1,มะขามป้อม,Phyllanthus emblica L.,EUPHORBIACEAE,ไม้ต้น,ผลกลมเรียบ มีรสเปรี้ยว รับประทานได้,พื้นที่ศึกษาที่ 7 หลังอาคาร 3
7-31170-001-201/2,มะขามป้อม,Phyllanthus emblica L.,EUPHORBIACEAE,ไม้ต้น,ผลกลมเรียบ มีรสเปรี้ยว รับประทานได้,พื้นที่ศึกษาที่ 17 สนามฟุตบอล
7-31170-001-201/3,มะขามป้อม,Phyllanthus emblica L.,EUPHORBIACEAE,ไม้ต้น,ผลกลมเรียบ มีรสเปรี้ยว รับประทานได้,พื้นที่ศึกษาที่ 17 สนามฟุตบอล
7-31170-001-201/4,มะขามป้อม,Phyllanthus emblica L.,EUPHORBIACEAE,ไม้ต้น,ผลกลมเรียบ มีรสเปรี้ยว รับประทานได้,พื้นที่ศึกษาที่ 17 สนามฟุตบอล
7-31170-001-201/5,มะขามป้อม,Phyllanthus emblica L.,EUPHORBIACEAE,ไม้ต้น,ผลกลมเรียบ มีรสเปรี้ยว รับประทานได้,พื้นที่ศึกษาที่ 17 สนามฟุตบอล
7-31170-001-202/1,หญ้าแฝก,,,,,พื้นที่ศึกษาที่ 2 ทิศเหนือศูนย์สิ่งแวดล้อม
7-31170-001-202/2,หญ้าแฝก,,,,,พื้นที่ศึกษาที่ 2 ทิศเหนือศูนย์สิ่งแวดล้อม
7-31170-001-202/3,หญ้าแฝก,,,,,พื้นที่ศึกษาที่ 2 ทิศเหนือศูนย์สิ่งแวดล้อม
7-31170-001-204/1,เลียบ,,,ไม้ต้น,,พื้นที่ศึกษาที่ 16 หอประชุม
7-31170-001-204/2,เลียบ,,,ไม้ต้น,,พื้นที่ศึกษาที่ 16 หอประชุม
7-31170-001-205/1,รวงผึ้ง,,,ไม้ต้น,,พื้นที่ศึกษาที่ 17 สนามฟุตบอล
7-31170-001-205/2,รวงผึ้ง,,,ไม้ต้น,,พื้นที่ศึกษาที่ 16 หอประชุม
7-31170-001-205/3,รวงผึ้ง,,,ไม้ต้น,,พื้นที่ศึกษาที่ 16 หอประชุม
